[
    {
        "rcept_no": "20250515002790",
        "reprt_code": "11011",
        "bsns_year": "2024",
        "corp_code": "00103006",
        "stock_code": "002240",
        "fs_div": "CFS",
        "fs_nm": "연결재무제표",
        "sj_div": "IS",
        "sj_nm": "손익계산서",
        "account_nm": "매출액",
        "thstrm_nm": "제 67 기",
        "thstrm_dt": "2024.01.01 ~ 2024.12.31",
        "thstrm_amount": "1,739,609,163,820",
        "frmtrm_nm": "제 66 기",
        "frmtrm_dt": "2023.01.01 ~ 2023.12.31",
        "frmtrm_amount": "1,788,877,688,439",
        "bfefrmtrm_nm": "제 65 기",
        "bfefrmtrm_dt": "2022.01.01 ~ 2022.12.31",
        "bfefrmtrm_amount": "2,072,550,223,138",
        "ord": "23",
        "currency": "KRW"
    },
    {
        "rcept_no": "20250515002790",
        "reprt_code": "11011",
        "bsns_year": "2024",
        "corp_code": "00103006",
        "stock_code": "002240",
        "fs_div": "CFS",
        "fs_nm": "연결재무제표",
        "sj_div": "IS",
        "sj_nm": "손익계산서",
        "account_nm": "영업이익",
        "thstrm_nm": "제 67 기",
        "thstrm_dt": "2024.01.01 ~ 2024.12.31",
        "thstrm_amount": "26,107,109,844",
        "frmtrm_nm": "제 66 기",
        "frmtrm_dt": "2023.01.01 ~ 2023.12.31",
        "frmtrm_amount": "56,316,856,694",
        "bfefrmtrm_nm": "제 65 기",
        "bfefrmtrm_dt": "2022.01.01 ~ 2022.12.31",
        "bfefrmtrm_amount": "133,503,465,388",
        "ord": "25",
        "currency": "KRW"
    },
    {
        "rcept_no": "20250515002790",
        "reprt_code": "11011",
        "bsns_year": "2024",
        "corp_code": "00103006",
        "stock_code": "002240",
        "fs_div": "CFS",
        "fs_nm": "연결재무제표",
        "sj_div": "IS",
        "sj_nm": "손익계산서",
        "account_nm": "법인세차감전 순이익",
        "thstrm_nm": "제 67 기",
        "thstrm_dt": "2024.01.01 ~ 2024.12.31",
        "thstrm_amount": "47,857,884,287",
        "frmtrm_nm": "제 66 기",
        "frmtrm_dt": "2023.01.01 ~ 2023.12.31",
        "frmtrm_amount": "84,953,712,146",
        "bfefrmtrm_nm": "제 65 기",
        "bfefrmtrm_dt": "2022.01.01 ~ 2022.12.31",
        "bfefrmtrm_amount": "112,085,847,739",
        "ord": "27",
        "currency": "KRW"
    },
    {
        "rcept_no": "20250515002790",
        "reprt_code": "11011",
        "bsns_year": "2024",
        "corp_code": "00103006",
        "stock_code": "002240",
        "fs_div": "CFS",
        "fs_nm": "연결재무제표",
        "sj_div": "IS",
        "sj_nm": "손익계산서",
        "account_nm": "당기순이익",
        "thstrm_nm": "제 67 기",
        "thstrm_dt": "2024.01.01 ~ 2024.12.31",
        "thstrm_amount": "32,914,628,918",
        "frmtrm_nm": "제 66 기",
        "frmtrm_dt": "2023.01.01 ~ 2023.12.31",
        "frmtrm_amount": "64,526,770,048",
        "bfefrmtrm_nm": "제 65 기",
        "bfefrmtrm_dt": "2022.01.01 ~ 2022.12.31",
        "bfefrmtrm_amount": "92,322,769,549",
        "ord": "29",
        "currency": "KRW"
    },
    {
        "rcept_no": "20250515002790",
        "reprt_code": "11011",
        "bsns_year": "2024",
        "corp_code": "00103006",
        "stock_code": "002240",
        "fs_div": "CFS",
        "fs_nm": "연결재무제표",
        "sj_div": "IS",
        "sj_nm": "손익계산서",
        "account_nm": "당기순이익(손실)",
        "thstrm_nm": "제 67 기",
        "thstrm_dt": "2024.01.01 ~ 2024.12.31",
        "thstrm_amount": "32,914,628,918",
        "frmtrm_nm": "제 66 기",
        "frmtrm_dt": "2023.01.01 ~ 2023.12.31",
        "frmtrm_amount": "64,526,770,048",
        "bfefrmtrm_nm": "제 65 기",
        "bfefrmtrm_dt": "2022.01.01 ~ 2022.12.31",
        "bfefrmtrm_amount": "92,322,769,549",
        "ord": "61",
        "currency": "KRW"
    },
    {
        "rcept_no": "20250515002790",
        "reprt_code": "11011",
        "bsns_year": "2024",
        "corp_code": "00103006",
        "stock_code": "002240",
        "fs_div": "CFS",
        "fs_nm": "연결재무제표",
        "sj_div": "IS",
        "sj_nm": "손익계산서",
        "account_nm": "총포괄손익",
        "thstrm_nm": "제 67 기",
        "thstrm_dt": "2024.01.01 ~ 2024.12.31",
        "thstrm_amount": "131,194,627,034",
        "frmtrm_nm": "제 66 기",
        "frmtrm_dt": "2023.01.01 ~ 2023.12.31",
        "frmtrm_amount": "76,562,247,041",
        "bfefrmtrm_nm": "제 65 기",
        "bfefrmtrm_dt": "2022.01.01 ~ 2022.12.31",
        "bfefrmtrm_amount": "95,470,987,086",
        "ord": "63",
        "currency": "KRW"
    },
    {
        "rcept_no": "20250515002790",
        "reprt_code": "11011",
        "bsns_year": "2024",
        "corp_code": "00103006",
        "stock_code": "002240",
        "fs_div": "OFS",
        "fs_nm": "재무제표",
        "sj_div": "IS",
        "sj_nm": "손익계산서",
        "account_nm": "매출액",
        "thstrm_nm": "제 67 기",
        "thstrm_dt": "2024.01.01 ~ 2024.12.31",
        "thstrm_amount": "540,278,817,185",
        "frmtrm_nm": "제 66 기",
        "frmtrm_dt": "2023.01.01 ~ 2023.12.31",
        "frmtrm_amount": "516,985,557,167",
        "bfefrmtrm_nm": "제 65 기",
        "bfefrmtrm_dt": "2022.01.01 ~ 2022.12.31",
        "bfefrmtrm_amount": "559,167,199,666",
        "ord": "24",
        "currency": "KRW"
    },
    {
        "rcept_no": "20250515002790",
        "reprt_code": "11011",
        "bsns_year": "2024",
        "corp_code": "00103006",
        "stock_code": "002240",
        "fs_div": "OFS",
        "fs_nm": "재무제표",
        "sj_div": "IS",
        "sj_nm": "손익계산서",
        "account_nm": "영업이익",
        "thstrm_nm": "제 67 기",
        "thstrm_dt": "2024.01.01 ~ 2024.12.31",
        "thstrm_amount": "42,190,993,433",
        "frmtrm_nm": "제 66 기",
        "frmtrm_dt": "2023.01.01 ~ 2023.12.31",
        "frmtrm_amount": "45,764,077,929",
        "bfefrmtrm_nm": "제 65 기",
        "bfefrmtrm_dt": "2022.01.01 ~ 2022.12.31",
        "bfefrmtrm_amount": "43,001,257,314",
        "ord": "26",
        "currency": "KRW"
    },
    {
        "rcept_no": "20250515002790",
        "reprt_code": "11011",
        "bsns_year": "2024",
        "corp_code": "00103006",
        "stock_code": "002240",
        "fs_div": "OFS",
        "fs_nm": "재무제표",
        "sj_div": "IS",
        "sj_nm": "손익계산서",
        "account_nm": "법인세차감전 순이익",
        "thstrm_nm": "제 67 기",
        "thstrm_dt": "2024.01.01 ~ 2024.12.31",
        "thstrm_amount": "62,603,697,953",
        "frmtrm_nm": "제 66 기",
        "frmtrm_dt": "2023.01.01 ~ 2023.12.31",
        "frmtrm_amount": "61,916,955,727",
        "bfefrmtrm_nm": "제 65 기",
        "bfefrmtrm_dt": "2022.01.01 ~ 2022.12.31",
        "bfefrmtrm_amount": "60,233,515,302",
        "ord": "28",
        "currency": "KRW"
    },
    {
        "rcept_no": "20250515002790",
        "reprt_code": "11011",
        "bsns_year": "2024",
        "corp_code": "00103006",
        "stock_code": "002240",
        "fs_div": "OFS",
        "fs_nm": "재무제표",
        "sj_div": "IS",
        "sj_nm": "손익계산서",
        "account_nm": "당기순이익",
        "thstrm_nm": "제 67 기",
        "thstrm_dt": "2024.01.01 ~ 2024.12.31",
        "thstrm_amount": "49,927,198,466",
        "frmtrm_nm": "제 66 기",
        "frmtrm_dt": "2023.01.01 ~ 2023.12.31",
        "frmtrm_amount": "51,705,119,565",
        "bfefrmtrm_nm": "제 65 기",
        "bfefrmtrm_dt": "2022.01.01 ~ 2022.12.31",
        "bfefrmtrm_amount": "45,128,787,837",
        "ord": "30",
        "currency": "KRW"
    },
    {
        "rcept_no": "20250515002790",
        "reprt_code": "11011",
        "bsns_year": "2024",
        "corp_code": "00103006",
        "stock_code": "002240",
        "fs_div": "OFS",
        "fs_nm": "재무제표",
        "sj_div": "IS",
        "sj_nm": "손익계산서",
        "account_nm": "당기순이익(손실)",
        "thstrm_nm": "제 67 기",
        "thstrm_dt": "2024.01.01 ~ 2024.12.31",
        "thstrm_amount": "49,927,198,466",
        "frmtrm_nm": "제 66 기",
        "frmtrm_dt": "2023.01.01 ~ 2023.12.31",
        "frmtrm_amount": "51,705,119,565",
        "bfefrmtrm_nm": "제 65 기",
        "bfefrmtrm_dt": "2022.01.01 ~ 2022.12.31",
        "bfefrmtrm_amount": "45,128,787,837",
        "ord": "62",
        "currency": "KRW"
    },
    {
        "rcept_no": "20250515002790",
        "reprt_code": "11011",
        "bsns_year": "2024",
        "corp_code": "00103006",
        "stock_code": "002240",
        "fs_div": "OFS",
        "fs_nm": "재무제표",
        "sj_div": "IS",
        "sj_nm": "손익계산서",
        "account_nm": "총포괄손익",
        "thstrm_nm": "제 67 기",
        "thstrm_dt": "2024.01.01 ~ 2024.12.31",
        "thstrm_amount": "45,040,601,358",
        "frmtrm_nm": "제 66 기",
        "frmtrm_dt": "2023.01.01 ~ 2023.12.31",
        "frmtrm_amount": "49,638,460,021",
        "bfefrmtrm_nm": "제 65 기",
        "bfefrmtrm_dt": "2022.01.01 ~ 2022.12.31",
        "bfefrmtrm_amount": "47,627,940,778",
        "ord": "64",
        "currency": "KRW"
    }
]