[
    {
        "rcept_no": "20240321001689",
        "reprt_code": "11011",
        "bsns_year": "2023",
        "corp_code": "00103006",
        "stock_code": "002240",
        "fs_div": "CFS",
        "fs_nm": "연결재무제표",
        "sj_div": "BS",
        "sj_nm": "재무상태표",
        "account_nm": "유동자산",
        "thstrm_nm": "제 66 기",
        "thstrm_dt": "2023.12.31 현재",
        "thstrm_amount": "1,075,549,770,909",
        "frmtrm_nm": "제 65 기",
        "frmtrm_dt": "2022.12.31 현재",
        "frmtrm_amount": "1,153,075,088,455",
        "bfefrmtrm_nm": "제 64 기",
        "bfefrmtrm_dt": "2021.12.31 현재",
        "bfefrmtrm_amount": "1,077,770,577,004",
        "ord": "1",
        "currency": "KRW"
    },
    {
        "rcept_no": "20240321001689",
        "reprt_code": "11011",
        "bsns_year": "2023",
        "corp_code": "00103006",
        "stock_code": "002240",
        "fs_div": "CFS",
        "fs_nm": "연결재무제표",
        "sj_div": "BS",
        "sj_nm": "재무상태표",
        "account_nm": "비유동자산",
        "thstrm_nm": "제 66 기",
        "thstrm_dt": "2023.12.31 현재",
        "thstrm_amount": "1,375,730,873,333",
        "frmtrm_nm": "제 65 기",
        "frmtrm_dt": "2022.12.31 현재",
        "frmtrm_amount": "1,379,693,309,800",
        "bfefrmtrm_nm": "제 64 기",
        "bfefrmtrm_dt": "2021.12.31 현재",
        "bfefrmtrm_amount": "1,396,501,790,561",
        "ord": "3",
        "currency": "KRW"
    },
    {
        "rcept_no": "20240321001689",
        "reprt_code": "11011",
        "bsns_year": "2023",
        "corp_code": "00103006",
        "stock_code": "002240",
        "fs_div": "CFS",
        "fs_nm": "연결재무제표",
        "sj_div": "BS",
        "sj_nm": "재무상태표",
        "account_nm": "자산총계",
        "thstrm_nm": "제 66 기",
        "thstrm_dt": "2023.12.31 현재",
        "thstrm_amount": "2,451,280,644,242",
        "frmtrm_nm": "제 65 기",
        "frmtrm_dt": "2022.12.31 현재",
        "frmtrm_amount": "2,532,768,398,255",
        "bfefrmtrm_nm": "제 64 기",
        "bfefrmtrm_dt": "2021.12.31 현재",
        "bfefrmtrm_amount": "2,474,272,367,565",
        "ord": "5",
        "currency": "KRW"
    },
    {
        "rcept_no": "20240321001689",
        "reprt_code": "11011",
        "bsns_year": "2023",
        "corp_code": "00103006",
        "stock_code": "002240",
        "fs_div": "CFS",
        "fs_nm": "연결재무제표",
        "sj_div": "BS",
        "sj_nm": "재무상태표",
        "account_nm": "유동부채",
        "thstrm_nm": "제 66 기",
        "thstrm_dt": "2023.12.31 현재",
        "thstrm_amount": "446,167,186,304",
        "frmtrm_nm": "제 65 기",
        "frmtrm_dt": "2022.12.31 현재",
        "frmtrm_amount": "561,483,968,404",
        "bfefrmtrm_nm": "제 64 기",
        "bfefrmtrm_dt": "2021.12.31 현재",
        "bfefrmtrm_amount": "601,225,850,753",
        "ord": "7",
        "currency": "KRW"
    },
    {
        "rcept_no": "20240321001689",
        "reprt_code": "11011",
        "bsns_year": "2023",
        "corp_code": "00103006",
        "stock_code": "002240",
        "fs_div": "CFS",
        "fs_nm": "연결재무제표",
        "sj_div": "BS",
        "sj_nm": "재무상태표",
        "account_nm": "비유동부채",
        "thstrm_nm": "제 66 기",
        "thstrm_dt": "2023.12.31 현재",
        "thstrm_amount": "209,902,777,360",
        "frmtrm_nm": "제 65 기",
        "frmtrm_dt": "2022.12.31 현재",
        "frmtrm_amount": "243,762,271,162",
        "bfefrmtrm_nm": "제 64 기",
        "bfefrmtrm_dt": "2021.12.31 현재",
        "bfefrmtrm_amount": "234,936,612,186",
        "ord": "9",
        "currency": "KRW"
    },
    {
        "rcept_no": "20240321001689",
        "reprt_code": "11011",
        "bsns_year": "2023",
        "corp_code": "00103006",
        "stock_code": "002240",
        "fs_div": "CFS",
        "fs_nm": "연결재무제표",
        "sj_div": "BS",
        "sj_nm": "재무상태표",
        "account_nm": "부채총계",
        "thstrm_nm": "제 66 기",
        "thstrm_dt": "2023.12.31 현재",
        "thstrm_amount": "656,069,963,664",
        "frmtrm_nm": "제 65 기",
        "frmtrm_dt": "2022.12.31 현재",
        "frmtrm_amount": "805,246,239,566",
        "bfefrmtrm_nm": "제 64 기",
        "bfefrmtrm_dt": "2021.12.31 현재",
        "bfefrmtrm_amount": "836,162,462,939",
        "ord": "11",
        "currency": "KRW"
    },
    {
        "rcept_no": "20240321001689",
        "reprt_code": "11011",
        "bsns_year": "2023",
        "corp_code": "00103006",
        "stock_code": "002240",
        "fs_div": "CFS",
        "fs_nm": "연결재무제표",
        "sj_div": "BS",
        "sj_nm": "재무상태표",
        "account_nm": "자본금",
        "thstrm_nm": "제 66 기",
        "thstrm_dt": "2023.12.31 현재",
        "thstrm_amount": "25,000,000,000",
        "frmtrm_nm": "제 65 기",
        "frmtrm_dt": "2022.12.31 현재",
        "frmtrm_amount": "23,000,000,000",
        "bfefrmtrm_nm": "제 64 기",
        "bfefrmtrm_dt": "2021.12.31 현재",
        "bfefrmtrm_amount": "23,000,000,000",
        "ord": "13",
        "currency": "KRW"
    },
    {
        "rcept_no": "20240321001689",
        "reprt_code": "11011",
        "bsns_year": "2023",
        "corp_code": "00103006",
        "stock_code": "002240",
        "fs_div": "CFS",
        "fs_nm": "연결재무제표",
        "sj_div": "BS",
        "sj_nm": "재무상태표",
        "account_nm": "이익잉여금",
        "thstrm_nm": "제 66 기",
        "thstrm_dt": "2023.12.31 현재",
        "thstrm_amount": "1,626,762,081,656",
        "frmtrm_nm": "제 65 기",
        "frmtrm_dt": "2022.12.31 현재",
        "frmtrm_amount": "1,566,861,244,579",
        "bfefrmtrm_nm": "제 64 기",
        "bfefrmtrm_dt": "2021.12.31 현재",
        "bfefrmtrm_amount": "1,487,242,132,914",
        "ord": "17",
        "currency": "KRW"
    },
    {
        "rcept_no": "20240321001689",
        "reprt_code": "11011",
        "bsns_year": "2023",
        "corp_code": "00103006",
        "stock_code": "002240",
        "fs_div": "CFS",
        "fs_nm": "연결재무제표",
        "sj_div": "BS",
        "sj_nm": "재무상태표",
        "account_nm": "자본총계",
        "thstrm_nm": "제 66 기",
        "thstrm_dt": "2023.12.31 현재",
        "thstrm_amount": "1,795,210,680,578",
        "frmtrm_nm": "제 65 기",
        "frmtrm_dt": "2022.12.31 현재",
        "frmtrm_amount": "1,727,522,158,689",
        "bfefrmtrm_nm": "제 64 기",
        "bfefrmtrm_dt": "2021.12.31 현재",
        "bfefrmtrm_amount": "1,638,109,904,626",
        "ord": "21",
        "currency": "KRW"
    },
    {
        "rcept_no": "20240321001689",
        "reprt_code": "11011",
        "bsns_year": "2023",
        "corp_code": "00103006",
        "stock_code": "002240",
        "fs_div": "OFS",
        "fs_nm": "재무제표",
        "sj_div": "BS",
        "sj_nm": "재무상태표",
        "account_nm": "유동자산",
        "thstrm_nm": "제 66 기",
        "thstrm_dt": "2023.12.31 현재",
        "thstrm_amount": "258,198,894,013",
        "frmtrm_nm": "제 65 기",
        "frmtrm_dt": "2022.12.31 현재",
        "frmtrm_amount": "265,607,732,175",
        "bfefrmtrm_nm": "제 64 기",
        "bfefrmtrm_dt": "2021.12.31 현재",
        "bfefrmtrm_amount": "252,022,544,021",
        "ord": "2",
        "currency": "KRW"
    },
    {
        "rcept_no": "20240321001689",
        "reprt_code": "11011",
        "bsns_year": "2023",
        "corp_code": "00103006",
        "stock_code": "002240",
        "fs_div": "OFS",
        "fs_nm": "재무제표",
        "sj_div": "BS",
        "sj_nm": "재무상태표",
        "account_nm": "비유동자산",
        "thstrm_nm": "제 66 기",
        "thstrm_dt": "2023.12.31 현재",
        "thstrm_amount": "1,153,610,243,576",
        "frmtrm_nm": "제 65 기",
        "frmtrm_dt": "2022.12.31 현재",
        "frmtrm_amount": "1,161,252,558,438",
        "bfefrmtrm_nm": "제 64 기",
        "bfefrmtrm_dt": "2021.12.31 현재",
        "bfefrmtrm_amount": "1,146,307,297,988",
        "ord": "4",
        "currency": "KRW"
    },
    {
        "rcept_no": "20240321001689",
        "reprt_code": "11011",
        "bsns_year": "2023",
        "corp_code": "00103006",
        "stock_code": "002240",
        "fs_div": "OFS",
        "fs_nm": "재무제표",
        "sj_div": "BS",
        "sj_nm": "재무상태표",
        "account_nm": "자산총계",
        "thstrm_nm": "제 66 기",
        "thstrm_dt": "2023.12.31 현재",
        "thstrm_amount": "1,411,809,137,589",
        "frmtrm_nm": "제 65 기",
        "frmtrm_dt": "2022.12.31 현재",
        "frmtrm_amount": "1,426,860,290,613",
        "bfefrmtrm_nm": "제 64 기",
        "bfefrmtrm_dt": "2021.12.31 현재",
        "bfefrmtrm_amount": "1,398,329,842,009",
        "ord": "6",
        "currency": "KRW"
    },
    {
        "rcept_no": "20240321001689",
        "reprt_code": "11011",
        "bsns_year": "2023",
        "corp_code": "00103006",
        "stock_code": "002240",
        "fs_div": "OFS",
        "fs_nm": "재무제표",
        "sj_div": "BS",
        "sj_nm": "재무상태표",
        "account_nm": "유동부채",
        "thstrm_nm": "제 66 기",
        "thstrm_dt": "2023.12.31 현재",
        "thstrm_amount": "99,374,513,190",
        "frmtrm_nm": "제 65 기",
        "frmtrm_dt": "2022.12.31 현재",
        "frmtrm_amount": "152,523,012,662",
        "bfefrmtrm_nm": "제 64 기",
        "bfefrmtrm_dt": "2021.12.31 현재",
        "bfefrmtrm_amount": "168,021,951,986",
        "ord": "8",
        "currency": "KRW"
    },
    {
        "rcept_no": "20240321001689",
        "reprt_code": "11011",
        "bsns_year": "2023",
        "corp_code": "00103006",
        "stock_code": "002240",
        "fs_div": "OFS",
        "fs_nm": "재무제표",
        "sj_div": "BS",
        "sj_nm": "재무상태표",
        "account_nm": "비유동부채",
        "thstrm_nm": "제 66 기",
        "thstrm_dt": "2023.12.31 현재",
        "thstrm_amount": "86,489,637,162",
        "frmtrm_nm": "제 65 기",
        "frmtrm_dt": "2022.12.31 현재",
        "frmtrm_amount": "91,047,803,098",
        "bfefrmtrm_nm": "제 64 기",
        "bfefrmtrm_dt": "2021.12.31 현재",
        "bfefrmtrm_amount": "87,748,747,848",
        "ord": "10",
        "currency": "KRW"
    },
    {
        "rcept_no": "20240321001689",
        "reprt_code": "11011",
        "bsns_year": "2023",
        "corp_code": "00103006",
        "stock_code": "002240",
        "fs_div": "OFS",
        "fs_nm": "재무제표",
        "sj_div": "BS",
        "sj_nm": "재무상태표",
        "account_nm": "부채총계",
        "thstrm_nm": "제 66 기",
        "thstrm_dt": "2023.12.31 현재",
        "thstrm_amount": "185,864,150,352",
        "frmtrm_nm": "제 65 기",
        "frmtrm_dt": "2022.12.31 현재",
        "frmtrm_amount": "243,570,815,760",
        "bfefrmtrm_nm": "제 64 기",
        "bfefrmtrm_dt": "2021.12.31 현재",
        "bfefrmtrm_amount": "255,770,699,834",
        "ord": "12",
        "currency": "KRW"
    },
    {
        "rcept_no": "20240321001689",
        "reprt_code": "11011",
        "bsns_year": "2023",
        "corp_code": "00103006",
        "stock_code": "002240",
        "fs_div": "OFS",
        "fs_nm": "재무제표",
        "sj_div": "BS",
        "sj_nm": "재무상태표",
        "account_nm": "자본금",
        "thstrm_nm": "제 66 기",
        "thstrm_dt": "2023.12.31 현재",
        "thstrm_amount": "25,000,000,000",
        "frmtrm_nm": "제 65 기",
        "frmtrm_dt": "2022.12.31 현재",
        "frmtrm_amount": "23,000,000,000",
        "bfefrmtrm_nm": "제 64 기",
        "bfefrmtrm_dt": "2021.12.31 현재",
        "bfefrmtrm_amount": "23,000,000,000",
        "ord": "15",
        "currency": "KRW"
    },
    {
        "rcept_no": "20240321001689",
        "reprt_code": "11011",
        "bsns_year": "2023",
        "corp_code": "00103006",
        "stock_code": "002240",
        "fs_div": "OFS",
        "fs_nm": "재무제표",
        "sj_div": "BS",
        "sj_nm": "재무상태표",
        "account_nm": "이익잉여금",
        "thstrm_nm": "제 66 기",
        "thstrm_dt": "2023.12.31 현재",
        "thstrm_amount": "1,193,053,460,513",
        "frmtrm_nm": "제 65 기",
        "frmtrm_dt": "2022.12.31 현재",
        "frmtrm_amount": "1,150,132,906,686",
        "bfefrmtrm_nm": "제 64 기",
        "bfefrmtrm_dt": "2021.12.31 현재",
        "bfefrmtrm_amount": "1,108,771,297,817",
        "ord": "19",
        "currency": "KRW"
    },
    {
        "rcept_no": "20240321001689",
        "reprt_code": "11011",
        "bsns_year": "2023",
        "corp_code": "00103006",
        "stock_code": "002240",
        "fs_div": "OFS",
        "fs_nm": "재무제표",
        "sj_div": "BS",
        "sj_nm": "재무상태표",
        "account_nm": "자본총계",
        "thstrm_nm": "제 66 기",
        "thstrm_dt": "2023.12.31 현재",
        "thstrm_amount": "1,225,944,987,237",
        "frmtrm_nm": "제 65 기",
        "frmtrm_dt": "2022.12.31 현재",
        "frmtrm_amount": "1,183,289,474,853",
        "bfefrmtrm_nm": "제 64 기",
        "bfefrmtrm_dt": "2021.12.31 현재",
        "bfefrmtrm_amount": "1,142,559,142,175",
        "ord": "22",
        "currency": "KRW"
    }
]