[
    {
        "rcept_no": "20230316001326",
        "reprt_code": "11011",
        "bsns_year": "2022",
        "corp_code": "00103006",
        "stock_code": "002240",
        "fs_div": "CFS",
        "fs_nm": "연결재무제표",
        "sj_div": "IS",
        "sj_nm": "손익계산서",
        "account_nm": "매출액",
        "thstrm_nm": "제 65 기",
        "thstrm_dt": "2022.01.01 ~ 2022.12.31",
        "thstrm_amount": "2,072,550,223,138",
        "frmtrm_nm": "제 64 기",
        "frmtrm_dt": "2021.01.01 ~ 2021.12.31",
        "frmtrm_amount": "1,691,354,877,090",
        "bfefrmtrm_nm": "제 63 기",
        "bfefrmtrm_dt": "2020.01.01 ~ 2020.12.31",
        "bfefrmtrm_amount": "1,397,372,009,900",
        "ord": "23",
        "currency": "KRW"
    },
    {
        "rcept_no": "20230316001326",
        "reprt_code": "11011",
        "bsns_year": "2022",
        "corp_code": "00103006",
        "stock_code": "002240",
        "fs_div": "CFS",
        "fs_nm": "연결재무제표",
        "sj_div": "IS",
        "sj_nm": "손익계산서",
        "account_nm": "영업이익",
        "thstrm_nm": "제 65 기",
        "thstrm_dt": "2022.01.01 ~ 2022.12.31",
        "thstrm_amount": "133,503,465,388",
        "frmtrm_nm": "제 64 기",
        "frmtrm_dt": "2021.01.01 ~ 2021.12.31",
        "frmtrm_amount": "98,526,648,327",
        "bfefrmtrm_nm": "제 63 기",
        "bfefrmtrm_dt": "2020.01.01 ~ 2020.12.31",
        "bfefrmtrm_amount": "9,831,441,983",
        "ord": "25",
        "currency": "KRW"
    },
    {
        "rcept_no": "20230316001326",
        "reprt_code": "11011",
        "bsns_year": "2022",
        "corp_code": "00103006",
        "stock_code": "002240",
        "fs_div": "CFS",
        "fs_nm": "연결재무제표",
        "sj_div": "IS",
        "sj_nm": "손익계산서",
        "account_nm": "법인세차감전 순이익",
        "thstrm_nm": "제 65 기",
        "thstrm_dt": "2022.01.01 ~ 2022.12.31",
        "thstrm_amount": "112,085,847,739",
        "frmtrm_nm": "제 64 기",
        "frmtrm_dt": "2021.01.01 ~ 2021.12.31",
        "frmtrm_amount": "160,655,923,087",
        "bfefrmtrm_nm": "제 63 기",
        "bfefrmtrm_dt": "2020.01.01 ~ 2020.12.31",
        "bfefrmtrm_amount": "12,425,537,088",
        "ord": "27",
        "currency": "KRW"
    },
    {
        "rcept_no": "20230316001326",
        "reprt_code": "11011",
        "bsns_year": "2022",
        "corp_code": "00103006",
        "stock_code": "002240",
        "fs_div": "CFS",
        "fs_nm": "연결재무제표",
        "sj_div": "IS",
        "sj_nm": "손익계산서",
        "account_nm": "당기순이익",
        "thstrm_nm": "제 65 기",
        "thstrm_dt": "2022.01.01 ~ 2022.12.31",
        "thstrm_amount": "92,322,769,549",
        "frmtrm_nm": "제 64 기",
        "frmtrm_dt": "2021.01.01 ~ 2021.12.31",
        "frmtrm_amount": "133,312,251,875",
        "bfefrmtrm_nm": "제 63 기",
        "bfefrmtrm_dt": "2020.01.01 ~ 2020.12.31",
        "bfefrmtrm_amount": "2,725,914,319",
        "ord": "29",
        "currency": "KRW"
    },
    {
        "rcept_no": "20230316001326",
        "reprt_code": "11011",
        "bsns_year": "2022",
        "corp_code": "00103006",
        "stock_code": "002240",
        "fs_div": "CFS",
        "fs_nm": "연결재무제표",
        "sj_div": "IS",
        "sj_nm": "손익계산서",
        "account_nm": "당기순이익(손실)",
        "thstrm_nm": "제 65 기",
        "thstrm_dt": "2022.01.01 ~ 2022.12.31",
        "thstrm_amount": "92,322,769,549",
        "frmtrm_nm": "제 64 기",
        "frmtrm_dt": "2021.01.01 ~ 2021.12.31",
        "frmtrm_amount": "133,312,251,875",
        "bfefrmtrm_nm": "제 63 기",
        "bfefrmtrm_dt": "2020.01.01 ~ 2020.12.31",
        "bfefrmtrm_amount": "2,725,914,319",
        "ord": "61",
        "currency": "KRW"
    },
    {
        "rcept_no": "20230316001326",
        "reprt_code": "11011",
        "bsns_year": "2022",
        "corp_code": "00103006",
        "stock_code": "002240",
        "fs_div": "OFS",
        "fs_nm": "재무제표",
        "sj_div": "IS",
        "sj_nm": "손익계산서",
        "account_nm": "매출액",
        "thstrm_nm": "제 65 기",
        "thstrm_dt": "2022.01.01 ~ 2022.12.31",
        "thstrm_amount": "559,167,199,666",
        "frmtrm_nm": "제 64 기",
        "frmtrm_dt": "2021.01.01 ~ 2021.12.31",
        "frmtrm_amount": "496,814,840,485",
        "bfefrmtrm_nm": "제 63 기",
        "bfefrmtrm_dt": "2020.01.01 ~ 2020.12.31",
        "bfefrmtrm_amount": "437,062,776,642",
        "ord": "24",
        "currency": "KRW"
    },
    {
        "rcept_no": "20230316001326",
        "reprt_code": "11011",
        "bsns_year": "2022",
        "corp_code": "00103006",
        "stock_code": "002240",
        "fs_div": "OFS",
        "fs_nm": "재무제표",
        "sj_div": "IS",
        "sj_nm": "손익계산서",
        "account_nm": "영업이익",
        "thstrm_nm": "제 65 기",
        "thstrm_dt": "2022.01.01 ~ 2022.12.31",
        "thstrm_amount": "43,001,257,314",
        "frmtrm_nm": "제 64 기",
        "frmtrm_dt": "2021.01.01 ~ 2021.12.31",
        "frmtrm_amount": "36,735,973,170",
        "bfefrmtrm_nm": "제 63 기",
        "bfefrmtrm_dt": "2020.01.01 ~ 2020.12.31",
        "bfefrmtrm_amount": "28,478,929,232",
        "ord": "26",
        "currency": "KRW"
    },
    {
        "rcept_no": "20230316001326",
        "reprt_code": "11011",
        "bsns_year": "2022",
        "corp_code": "00103006",
        "stock_code": "002240",
        "fs_div": "OFS",
        "fs_nm": "재무제표",
        "sj_div": "IS",
        "sj_nm": "손익계산서",
        "account_nm": "법인세차감전 순이익",
        "thstrm_nm": "제 65 기",
        "thstrm_dt": "2022.01.01 ~ 2022.12.31",
        "thstrm_amount": "60,233,515,302",
        "frmtrm_nm": "제 64 기",
        "frmtrm_dt": "2021.01.01 ~ 2021.12.31",
        "frmtrm_amount": "58,220,498,903",
        "bfefrmtrm_nm": "제 63 기",
        "bfefrmtrm_dt": "2020.01.01 ~ 2020.12.31",
        "bfefrmtrm_amount": "20,806,231,959",
        "ord": "28",
        "currency": "KRW"
    },
    {
        "rcept_no": "20230316001326",
        "reprt_code": "11011",
        "bsns_year": "2022",
        "corp_code": "00103006",
        "stock_code": "002240",
        "fs_div": "OFS",
        "fs_nm": "재무제표",
        "sj_div": "IS",
        "sj_nm": "손익계산서",
        "account_nm": "당기순이익",
        "thstrm_nm": "제 65 기",
        "thstrm_dt": "2022.01.01 ~ 2022.12.31",
        "thstrm_amount": "45,128,787,837",
        "frmtrm_nm": "제 64 기",
        "frmtrm_dt": "2021.01.01 ~ 2021.12.31",
        "frmtrm_amount": "43,956,830,202",
        "bfefrmtrm_nm": "제 63 기",
        "bfefrmtrm_dt": "2020.01.01 ~ 2020.12.31",
        "bfefrmtrm_amount": "11,727,397,352",
        "ord": "30",
        "currency": "KRW"
    },
    {
        "rcept_no": "20230316001326",
        "reprt_code": "11011",
        "bsns_year": "2022",
        "corp_code": "00103006",
        "stock_code": "002240",
        "fs_div": "OFS",
        "fs_nm": "재무제표",
        "sj_div": "IS",
        "sj_nm": "손익계산서",
        "account_nm": "당기순이익(손실)",
        "thstrm_nm": "제 65 기",
        "thstrm_dt": "2022.01.01 ~ 2022.12.31",
        "thstrm_amount": "45,128,787,837",
        "frmtrm_nm": "제 64 기",
        "frmtrm_dt": "2021.01.01 ~ 2021.12.31",
        "frmtrm_amount": "43,956,830,202",
        "bfefrmtrm_nm": "제 63 기",
        "bfefrmtrm_dt": "2020.01.01 ~ 2020.12.31",
        "bfefrmtrm_amount": "11,727,397,352",
        "ord": "62",
        "currency": "KRW"
    }
]