{
    "2024": {
        "EPS": 49.93,
        "BPS": 1262.24,
        "ROE(%)": 3.96,
        "ROA(%)": 3.46,
        "부채비율(%)": 14.27,
        "유동비율(%)": 313.63,
        "영업이익률(%)": 7.81,
        "순이익률(%)": 9.24
    },
    "2023": {
        "EPS": 51.71,
        "BPS": 1225.94,
        "ROE(%)": 4.22,
        "ROA(%)": 3.66,
        "부채비율(%)": 15.16,
        "유동비율(%)": 259.82,
        "영업이익률(%)": 8.85,
        "순이익률(%)": 10.0
    },
    "2022": {
        "EPS": 45.13,
        "BPS": 1183.29,
        "ROE(%)": 3.81,
        "ROA(%)": 3.16,
        "부채비율(%)": 20.58,
        "유동비율(%)": 174.14,
        "영업이익률(%)": 7.69,
        "순이익률(%)": 8.07
    }
}