[
    {
        "rcept_no": "20240321001689",
        "reprt_code": "11011",
        "bsns_year": "2023",
        "corp_code": "00103006",
        "stock_code": "002240",
        "fs_div": "CFS",
        "fs_nm": "연결재무제표",
        "sj_div": "IS",
        "sj_nm": "손익계산서",
        "account_nm": "매출액",
        "thstrm_nm": "제 66 기",
        "thstrm_dt": "2023.01.01 ~ 2023.12.31",
        "thstrm_amount": "1,788,877,688,439",
        "frmtrm_nm": "제 65 기",
        "frmtrm_dt": "2022.01.01 ~ 2022.12.31",
        "frmtrm_amount": "2,072,550,223,138",
        "bfefrmtrm_nm": "제 64 기",
        "bfefrmtrm_dt": "2021.01.01 ~ 2021.12.31",
        "bfefrmtrm_amount": "1,691,354,877,090",
        "ord": "23",
        "currency": "KRW"
    },
    {
        "rcept_no": "20240321001689",
        "reprt_code": "11011",
        "bsns_year": "2023",
        "corp_code": "00103006",
        "stock_code": "002240",
        "fs_div": "CFS",
        "fs_nm": "연결재무제표",
        "sj_div": "IS",
        "sj_nm": "손익계산서",
        "account_nm": "영업이익",
        "thstrm_nm": "제 66 기",
        "thstrm_dt": "2023.01.01 ~ 2023.12.31",
        "thstrm_amount": "56,316,856,694",
        "frmtrm_nm": "제 65 기",
        "frmtrm_dt": "2022.01.01 ~ 2022.12.31",
        "frmtrm_amount": "133,503,465,388",
        "bfefrmtrm_nm": "제 64 기",
        "bfefrmtrm_dt": "2021.01.01 ~ 2021.12.31",
        "bfefrmtrm_amount": "98,526,648,327",
        "ord": "25",
        "currency": "KRW"
    },
    {
        "rcept_no": "20240321001689",
        "reprt_code": "11011",
        "bsns_year": "2023",
        "corp_code": "00103006",
        "stock_code": "002240",
        "fs_div": "CFS",
        "fs_nm": "연결재무제표",
        "sj_div": "IS",
        "sj_nm": "손익계산서",
        "account_nm": "법인세차감전 순이익",
        "thstrm_nm": "제 66 기",
        "thstrm_dt": "2023.01.01 ~ 2023.12.31",
        "thstrm_amount": "84,953,712,146",
        "frmtrm_nm": "제 65 기",
        "frmtrm_dt": "2022.01.01 ~ 2022.12.31",
        "frmtrm_amount": "112,085,847,739",
        "bfefrmtrm_nm": "제 64 기",
        "bfefrmtrm_dt": "2021.01.01 ~ 2021.12.31",
        "bfefrmtrm_amount": "160,655,923,087",
        "ord": "27",
        "currency": "KRW"
    },
    {
        "rcept_no": "20240321001689",
        "reprt_code": "11011",
        "bsns_year": "2023",
        "corp_code": "00103006",
        "stock_code": "002240",
        "fs_div": "CFS",
        "fs_nm": "연결재무제표",
        "sj_div": "IS",
        "sj_nm": "손익계산서",
        "account_nm": "당기순이익",
        "thstrm_nm": "제 66 기",
        "thstrm_dt": "2023.01.01 ~ 2023.12.31",
        "thstrm_amount": "64,526,770,048",
        "frmtrm_nm": "제 65 기",
        "frmtrm_dt": "2022.01.01 ~ 2022.12.31",
        "frmtrm_amount": "92,322,769,549",
        "bfefrmtrm_nm": "제 64 기",
        "bfefrmtrm_dt": "2021.01.01 ~ 2021.12.31",
        "bfefrmtrm_amount": "133,312,251,875",
        "ord": "29",
        "currency": "KRW"
    },
    {
        "rcept_no": "20240321001689",
        "reprt_code": "11011",
        "bsns_year": "2023",
        "corp_code": "00103006",
        "stock_code": "002240",
        "fs_div": "CFS",
        "fs_nm": "연결재무제표",
        "sj_div": "IS",
        "sj_nm": "손익계산서",
        "account_nm": "당기순이익(손실)",
        "thstrm_nm": "제 66 기",
        "thstrm_dt": "2023.01.01 ~ 2023.12.31",
        "thstrm_amount": "64,526,770,048",
        "frmtrm_nm": "제 65 기",
        "frmtrm_dt": "2022.01.01 ~ 2022.12.31",
        "frmtrm_amount": "92,322,769,549",
        "bfefrmtrm_nm": "제 64 기",
        "bfefrmtrm_dt": "2021.01.01 ~ 2021.12.31",
        "bfefrmtrm_amount": "133,312,251,875",
        "ord": "61",
        "currency": "KRW"
    },
    {
        "rcept_no": "20240321001689",
        "reprt_code": "11011",
        "bsns_year": "2023",
        "corp_code": "00103006",
        "stock_code": "002240",
        "fs_div": "CFS",
        "fs_nm": "연결재무제표",
        "sj_div": "IS",
        "sj_nm": "손익계산서",
        "account_nm": "총포괄손익",
        "thstrm_nm": "제 66 기",
        "thstrm_dt": "2023.01.01 ~ 2023.12.31",
        "thstrm_amount": "76,562,247,041",
        "frmtrm_nm": "제 65 기",
        "frmtrm_dt": "2022.01.01 ~ 2022.12.31",
        "frmtrm_amount": "95,470,987,086",
        "bfefrmtrm_nm": "제 64 기",
        "bfefrmtrm_dt": "2021.01.01 ~ 2021.12.31",
        "bfefrmtrm_amount": "190,109,635,805",
        "ord": "63",
        "currency": "KRW"
    },
    {
        "rcept_no": "20240321001689",
        "reprt_code": "11011",
        "bsns_year": "2023",
        "corp_code": "00103006",
        "stock_code": "002240",
        "fs_div": "OFS",
        "fs_nm": "재무제표",
        "sj_div": "IS",
        "sj_nm": "손익계산서",
        "account_nm": "매출액",
        "thstrm_nm": "제 66 기",
        "thstrm_dt": "2023.01.01 ~ 2023.12.31",
        "thstrm_amount": "516,985,557,167",
        "frmtrm_nm": "제 65 기",
        "frmtrm_dt": "2022.01.01 ~ 2022.12.31",
        "frmtrm_amount": "559,167,199,666",
        "bfefrmtrm_nm": "제 64 기",
        "bfefrmtrm_dt": "2021.01.01 ~ 2021.12.31",
        "bfefrmtrm_amount": "496,814,840,485",
        "ord": "24",
        "currency": "KRW"
    },
    {
        "rcept_no": "20240321001689",
        "reprt_code": "11011",
        "bsns_year": "2023",
        "corp_code": "00103006",
        "stock_code": "002240",
        "fs_div": "OFS",
        "fs_nm": "재무제표",
        "sj_div": "IS",
        "sj_nm": "손익계산서",
        "account_nm": "영업이익",
        "thstrm_nm": "제 66 기",
        "thstrm_dt": "2023.01.01 ~ 2023.12.31",
        "thstrm_amount": "45,764,077,929",
        "frmtrm_nm": "제 65 기",
        "frmtrm_dt": "2022.01.01 ~ 2022.12.31",
        "frmtrm_amount": "43,001,257,314",
        "bfefrmtrm_nm": "제 64 기",
        "bfefrmtrm_dt": "2021.01.01 ~ 2021.12.31",
        "bfefrmtrm_amount": "36,735,973,170",
        "ord": "26",
        "currency": "KRW"
    },
    {
        "rcept_no": "20240321001689",
        "reprt_code": "11011",
        "bsns_year": "2023",
        "corp_code": "00103006",
        "stock_code": "002240",
        "fs_div": "OFS",
        "fs_nm": "재무제표",
        "sj_div": "IS",
        "sj_nm": "손익계산서",
        "account_nm": "법인세차감전 순이익",
        "thstrm_nm": "제 66 기",
        "thstrm_dt": "2023.01.01 ~ 2023.12.31",
        "thstrm_amount": "61,916,955,727",
        "frmtrm_nm": "제 65 기",
        "frmtrm_dt": "2022.01.01 ~ 2022.12.31",
        "frmtrm_amount": "60,233,515,302",
        "bfefrmtrm_nm": "제 64 기",
        "bfefrmtrm_dt": "2021.01.01 ~ 2021.12.31",
        "bfefrmtrm_amount": "58,220,498,903",
        "ord": "28",
        "currency": "KRW"
    },
    {
        "rcept_no": "20240321001689",
        "reprt_code": "11011",
        "bsns_year": "2023",
        "corp_code": "00103006",
        "stock_code": "002240",
        "fs_div": "OFS",
        "fs_nm": "재무제표",
        "sj_div": "IS",
        "sj_nm": "손익계산서",
        "account_nm": "당기순이익",
        "thstrm_nm": "제 66 기",
        "thstrm_dt": "2023.01.01 ~ 2023.12.31",
        "thstrm_amount": "51,705,119,565",
        "frmtrm_nm": "제 65 기",
        "frmtrm_dt": "2022.01.01 ~ 2022.12.31",
        "frmtrm_amount": "45,128,787,837",
        "bfefrmtrm_nm": "제 64 기",
        "bfefrmtrm_dt": "2021.01.01 ~ 2021.12.31",
        "bfefrmtrm_amount": "43,956,830,202",
        "ord": "30",
        "currency": "KRW"
    },
    {
        "rcept_no": "20240321001689",
        "reprt_code": "11011",
        "bsns_year": "2023",
        "corp_code": "00103006",
        "stock_code": "002240",
        "fs_div": "OFS",
        "fs_nm": "재무제표",
        "sj_div": "IS",
        "sj_nm": "손익계산서",
        "account_nm": "당기순이익(손실)",
        "thstrm_nm": "제 66 기",
        "thstrm_dt": "2023.01.01 ~ 2023.12.31",
        "thstrm_amount": "51,705,119,565",
        "frmtrm_nm": "제 65 기",
        "frmtrm_dt": "2022.01.01 ~ 2022.12.31",
        "frmtrm_amount": "45,128,787,837",
        "bfefrmtrm_nm": "제 64 기",
        "bfefrmtrm_dt": "2021.01.01 ~ 2021.12.31",
        "bfefrmtrm_amount": "43,956,830,202",
        "ord": "62",
        "currency": "KRW"
    },
    {
        "rcept_no": "20240321001689",
        "reprt_code": "11011",
        "bsns_year": "2023",
        "corp_code": "00103006",
        "stock_code": "002240",
        "fs_div": "OFS",
        "fs_nm": "재무제표",
        "sj_div": "IS",
        "sj_nm": "손익계산서",
        "account_nm": "총포괄손익",
        "thstrm_nm": "제 66 기",
        "thstrm_dt": "2023.01.01 ~ 2023.12.31",
        "thstrm_amount": "49,638,460,021",
        "frmtrm_nm": "제 65 기",
        "frmtrm_dt": "2022.01.01 ~ 2022.12.31",
        "frmtrm_amount": "47,627,940,778",
        "bfefrmtrm_nm": "제 64 기",
        "bfefrmtrm_dt": "2021.01.01 ~ 2021.12.31",
        "bfefrmtrm_amount": "54,200,235,864",
        "ord": "64",
        "currency": "KRW"
    }
]