[
    {
        "rcept_no": "20250515002790",
        "reprt_code": "11011",
        "bsns_year": "2024",
        "corp_code": "00103006",
        "stock_code": "002240",
        "fs_div": "CFS",
        "fs_nm": "연결재무제표",
        "sj_div": "BS",
        "sj_nm": "재무상태표",
        "account_nm": "유동자산",
        "thstrm_nm": "제 67 기",
        "thstrm_dt": "2024.12.31 현재",
        "thstrm_amount": "1,170,233,577,266",
        "frmtrm_nm": "제 66 기",
        "frmtrm_dt": "2023.12.31 현재",
        "frmtrm_amount": "1,075,549,770,909",
        "bfefrmtrm_nm": "제 65 기",
        "bfefrmtrm_dt": "2022.12.31 현재",
        "bfefrmtrm_amount": "1,153,075,088,455",
        "ord": "1",
        "currency": "KRW"
    },
    {
        "rcept_no": "20250515002790",
        "reprt_code": "11011",
        "bsns_year": "2024",
        "corp_code": "00103006",
        "stock_code": "002240",
        "fs_div": "CFS",
        "fs_nm": "연결재무제표",
        "sj_div": "BS",
        "sj_nm": "재무상태표",
        "account_nm": "비유동자산",
        "thstrm_nm": "제 67 기",
        "thstrm_dt": "2024.12.31 현재",
        "thstrm_amount": "1,438,744,269,741",
        "frmtrm_nm": "제 66 기",
        "frmtrm_dt": "2023.12.31 현재",
        "frmtrm_amount": "1,375,730,873,333",
        "bfefrmtrm_nm": "제 65 기",
        "bfefrmtrm_dt": "2022.12.31 현재",
        "bfefrmtrm_amount": "1,379,693,309,800",
        "ord": "3",
        "currency": "KRW"
    },
    {
        "rcept_no": "20250515002790",
        "reprt_code": "11011",
        "bsns_year": "2024",
        "corp_code": "00103006",
        "stock_code": "002240",
        "fs_div": "CFS",
        "fs_nm": "연결재무제표",
        "sj_div": "BS",
        "sj_nm": "재무상태표",
        "account_nm": "자산총계",
        "thstrm_nm": "제 67 기",
        "thstrm_dt": "2024.12.31 현재",
        "thstrm_amount": "2,608,977,847,007",
        "frmtrm_nm": "제 66 기",
        "frmtrm_dt": "2023.12.31 현재",
        "frmtrm_amount": "2,451,280,644,242",
        "bfefrmtrm_nm": "제 65 기",
        "bfefrmtrm_dt": "2022.12.31 현재",
        "bfefrmtrm_amount": "2,532,768,398,255",
        "ord": "5",
        "currency": "KRW"
    },
    {
        "rcept_no": "20250515002790",
        "reprt_code": "11011",
        "bsns_year": "2024",
        "corp_code": "00103006",
        "stock_code": "002240",
        "fs_div": "CFS",
        "fs_nm": "연결재무제표",
        "sj_div": "BS",
        "sj_nm": "재무상태표",
        "account_nm": "유동부채",
        "thstrm_nm": "제 67 기",
        "thstrm_dt": "2024.12.31 현재",
        "thstrm_amount": "469,146,355,930",
        "frmtrm_nm": "제 66 기",
        "frmtrm_dt": "2023.12.31 현재",
        "frmtrm_amount": "446,167,186,304",
        "bfefrmtrm_nm": "제 65 기",
        "bfefrmtrm_dt": "2022.12.31 현재",
        "bfefrmtrm_amount": "561,483,968,404",
        "ord": "7",
        "currency": "KRW"
    },
    {
        "rcept_no": "20250515002790",
        "reprt_code": "11011",
        "bsns_year": "2024",
        "corp_code": "00103006",
        "stock_code": "002240",
        "fs_div": "CFS",
        "fs_nm": "연결재무제표",
        "sj_div": "BS",
        "sj_nm": "재무상태표",
        "account_nm": "비유동부채",
        "thstrm_nm": "제 67 기",
        "thstrm_dt": "2024.12.31 현재",
        "thstrm_amount": "212,723,519,472",
        "frmtrm_nm": "제 66 기",
        "frmtrm_dt": "2023.12.31 현재",
        "frmtrm_amount": "209,902,777,360",
        "bfefrmtrm_nm": "제 65 기",
        "bfefrmtrm_dt": "2022.12.31 현재",
        "bfefrmtrm_amount": "243,762,271,162",
        "ord": "9",
        "currency": "KRW"
    },
    {
        "rcept_no": "20250515002790",
        "reprt_code": "11011",
        "bsns_year": "2024",
        "corp_code": "00103006",
        "stock_code": "002240",
        "fs_div": "CFS",
        "fs_nm": "연결재무제표",
        "sj_div": "BS",
        "sj_nm": "재무상태표",
        "account_nm": "부채총계",
        "thstrm_nm": "제 67 기",
        "thstrm_dt": "2024.12.31 현재",
        "thstrm_amount": "681,869,875,402",
        "frmtrm_nm": "제 66 기",
        "frmtrm_dt": "2023.12.31 현재",
        "frmtrm_amount": "656,069,963,664",
        "bfefrmtrm_nm": "제 65 기",
        "bfefrmtrm_dt": "2022.12.31 현재",
        "bfefrmtrm_amount": "805,246,239,566",
        "ord": "11",
        "currency": "KRW"
    },
    {
        "rcept_no": "20250515002790",
        "reprt_code": "11011",
        "bsns_year": "2024",
        "corp_code": "00103006",
        "stock_code": "002240",
        "fs_div": "CFS",
        "fs_nm": "연결재무제표",
        "sj_div": "BS",
        "sj_nm": "재무상태표",
        "account_nm": "자본금",
        "thstrm_nm": "제 67 기",
        "thstrm_dt": "2024.12.31 현재",
        "thstrm_amount": "25,000,000,000",
        "frmtrm_nm": "제 66 기",
        "frmtrm_dt": "2023.12.31 현재",
        "frmtrm_amount": "25,000,000,000",
        "bfefrmtrm_nm": "제 65 기",
        "bfefrmtrm_dt": "2022.12.31 현재",
        "bfefrmtrm_amount": "23,000,000,000",
        "ord": "13",
        "currency": "KRW"
    },
    {
        "rcept_no": "20250515002790",
        "reprt_code": "11011",
        "bsns_year": "2024",
        "corp_code": "00103006",
        "stock_code": "002240",
        "fs_div": "CFS",
        "fs_nm": "연결재무제표",
        "sj_div": "BS",
        "sj_nm": "재무상태표",
        "account_nm": "이익잉여금",
        "thstrm_nm": "제 67 기",
        "thstrm_dt": "2024.12.31 현재",
        "thstrm_amount": "1,651,241,851,778",
        "frmtrm_nm": "제 66 기",
        "frmtrm_dt": "2023.12.31 현재",
        "frmtrm_amount": "1,626,762,081,656",
        "bfefrmtrm_nm": "제 65 기",
        "bfefrmtrm_dt": "2022.12.31 현재",
        "bfefrmtrm_amount": "1,566,861,244,579",
        "ord": "17",
        "currency": "KRW"
    },
    {
        "rcept_no": "20250515002790",
        "reprt_code": "11011",
        "bsns_year": "2024",
        "corp_code": "00103006",
        "stock_code": "002240",
        "fs_div": "CFS",
        "fs_nm": "연결재무제표",
        "sj_div": "BS",
        "sj_nm": "재무상태표",
        "account_nm": "자본총계",
        "thstrm_nm": "제 67 기",
        "thstrm_dt": "2024.12.31 현재",
        "thstrm_amount": "1,927,107,971,605",
        "frmtrm_nm": "제 66 기",
        "frmtrm_dt": "2023.12.31 현재",
        "frmtrm_amount": "1,795,210,680,578",
        "bfefrmtrm_nm": "제 65 기",
        "bfefrmtrm_dt": "2022.12.31 현재",
        "bfefrmtrm_amount": "1,727,522,158,689",
        "ord": "21",
        "currency": "KRW"
    },
    {
        "rcept_no": "20250515002790",
        "reprt_code": "11011",
        "bsns_year": "2024",
        "corp_code": "00103006",
        "stock_code": "002240",
        "fs_div": "OFS",
        "fs_nm": "재무제표",
        "sj_div": "BS",
        "sj_nm": "재무상태표",
        "account_nm": "유동자산",
        "thstrm_nm": "제 67 기",
        "thstrm_dt": "2024.12.31 현재",
        "thstrm_amount": "278,432,673,973",
        "frmtrm_nm": "제 66 기",
        "frmtrm_dt": "2023.12.31 현재",
        "frmtrm_amount": "258,198,894,013",
        "bfefrmtrm_nm": "제 65 기",
        "bfefrmtrm_dt": "2022.12.31 현재",
        "bfefrmtrm_amount": "265,607,732,175",
        "ord": "2",
        "currency": "KRW"
    },
    {
        "rcept_no": "20250515002790",
        "reprt_code": "11011",
        "bsns_year": "2024",
        "corp_code": "00103006",
        "stock_code": "002240",
        "fs_div": "OFS",
        "fs_nm": "재무제표",
        "sj_div": "BS",
        "sj_nm": "재무상태표",
        "account_nm": "비유동자산",
        "thstrm_nm": "제 67 기",
        "thstrm_dt": "2024.12.31 현재",
        "thstrm_amount": "1,163,979,201,298",
        "frmtrm_nm": "제 66 기",
        "frmtrm_dt": "2023.12.31 현재",
        "frmtrm_amount": "1,153,610,243,576",
        "bfefrmtrm_nm": "제 65 기",
        "bfefrmtrm_dt": "2022.12.31 현재",
        "bfefrmtrm_amount": "1,161,252,558,438",
        "ord": "4",
        "currency": "KRW"
    },
    {
        "rcept_no": "20250515002790",
        "reprt_code": "11011",
        "bsns_year": "2024",
        "corp_code": "00103006",
        "stock_code": "002240",
        "fs_div": "OFS",
        "fs_nm": "재무제표",
        "sj_div": "BS",
        "sj_nm": "재무상태표",
        "account_nm": "자산총계",
        "thstrm_nm": "제 67 기",
        "thstrm_dt": "2024.12.31 현재",
        "thstrm_amount": "1,442,411,875,271",
        "frmtrm_nm": "제 66 기",
        "frmtrm_dt": "2023.12.31 현재",
        "frmtrm_amount": "1,411,809,137,589",
        "bfefrmtrm_nm": "제 65 기",
        "bfefrmtrm_dt": "2022.12.31 현재",
        "bfefrmtrm_amount": "1,426,860,290,613",
        "ord": "6",
        "currency": "KRW"
    },
    {
        "rcept_no": "20250515002790",
        "reprt_code": "11011",
        "bsns_year": "2024",
        "corp_code": "00103006",
        "stock_code": "002240",
        "fs_div": "OFS",
        "fs_nm": "재무제표",
        "sj_div": "BS",
        "sj_nm": "재무상태표",
        "account_nm": "유동부채",
        "thstrm_nm": "제 67 기",
        "thstrm_dt": "2024.12.31 현재",
        "thstrm_amount": "88,776,705,123",
        "frmtrm_nm": "제 66 기",
        "frmtrm_dt": "2023.12.31 현재",
        "frmtrm_amount": "99,374,513,190",
        "bfefrmtrm_nm": "제 65 기",
        "bfefrmtrm_dt": "2022.12.31 현재",
        "bfefrmtrm_amount": "152,523,012,662",
        "ord": "8",
        "currency": "KRW"
    },
    {
        "rcept_no": "20250515002790",
        "reprt_code": "11011",
        "bsns_year": "2024",
        "corp_code": "00103006",
        "stock_code": "002240",
        "fs_div": "OFS",
        "fs_nm": "재무제표",
        "sj_div": "BS",
        "sj_nm": "재무상태표",
        "account_nm": "비유동부채",
        "thstrm_nm": "제 67 기",
        "thstrm_dt": "2024.12.31 현재",
        "thstrm_amount": "91,395,368,603",
        "frmtrm_nm": "제 66 기",
        "frmtrm_dt": "2023.12.31 현재",
        "frmtrm_amount": "86,489,637,162",
        "bfefrmtrm_nm": "제 65 기",
        "bfefrmtrm_dt": "2022.12.31 현재",
        "bfefrmtrm_amount": "91,047,803,098",
        "ord": "10",
        "currency": "KRW"
    },
    {
        "rcept_no": "20250515002790",
        "reprt_code": "11011",
        "bsns_year": "2024",
        "corp_code": "00103006",
        "stock_code": "002240",
        "fs_div": "OFS",
        "fs_nm": "재무제표",
        "sj_div": "BS",
        "sj_nm": "재무상태표",
        "account_nm": "부채총계",
        "thstrm_nm": "제 67 기",
        "thstrm_dt": "2024.12.31 현재",
        "thstrm_amount": "180,172,073,726",
        "frmtrm_nm": "제 66 기",
        "frmtrm_dt": "2023.12.31 현재",
        "frmtrm_amount": "185,864,150,352",
        "bfefrmtrm_nm": "제 65 기",
        "bfefrmtrm_dt": "2022.12.31 현재",
        "bfefrmtrm_amount": "243,570,815,760",
        "ord": "12",
        "currency": "KRW"
    },
    {
        "rcept_no": "20250515002790",
        "reprt_code": "11011",
        "bsns_year": "2024",
        "corp_code": "00103006",
        "stock_code": "002240",
        "fs_div": "OFS",
        "fs_nm": "재무제표",
        "sj_div": "BS",
        "sj_nm": "재무상태표",
        "account_nm": "자본금",
        "thstrm_nm": "제 67 기",
        "thstrm_dt": "2024.12.31 현재",
        "thstrm_amount": "25,000,000,000",
        "frmtrm_nm": "제 66 기",
        "frmtrm_dt": "2023.12.31 현재",
        "frmtrm_amount": "25,000,000,000",
        "bfefrmtrm_nm": "제 65 기",
        "bfefrmtrm_dt": "2022.12.31 현재",
        "bfefrmtrm_amount": "23,000,000,000",
        "ord": "15",
        "currency": "KRW"
    },
    {
        "rcept_no": "20250515002790",
        "reprt_code": "11011",
        "bsns_year": "2024",
        "corp_code": "00103006",
        "stock_code": "002240",
        "fs_div": "OFS",
        "fs_nm": "재무제표",
        "sj_div": "BS",
        "sj_nm": "재무상태표",
        "account_nm": "이익잉여금",
        "thstrm_nm": "제 67 기",
        "thstrm_dt": "2024.12.31 현재",
        "thstrm_amount": "1,234,343,884,702",
        "frmtrm_nm": "제 66 기",
        "frmtrm_dt": "2023.12.31 현재",
        "frmtrm_amount": "1,193,053,460,513",
        "bfefrmtrm_nm": "제 65 기",
        "bfefrmtrm_dt": "2022.12.31 현재",
        "bfefrmtrm_amount": "1,150,132,906,686",
        "ord": "19",
        "currency": "KRW"
    },
    {
        "rcept_no": "20250515002790",
        "reprt_code": "11011",
        "bsns_year": "2024",
        "corp_code": "00103006",
        "stock_code": "002240",
        "fs_div": "OFS",
        "fs_nm": "재무제표",
        "sj_div": "BS",
        "sj_nm": "재무상태표",
        "account_nm": "자본총계",
        "thstrm_nm": "제 67 기",
        "thstrm_dt": "2024.12.31 현재",
        "thstrm_amount": "1,262,239,801,545",
        "frmtrm_nm": "제 66 기",
        "frmtrm_dt": "2023.12.31 현재",
        "frmtrm_amount": "1,225,944,987,237",
        "bfefrmtrm_nm": "제 65 기",
        "bfefrmtrm_dt": "2022.12.31 현재",
        "bfefrmtrm_amount": "1,183,289,474,853",
        "ord": "22",
        "currency": "KRW"
    }
]