[
    {
        "rcept_no": "20230316001326",
        "reprt_code": "11011",
        "bsns_year": "2022",
        "corp_code": "00103006",
        "stock_code": "002240",
        "fs_div": "CFS",
        "fs_nm": "연결재무제표",
        "sj_div": "BS",
        "sj_nm": "재무상태표",
        "account_nm": "유동자산",
        "thstrm_nm": "제 65 기",
        "thstrm_dt": "2022.12.31 현재",
        "thstrm_amount": "1,153,075,088,455",
        "frmtrm_nm": "제 64 기",
        "frmtrm_dt": "2021.12.31 현재",
        "frmtrm_amount": "1,077,770,577,004",
        "bfefrmtrm_nm": "제 63 기",
        "bfefrmtrm_dt": "2020.12.31 현재",
        "bfefrmtrm_amount": "857,825,866,621",
        "ord": "1",
        "currency": "KRW"
    },
    {
        "rcept_no": "20230316001326",
        "reprt_code": "11011",
        "bsns_year": "2022",
        "corp_code": "00103006",
        "stock_code": "002240",
        "fs_div": "CFS",
        "fs_nm": "연결재무제표",
        "sj_div": "BS",
        "sj_nm": "재무상태표",
        "account_nm": "비유동자산",
        "thstrm_nm": "제 65 기",
        "thstrm_dt": "2022.12.31 현재",
        "thstrm_amount": "1,379,693,309,800",
        "frmtrm_nm": "제 64 기",
        "frmtrm_dt": "2021.12.31 현재",
        "frmtrm_amount": "1,396,501,790,561",
        "bfefrmtrm_nm": "제 63 기",
        "bfefrmtrm_dt": "2020.12.31 현재",
        "bfefrmtrm_amount": "1,387,903,204,831",
        "ord": "3",
        "currency": "KRW"
    },
    {
        "rcept_no": "20230316001326",
        "reprt_code": "11011",
        "bsns_year": "2022",
        "corp_code": "00103006",
        "stock_code": "002240",
        "fs_div": "CFS",
        "fs_nm": "연결재무제표",
        "sj_div": "BS",
        "sj_nm": "재무상태표",
        "account_nm": "자산총계",
        "thstrm_nm": "제 65 기",
        "thstrm_dt": "2022.12.31 현재",
        "thstrm_amount": "2,532,768,398,255",
        "frmtrm_nm": "제 64 기",
        "frmtrm_dt": "2021.12.31 현재",
        "frmtrm_amount": "2,474,272,367,565",
        "bfefrmtrm_nm": "제 63 기",
        "bfefrmtrm_dt": "2020.12.31 현재",
        "bfefrmtrm_amount": "2,245,729,071,452",
        "ord": "5",
        "currency": "KRW"
    },
    {
        "rcept_no": "20230316001326",
        "reprt_code": "11011",
        "bsns_year": "2022",
        "corp_code": "00103006",
        "stock_code": "002240",
        "fs_div": "CFS",
        "fs_nm": "연결재무제표",
        "sj_div": "BS",
        "sj_nm": "재무상태표",
        "account_nm": "유동부채",
        "thstrm_nm": "제 65 기",
        "thstrm_dt": "2022.12.31 현재",
        "thstrm_amount": "561,483,968,404",
        "frmtrm_nm": "제 64 기",
        "frmtrm_dt": "2021.12.31 현재",
        "frmtrm_amount": "601,225,850,753",
        "bfefrmtrm_nm": "제 63 기",
        "bfefrmtrm_dt": "2020.12.31 현재",
        "bfefrmtrm_amount": "587,336,954,887",
        "ord": "7",
        "currency": "KRW"
    },
    {
        "rcept_no": "20230316001326",
        "reprt_code": "11011",
        "bsns_year": "2022",
        "corp_code": "00103006",
        "stock_code": "002240",
        "fs_div": "CFS",
        "fs_nm": "연결재무제표",
        "sj_div": "BS",
        "sj_nm": "재무상태표",
        "account_nm": "비유동부채",
        "thstrm_nm": "제 65 기",
        "thstrm_dt": "2022.12.31 현재",
        "thstrm_amount": "243,762,271,162",
        "frmtrm_nm": "제 64 기",
        "frmtrm_dt": "2021.12.31 현재",
        "frmtrm_amount": "234,936,612,186",
        "bfefrmtrm_nm": "제 63 기",
        "bfefrmtrm_dt": "2020.12.31 현재",
        "bfefrmtrm_amount": "195,453,813,920",
        "ord": "9",
        "currency": "KRW"
    },
    {
        "rcept_no": "20230316001326",
        "reprt_code": "11011",
        "bsns_year": "2022",
        "corp_code": "00103006",
        "stock_code": "002240",
        "fs_div": "CFS",
        "fs_nm": "연결재무제표",
        "sj_div": "BS",
        "sj_nm": "재무상태표",
        "account_nm": "부채총계",
        "thstrm_nm": "제 65 기",
        "thstrm_dt": "2022.12.31 현재",
        "thstrm_amount": "805,246,239,566",
        "frmtrm_nm": "제 64 기",
        "frmtrm_dt": "2021.12.31 현재",
        "frmtrm_amount": "836,162,462,939",
        "bfefrmtrm_nm": "제 63 기",
        "bfefrmtrm_dt": "2020.12.31 현재",
        "bfefrmtrm_amount": "782,790,768,807",
        "ord": "11",
        "currency": "KRW"
    },
    {
        "rcept_no": "20230316001326",
        "reprt_code": "11011",
        "bsns_year": "2022",
        "corp_code": "00103006",
        "stock_code": "002240",
        "fs_div": "CFS",
        "fs_nm": "연결재무제표",
        "sj_div": "BS",
        "sj_nm": "재무상태표",
        "account_nm": "자본금",
        "thstrm_nm": "제 65 기",
        "thstrm_dt": "2022.12.31 현재",
        "thstrm_amount": "23,000,000,000",
        "frmtrm_nm": "제 64 기",
        "frmtrm_dt": "2021.12.31 현재",
        "frmtrm_amount": "23,000,000,000",
        "bfefrmtrm_nm": "제 63 기",
        "bfefrmtrm_dt": "2020.12.31 현재",
        "bfefrmtrm_amount": "20,000,000,000",
        "ord": "13",
        "currency": "KRW"
    },
    {
        "rcept_no": "20230316001326",
        "reprt_code": "11011",
        "bsns_year": "2022",
        "corp_code": "00103006",
        "stock_code": "002240",
        "fs_div": "CFS",
        "fs_nm": "연결재무제표",
        "sj_div": "BS",
        "sj_nm": "재무상태표",
        "account_nm": "이익잉여금",
        "thstrm_nm": "제 65 기",
        "thstrm_dt": "2022.12.31 현재",
        "thstrm_amount": "1,566,861,244,579",
        "frmtrm_nm": "제 64 기",
        "frmtrm_dt": "2021.12.31 현재",
        "frmtrm_amount": "1,487,242,132,914",
        "bfefrmtrm_nm": "제 63 기",
        "bfefrmtrm_dt": "2020.12.31 현재",
        "bfefrmtrm_amount": "1,344,317,913,630",
        "ord": "17",
        "currency": "KRW"
    },
    {
        "rcept_no": "20230316001326",
        "reprt_code": "11011",
        "bsns_year": "2022",
        "corp_code": "00103006",
        "stock_code": "002240",
        "fs_div": "CFS",
        "fs_nm": "연결재무제표",
        "sj_div": "BS",
        "sj_nm": "재무상태표",
        "account_nm": "자본총계",
        "thstrm_nm": "제 65 기",
        "thstrm_dt": "2022.12.31 현재",
        "thstrm_amount": "1,727,522,158,689",
        "frmtrm_nm": "제 64 기",
        "frmtrm_dt": "2021.12.31 현재",
        "frmtrm_amount": "1,638,109,904,626",
        "bfefrmtrm_nm": "제 63 기",
        "bfefrmtrm_dt": "2020.12.31 현재",
        "bfefrmtrm_amount": "1,462,938,302,645",
        "ord": "21",
        "currency": "KRW"
    },
    {
        "rcept_no": "20230316001326",
        "reprt_code": "11011",
        "bsns_year": "2022",
        "corp_code": "00103006",
        "stock_code": "002240",
        "fs_div": "OFS",
        "fs_nm": "재무제표",
        "sj_div": "BS",
        "sj_nm": "재무상태표",
        "account_nm": "유동자산",
        "thstrm_nm": "제 65 기",
        "thstrm_dt": "2022.12.31 현재",
        "thstrm_amount": "265,607,732,175",
        "frmtrm_nm": "제 64 기",
        "frmtrm_dt": "2021.12.31 현재",
        "frmtrm_amount": "252,022,544,021",
        "bfefrmtrm_nm": "제 63 기",
        "bfefrmtrm_dt": "2020.12.31 현재",
        "bfefrmtrm_amount": "203,649,275,571",
        "ord": "2",
        "currency": "KRW"
    },
    {
        "rcept_no": "20230316001326",
        "reprt_code": "11011",
        "bsns_year": "2022",
        "corp_code": "00103006",
        "stock_code": "002240",
        "fs_div": "OFS",
        "fs_nm": "재무제표",
        "sj_div": "BS",
        "sj_nm": "재무상태표",
        "account_nm": "비유동자산",
        "thstrm_nm": "제 65 기",
        "thstrm_dt": "2022.12.31 현재",
        "thstrm_amount": "1,161,252,558,438",
        "frmtrm_nm": "제 64 기",
        "frmtrm_dt": "2021.12.31 현재",
        "frmtrm_amount": "1,146,307,297,988",
        "bfefrmtrm_nm": "제 63 기",
        "bfefrmtrm_dt": "2020.12.31 현재",
        "bfefrmtrm_amount": "1,153,389,553,664",
        "ord": "4",
        "currency": "KRW"
    },
    {
        "rcept_no": "20230316001326",
        "reprt_code": "11011",
        "bsns_year": "2022",
        "corp_code": "00103006",
        "stock_code": "002240",
        "fs_div": "OFS",
        "fs_nm": "재무제표",
        "sj_div": "BS",
        "sj_nm": "재무상태표",
        "account_nm": "자산총계",
        "thstrm_nm": "제 65 기",
        "thstrm_dt": "2022.12.31 현재",
        "thstrm_amount": "1,426,860,290,613",
        "frmtrm_nm": "제 64 기",
        "frmtrm_dt": "2021.12.31 현재",
        "frmtrm_amount": "1,398,329,842,009",
        "bfefrmtrm_nm": "제 63 기",
        "bfefrmtrm_dt": "2020.12.31 현재",
        "bfefrmtrm_amount": "1,357,038,829,235",
        "ord": "6",
        "currency": "KRW"
    },
    {
        "rcept_no": "20230316001326",
        "reprt_code": "11011",
        "bsns_year": "2022",
        "corp_code": "00103006",
        "stock_code": "002240",
        "fs_div": "OFS",
        "fs_nm": "재무제표",
        "sj_div": "BS",
        "sj_nm": "재무상태표",
        "account_nm": "유동부채",
        "thstrm_nm": "제 65 기",
        "thstrm_dt": "2022.12.31 현재",
        "thstrm_amount": "152,523,012,662",
        "frmtrm_nm": "제 64 기",
        "frmtrm_dt": "2021.12.31 현재",
        "frmtrm_amount": "168,021,951,986",
        "bfefrmtrm_nm": "제 63 기",
        "bfefrmtrm_dt": "2020.12.31 현재",
        "bfefrmtrm_amount": "172,473,236,619",
        "ord": "8",
        "currency": "KRW"
    },
    {
        "rcept_no": "20230316001326",
        "reprt_code": "11011",
        "bsns_year": "2022",
        "corp_code": "00103006",
        "stock_code": "002240",
        "fs_div": "OFS",
        "fs_nm": "재무제표",
        "sj_div": "BS",
        "sj_nm": "재무상태표",
        "account_nm": "비유동부채",
        "thstrm_nm": "제 65 기",
        "thstrm_dt": "2022.12.31 현재",
        "thstrm_amount": "91,047,803,098",
        "frmtrm_nm": "제 64 기",
        "frmtrm_dt": "2021.12.31 현재",
        "frmtrm_amount": "87,748,747,848",
        "bfefrmtrm_nm": "제 63 기",
        "bfefrmtrm_dt": "2020.12.31 현재",
        "bfefrmtrm_amount": "90,175,141,113",
        "ord": "10",
        "currency": "KRW"
    },
    {
        "rcept_no": "20230316001326",
        "reprt_code": "11011",
        "bsns_year": "2022",
        "corp_code": "00103006",
        "stock_code": "002240",
        "fs_div": "OFS",
        "fs_nm": "재무제표",
        "sj_div": "BS",
        "sj_nm": "재무상태표",
        "account_nm": "부채총계",
        "thstrm_nm": "제 65 기",
        "thstrm_dt": "2022.12.31 현재",
        "thstrm_amount": "243,570,815,760",
        "frmtrm_nm": "제 64 기",
        "frmtrm_dt": "2021.12.31 현재",
        "frmtrm_amount": "255,770,699,834",
        "bfefrmtrm_nm": "제 63 기",
        "bfefrmtrm_dt": "2020.12.31 현재",
        "bfefrmtrm_amount": "262,648,377,732",
        "ord": "12",
        "currency": "KRW"
    },
    {
        "rcept_no": "20230316001326",
        "reprt_code": "11011",
        "bsns_year": "2022",
        "corp_code": "00103006",
        "stock_code": "002240",
        "fs_div": "OFS",
        "fs_nm": "재무제표",
        "sj_div": "BS",
        "sj_nm": "재무상태표",
        "account_nm": "자본금",
        "thstrm_nm": "제 65 기",
        "thstrm_dt": "2022.12.31 현재",
        "thstrm_amount": "23,000,000,000",
        "frmtrm_nm": "제 64 기",
        "frmtrm_dt": "2021.12.31 현재",
        "frmtrm_amount": "23,000,000,000",
        "bfefrmtrm_nm": "제 63 기",
        "bfefrmtrm_dt": "2020.12.31 현재",
        "bfefrmtrm_amount": "20,000,000,000",
        "ord": "15",
        "currency": "KRW"
    },
    {
        "rcept_no": "20230316001326",
        "reprt_code": "11011",
        "bsns_year": "2022",
        "corp_code": "00103006",
        "stock_code": "002240",
        "fs_div": "OFS",
        "fs_nm": "재무제표",
        "sj_div": "BS",
        "sj_nm": "재무상태표",
        "account_nm": "이익잉여금",
        "thstrm_nm": "제 65 기",
        "thstrm_dt": "2022.12.31 현재",
        "thstrm_amount": "1,150,132,906,686",
        "frmtrm_nm": "제 64 기",
        "frmtrm_dt": "2021.12.31 현재",
        "frmtrm_amount": "1,108,771,297,817",
        "bfefrmtrm_nm": "제 63 기",
        "bfefrmtrm_dt": "2020.12.31 현재",
        "bfefrmtrm_amount": "1,053,580,791,038",
        "ord": "19",
        "currency": "KRW"
    },
    {
        "rcept_no": "20230316001326",
        "reprt_code": "11011",
        "bsns_year": "2022",
        "corp_code": "00103006",
        "stock_code": "002240",
        "fs_div": "OFS",
        "fs_nm": "재무제표",
        "sj_div": "BS",
        "sj_nm": "재무상태표",
        "account_nm": "자본총계",
        "thstrm_nm": "제 65 기",
        "thstrm_dt": "2022.12.31 현재",
        "thstrm_amount": "1,183,289,474,853",
        "frmtrm_nm": "제 64 기",
        "frmtrm_dt": "2021.12.31 현재",
        "frmtrm_amount": "1,142,559,142,175",
        "bfefrmtrm_nm": "제 63 기",
        "bfefrmtrm_dt": "2020.12.31 현재",
        "bfefrmtrm_amount": "1,094,390,451,503",
        "ord": "22",
        "currency": "KRW"
    }
]