[
    {
        "rcept_no": "20240318000604",
        "reprt_code": "11011",
        "bsns_year": "2023",
        "corp_code": "00111722",
        "stock_code": "006800",
        "fs_div": "CFS",
        "fs_nm": "연결재무제표",
        "sj_div": "IS",
        "sj_nm": "손익계산서",
        "account_nm": "매출액",
        "thstrm_nm": "제 55 기",
        "thstrm_dt": "2023.01.01 ~ 2023.12.31",
        "thstrm_amount": "20,359,463,366,897",
        "frmtrm_nm": "제 54 기",
        "frmtrm_dt": "2022.01.01 ~ 2022.12.31",
        "frmtrm_amount": "19,161,174,666,050",
        "bfefrmtrm_nm": "제 53 기",
        "bfefrmtrm_dt": "2021.01.01 ~ 2021.12.31",
        "bfefrmtrm_amount": "13,152,001,580,324",
        "ord": "23",
        "currency": "KRW"
    },
    {
        "rcept_no": "20240318000604",
        "reprt_code": "11011",
        "bsns_year": "2023",
        "corp_code": "00111722",
        "stock_code": "006800",
        "fs_div": "CFS",
        "fs_nm": "연결재무제표",
        "sj_div": "IS",
        "sj_nm": "손익계산서",
        "account_nm": "법인세차감전 순이익",
        "thstrm_nm": "제 55 기",
        "thstrm_dt": "2023.01.01 ~ 2023.12.31",
        "thstrm_amount": "379,041,851,216",
        "frmtrm_nm": "제 54 기",
        "frmtrm_dt": "2022.01.01 ~ 2022.12.31",
        "frmtrm_amount": "849,244,642,186",
        "bfefrmtrm_nm": "제 53 기",
        "bfefrmtrm_dt": "2021.01.01 ~ 2021.12.31",
        "bfefrmtrm_amount": "1,642,183,387,802",
        "ord": "27",
        "currency": "KRW"
    },
    {
        "rcept_no": "20240318000604",
        "reprt_code": "11011",
        "bsns_year": "2023",
        "corp_code": "00111722",
        "stock_code": "006800",
        "fs_div": "CFS",
        "fs_nm": "연결재무제표",
        "sj_div": "IS",
        "sj_nm": "손익계산서",
        "account_nm": "당기순이익",
        "thstrm_nm": "제 55 기",
        "thstrm_dt": "2023.01.01 ~ 2023.12.31",
        "thstrm_amount": "337,857,808,122",
        "frmtrm_nm": "제 54 기",
        "frmtrm_dt": "2022.01.01 ~ 2022.12.31",
        "frmtrm_amount": "706,131,422,248",
        "bfefrmtrm_nm": "제 53 기",
        "bfefrmtrm_dt": "2021.01.01 ~ 2021.12.31",
        "bfefrmtrm_amount": "1,183,438,432,208",
        "ord": "29",
        "currency": "KRW"
    },
    {
        "rcept_no": "20240318000604",
        "reprt_code": "11011",
        "bsns_year": "2023",
        "corp_code": "00111722",
        "stock_code": "006800",
        "fs_div": "CFS",
        "fs_nm": "연결재무제표",
        "sj_div": "IS",
        "sj_nm": "손익계산서",
        "account_nm": "이자수익",
        "thstrm_nm": "제 55 기",
        "thstrm_dt": "2023.01.01 ~ 2023.12.31",
        "thstrm_amount": "4,313,759,391,529",
        "frmtrm_nm": "제 54 기",
        "frmtrm_dt": "2022.01.01 ~ 2022.12.31",
        "frmtrm_amount": "2,171,874,794,943",
        "bfefrmtrm_nm": "제 53 기",
        "bfefrmtrm_dt": "2021.01.01 ~ 2021.12.31",
        "bfefrmtrm_amount": "1,320,349,406,608",
        "ord": "53",
        "currency": "KRW"
    },
    {
        "rcept_no": "20240318000604",
        "reprt_code": "11011",
        "bsns_year": "2023",
        "corp_code": "00111722",
        "stock_code": "006800",
        "fs_div": "CFS",
        "fs_nm": "연결재무제표",
        "sj_div": "IS",
        "sj_nm": "손익계산서",
        "account_nm": "이자비용",
        "thstrm_nm": "제 55 기",
        "thstrm_dt": "2023.01.01 ~ 2023.12.31",
        "thstrm_amount": "3,949,032,154,760",
        "frmtrm_nm": "제 54 기",
        "frmtrm_dt": "2022.01.01 ~ 2022.12.31",
        "frmtrm_amount": "1,672,214,046,154",
        "bfefrmtrm_nm": "제 53 기",
        "bfefrmtrm_dt": "2021.01.01 ~ 2021.12.31",
        "bfefrmtrm_amount": "552,720,398,276",
        "ord": "55",
        "currency": "KRW"
    },
    {
        "rcept_no": "20240318000604",
        "reprt_code": "11011",
        "bsns_year": "2023",
        "corp_code": "00111722",
        "stock_code": "006800",
        "fs_div": "CFS",
        "fs_nm": "연결재무제표",
        "sj_div": "IS",
        "sj_nm": "손익계산서",
        "account_nm": "영업이익(손실)",
        "thstrm_nm": "제 55 기",
        "thstrm_dt": "2023.01.01 ~ 2023.12.31",
        "thstrm_amount": "521,036,811,624",
        "frmtrm_nm": "제 54 기",
        "frmtrm_dt": "2022.01.01 ~ 2022.12.31",
        "frmtrm_amount": "835,559,587,337",
        "bfefrmtrm_nm": "제 53 기",
        "bfefrmtrm_dt": "2021.01.01 ~ 2021.12.31",
        "bfefrmtrm_amount": "1,485,475,654,962",
        "ord": "59",
        "currency": "KRW"
    },
    {
        "rcept_no": "20240318000604",
        "reprt_code": "11011",
        "bsns_year": "2023",
        "corp_code": "00111722",
        "stock_code": "006800",
        "fs_div": "CFS",
        "fs_nm": "연결재무제표",
        "sj_div": "IS",
        "sj_nm": "손익계산서",
        "account_nm": "당기순이익(손실)",
        "thstrm_nm": "제 55 기",
        "thstrm_dt": "2023.01.01 ~ 2023.12.31",
        "thstrm_amount": "337,857,808,122",
        "frmtrm_nm": "제 54 기",
        "frmtrm_dt": "2022.01.01 ~ 2022.12.31",
        "frmtrm_amount": "706,131,422,248",
        "bfefrmtrm_nm": "제 53 기",
        "bfefrmtrm_dt": "2021.01.01 ~ 2021.12.31",
        "bfefrmtrm_amount": "1,183,438,432,208",
        "ord": "61",
        "currency": "KRW"
    },
    {
        "rcept_no": "20240318000604",
        "reprt_code": "11011",
        "bsns_year": "2023",
        "corp_code": "00111722",
        "stock_code": "006800",
        "fs_div": "CFS",
        "fs_nm": "연결재무제표",
        "sj_div": "IS",
        "sj_nm": "손익계산서",
        "account_nm": "총포괄손익",
        "thstrm_nm": "제 55 기",
        "thstrm_dt": "2023.01.01 ~ 2023.12.31",
        "thstrm_amount": "713,014,041,198",
        "frmtrm_nm": "제 54 기",
        "frmtrm_dt": "2022.01.01 ~ 2022.12.31",
        "frmtrm_amount": "628,669,878,847",
        "bfefrmtrm_nm": "제 53 기",
        "bfefrmtrm_dt": "2021.01.01 ~ 2021.12.31",
        "bfefrmtrm_amount": "1,605,175,387,759",
        "ord": "63",
        "currency": "KRW"
    },
    {
        "rcept_no": "20240318000604",
        "reprt_code": "11011",
        "bsns_year": "2023",
        "corp_code": "00111722",
        "stock_code": "006800",
        "fs_div": "CFS",
        "fs_nm": "연결재무제표",
        "sj_div": "IS",
        "sj_nm": "손익계산서",
        "account_nm": "영업비용",
        "thstrm_nm": "제 55 기",
        "thstrm_dt": "2023.01.01 ~ 2023.12.31",
        "thstrm_amount": "19,838,426,555,273",
        "frmtrm_nm": "제 54 기",
        "frmtrm_dt": "2022.01.01 ~ 2022.12.31",
        "frmtrm_amount": "18,325,615,078,713",
        "bfefrmtrm_nm": "제 53 기",
        "bfefrmtrm_dt": "2021.01.01 ~ 2021.12.31",
        "bfefrmtrm_amount": "11,666,525,925,362",
        "ord": "65",
        "currency": "KRW"
    },
    {
        "rcept_no": "20240318000604",
        "reprt_code": "11011",
        "bsns_year": "2023",
        "corp_code": "00111722",
        "stock_code": "006800",
        "fs_div": "OFS",
        "fs_nm": "재무제표",
        "sj_div": "IS",
        "sj_nm": "손익계산서",
        "account_nm": "매출액",
        "thstrm_nm": "제 55 기",
        "thstrm_dt": "2023.01.01 ~ 2023.12.31",
        "thstrm_amount": "16,672,038,432,351",
        "frmtrm_nm": "제 54 기",
        "frmtrm_dt": "2022.01.01 ~ 2022.12.31",
        "frmtrm_amount": "16,761,431,114,978",
        "bfefrmtrm_nm": "제 53 기",
        "bfefrmtrm_dt": "2021.01.01 ~ 2021.12.31",
        "bfefrmtrm_amount": "11,812,882,603,704",
        "ord": "24",
        "currency": "KRW"
    },
    {
        "rcept_no": "20240318000604",
        "reprt_code": "11011",
        "bsns_year": "2023",
        "corp_code": "00111722",
        "stock_code": "006800",
        "fs_div": "OFS",
        "fs_nm": "재무제표",
        "sj_div": "IS",
        "sj_nm": "손익계산서",
        "account_nm": "법인세차감전 순이익",
        "thstrm_nm": "제 55 기",
        "thstrm_dt": "2023.01.01 ~ 2023.12.31",
        "thstrm_amount": "232,780,107,542",
        "frmtrm_nm": "제 54 기",
        "frmtrm_dt": "2022.01.01 ~ 2022.12.31",
        "frmtrm_amount": "553,208,431,826",
        "bfefrmtrm_nm": "제 53 기",
        "bfefrmtrm_dt": "2021.01.01 ~ 2021.12.31",
        "bfefrmtrm_amount": "1,177,969,683,906",
        "ord": "28",
        "currency": "KRW"
    },
    {
        "rcept_no": "20240318000604",
        "reprt_code": "11011",
        "bsns_year": "2023",
        "corp_code": "00111722",
        "stock_code": "006800",
        "fs_div": "OFS",
        "fs_nm": "재무제표",
        "sj_div": "IS",
        "sj_nm": "손익계산서",
        "account_nm": "당기순이익",
        "thstrm_nm": "제 55 기",
        "thstrm_dt": "2023.01.01 ~ 2023.12.31",
        "thstrm_amount": "237,914,903,225",
        "frmtrm_nm": "제 54 기",
        "frmtrm_dt": "2022.01.01 ~ 2022.12.31",
        "frmtrm_amount": "397,574,439,779",
        "bfefrmtrm_nm": "제 53 기",
        "bfefrmtrm_dt": "2021.01.01 ~ 2021.12.31",
        "bfefrmtrm_amount": "825,164,566,864",
        "ord": "30",
        "currency": "KRW"
    },
    {
        "rcept_no": "20240318000604",
        "reprt_code": "11011",
        "bsns_year": "2023",
        "corp_code": "00111722",
        "stock_code": "006800",
        "fs_div": "OFS",
        "fs_nm": "재무제표",
        "sj_div": "IS",
        "sj_nm": "손익계산서",
        "account_nm": "이자수익",
        "thstrm_nm": "제 55 기",
        "thstrm_dt": "2023.01.01 ~ 2023.12.31",
        "thstrm_amount": "1,925,348,962,307",
        "frmtrm_nm": "제 54 기",
        "frmtrm_dt": "2022.01.01 ~ 2022.12.31",
        "frmtrm_amount": "1,308,145,822,051",
        "bfefrmtrm_nm": "제 53 기",
        "bfefrmtrm_dt": "2021.01.01 ~ 2021.12.31",
        "bfefrmtrm_amount": "1,002,405,981,715",
        "ord": "54",
        "currency": "KRW"
    },
    {
        "rcept_no": "20240318000604",
        "reprt_code": "11011",
        "bsns_year": "2023",
        "corp_code": "00111722",
        "stock_code": "006800",
        "fs_div": "OFS",
        "fs_nm": "재무제표",
        "sj_div": "IS",
        "sj_nm": "손익계산서",
        "account_nm": "이자비용",
        "thstrm_nm": "제 55 기",
        "thstrm_dt": "2023.01.01 ~ 2023.12.31",
        "thstrm_amount": "1,712,997,498,314",
        "frmtrm_nm": "제 54 기",
        "frmtrm_dt": "2022.01.01 ~ 2022.12.31",
        "frmtrm_amount": "928,651,551,933",
        "bfefrmtrm_nm": "제 53 기",
        "bfefrmtrm_dt": "2021.01.01 ~ 2021.12.31",
        "bfefrmtrm_amount": "405,728,782,565",
        "ord": "56",
        "currency": "KRW"
    },
    {
        "rcept_no": "20240318000604",
        "reprt_code": "11011",
        "bsns_year": "2023",
        "corp_code": "00111722",
        "stock_code": "006800",
        "fs_div": "OFS",
        "fs_nm": "재무제표",
        "sj_div": "IS",
        "sj_nm": "손익계산서",
        "account_nm": "영업이익(손실)",
        "thstrm_nm": "제 55 기",
        "thstrm_dt": "2023.01.01 ~ 2023.12.31",
        "thstrm_amount": "506,999,407,350",
        "frmtrm_nm": "제 54 기",
        "frmtrm_dt": "2022.01.01 ~ 2022.12.31",
        "frmtrm_amount": "548,389,981,629",
        "bfefrmtrm_nm": "제 53 기",
        "bfefrmtrm_dt": "2021.01.01 ~ 2021.12.31",
        "bfefrmtrm_amount": "1,558,737,188,518",
        "ord": "60",
        "currency": "KRW"
    },
    {
        "rcept_no": "20240318000604",
        "reprt_code": "11011",
        "bsns_year": "2023",
        "corp_code": "00111722",
        "stock_code": "006800",
        "fs_div": "OFS",
        "fs_nm": "재무제표",
        "sj_div": "IS",
        "sj_nm": "손익계산서",
        "account_nm": "당기순이익(손실)",
        "thstrm_nm": "제 55 기",
        "thstrm_dt": "2023.01.01 ~ 2023.12.31",
        "thstrm_amount": "237,914,903,225",
        "frmtrm_nm": "제 54 기",
        "frmtrm_dt": "2022.01.01 ~ 2022.12.31",
        "frmtrm_amount": "397,574,439,779",
        "bfefrmtrm_nm": "제 53 기",
        "bfefrmtrm_dt": "2021.01.01 ~ 2021.12.31",
        "bfefrmtrm_amount": "825,164,566,864",
        "ord": "62",
        "currency": "KRW"
    },
    {
        "rcept_no": "20240318000604",
        "reprt_code": "11011",
        "bsns_year": "2023",
        "corp_code": "00111722",
        "stock_code": "006800",
        "fs_div": "OFS",
        "fs_nm": "재무제표",
        "sj_div": "IS",
        "sj_nm": "손익계산서",
        "account_nm": "총포괄손익",
        "thstrm_nm": "제 55 기",
        "thstrm_dt": "2023.01.01 ~ 2023.12.31",
        "thstrm_amount": "566,107,224,921",
        "frmtrm_nm": "제 54 기",
        "frmtrm_dt": "2022.01.01 ~ 2022.12.31",
        "frmtrm_amount": "-193,261,528,317",
        "bfefrmtrm_nm": "제 53 기",
        "bfefrmtrm_dt": "2021.01.01 ~ 2021.12.31",
        "bfefrmtrm_amount": "945,608,523,134",
        "ord": "64",
        "currency": "KRW"
    },
    {
        "rcept_no": "20240318000604",
        "reprt_code": "11011",
        "bsns_year": "2023",
        "corp_code": "00111722",
        "stock_code": "006800",
        "fs_div": "OFS",
        "fs_nm": "재무제표",
        "sj_div": "IS",
        "sj_nm": "손익계산서",
        "account_nm": "영업비용",
        "thstrm_nm": "제 55 기",
        "thstrm_dt": "2023.01.01 ~ 2023.12.31",
        "thstrm_amount": "16,165,039,025,001",
        "frmtrm_nm": "제 54 기",
        "frmtrm_dt": "2022.01.01 ~ 2022.12.31",
        "frmtrm_amount": "16,213,041,133,349",
        "bfefrmtrm_nm": "제 53 기",
        "bfefrmtrm_dt": "2021.01.01 ~ 2021.12.31",
        "bfefrmtrm_amount": "10,254,145,415,186",
        "ord": "66",
        "currency": "KRW"
    }
]