[
    {
        "rcept_no": "20250515002814",
        "reprt_code": "11011",
        "bsns_year": "2024",
        "corp_code": "00111722",
        "stock_code": "006800",
        "fs_div": "CFS",
        "fs_nm": "연결재무제표",
        "sj_div": "IS",
        "sj_nm": "손익계산서",
        "account_nm": "매출액",
        "thstrm_nm": "제 56 기",
        "thstrm_dt": "2024.01.01 ~ 2024.12.31",
        "thstrm_amount": "22,242,327,609,027",
        "frmtrm_nm": "제 55 기",
        "frmtrm_dt": "2023.01.01 ~ 2023.12.31",
        "frmtrm_amount": "20,359,463,366,897",
        "bfefrmtrm_nm": "제 54 기",
        "bfefrmtrm_dt": "2022.01.01 ~ 2022.12.31",
        "bfefrmtrm_amount": "19,161,174,666,050",
        "ord": "23",
        "currency": "KRW"
    },
    {
        "rcept_no": "20250515002814",
        "reprt_code": "11011",
        "bsns_year": "2024",
        "corp_code": "00111722",
        "stock_code": "006800",
        "fs_div": "CFS",
        "fs_nm": "연결재무제표",
        "sj_div": "IS",
        "sj_nm": "손익계산서",
        "account_nm": "법인세차감전 순이익",
        "thstrm_nm": "제 56 기",
        "thstrm_dt": "2024.01.01 ~ 2024.12.31",
        "thstrm_amount": "1,224,457,941,225",
        "frmtrm_nm": "제 55 기",
        "frmtrm_dt": "2023.01.01 ~ 2023.12.31",
        "frmtrm_amount": "374,164,702,860",
        "bfefrmtrm_nm": "제 54 기",
        "bfefrmtrm_dt": "2022.01.01 ~ 2022.12.31",
        "bfefrmtrm_amount": "849,244,642,186",
        "ord": "27",
        "currency": "KRW"
    },
    {
        "rcept_no": "20250515002814",
        "reprt_code": "11011",
        "bsns_year": "2024",
        "corp_code": "00111722",
        "stock_code": "006800",
        "fs_div": "CFS",
        "fs_nm": "연결재무제표",
        "sj_div": "IS",
        "sj_nm": "손익계산서",
        "account_nm": "당기순이익",
        "thstrm_nm": "제 56 기",
        "thstrm_dt": "2024.01.01 ~ 2024.12.31",
        "thstrm_amount": "925,470,295,452",
        "frmtrm_nm": "제 55 기",
        "frmtrm_dt": "2023.01.01 ~ 2023.12.31",
        "frmtrm_amount": "333,238,173,199",
        "bfefrmtrm_nm": "제 54 기",
        "bfefrmtrm_dt": "2022.01.01 ~ 2022.12.31",
        "bfefrmtrm_amount": "706,131,422,248",
        "ord": "29",
        "currency": "KRW"
    },
    {
        "rcept_no": "20250515002814",
        "reprt_code": "11011",
        "bsns_year": "2024",
        "corp_code": "00111722",
        "stock_code": "006800",
        "fs_div": "CFS",
        "fs_nm": "연결재무제표",
        "sj_div": "IS",
        "sj_nm": "손익계산서",
        "account_nm": "이자수익",
        "thstrm_nm": "제 56 기",
        "thstrm_dt": "2024.01.01 ~ 2024.12.31",
        "thstrm_amount": "5,805,279,268,698",
        "frmtrm_nm": "제 55 기",
        "frmtrm_dt": "2023.01.01 ~ 2023.12.31",
        "frmtrm_amount": "4,313,759,391,529",
        "bfefrmtrm_nm": "제 54 기",
        "bfefrmtrm_dt": "2022.01.01 ~ 2022.12.31",
        "bfefrmtrm_amount": "2,171,874,794,943",
        "ord": "53",
        "currency": "KRW"
    },
    {
        "rcept_no": "20250515002814",
        "reprt_code": "11011",
        "bsns_year": "2024",
        "corp_code": "00111722",
        "stock_code": "006800",
        "fs_div": "CFS",
        "fs_nm": "연결재무제표",
        "sj_div": "IS",
        "sj_nm": "손익계산서",
        "account_nm": "이자비용",
        "thstrm_nm": "제 56 기",
        "thstrm_dt": "2024.01.01 ~ 2024.12.31",
        "thstrm_amount": "5,420,667,639,433",
        "frmtrm_nm": "제 55 기",
        "frmtrm_dt": "2023.01.01 ~ 2023.12.31",
        "frmtrm_amount": "3,949,032,154,760",
        "bfefrmtrm_nm": "제 54 기",
        "bfefrmtrm_dt": "2022.01.01 ~ 2022.12.31",
        "bfefrmtrm_amount": "1,672,214,046,154",
        "ord": "55",
        "currency": "KRW"
    },
    {
        "rcept_no": "20250515002814",
        "reprt_code": "11011",
        "bsns_year": "2024",
        "corp_code": "00111722",
        "stock_code": "006800",
        "fs_div": "CFS",
        "fs_nm": "연결재무제표",
        "sj_div": "IS",
        "sj_nm": "손익계산서",
        "account_nm": "영업이익(손실)",
        "thstrm_nm": "제 56 기",
        "thstrm_dt": "2024.01.01 ~ 2024.12.31",
        "thstrm_amount": "1,188,076,348,199",
        "frmtrm_nm": "제 55 기",
        "frmtrm_dt": "2023.01.01 ~ 2023.12.31",
        "frmtrm_amount": "521,036,811,624",
        "bfefrmtrm_nm": "제 54 기",
        "bfefrmtrm_dt": "2022.01.01 ~ 2022.12.31",
        "bfefrmtrm_amount": "835,559,587,337",
        "ord": "59",
        "currency": "KRW"
    },
    {
        "rcept_no": "20250515002814",
        "reprt_code": "11011",
        "bsns_year": "2024",
        "corp_code": "00111722",
        "stock_code": "006800",
        "fs_div": "CFS",
        "fs_nm": "연결재무제표",
        "sj_div": "IS",
        "sj_nm": "손익계산서",
        "account_nm": "당기순이익(손실)",
        "thstrm_nm": "제 56 기",
        "thstrm_dt": "2024.01.01 ~ 2024.12.31",
        "thstrm_amount": "925,470,295,452",
        "frmtrm_nm": "제 55 기",
        "frmtrm_dt": "2023.01.01 ~ 2023.12.31",
        "frmtrm_amount": "333,238,173,199",
        "bfefrmtrm_nm": "제 54 기",
        "bfefrmtrm_dt": "2022.01.01 ~ 2022.12.31",
        "bfefrmtrm_amount": "706,131,422,248",
        "ord": "61",
        "currency": "KRW"
    },
    {
        "rcept_no": "20250515002814",
        "reprt_code": "11011",
        "bsns_year": "2024",
        "corp_code": "00111722",
        "stock_code": "006800",
        "fs_div": "CFS",
        "fs_nm": "연결재무제표",
        "sj_div": "IS",
        "sj_nm": "손익계산서",
        "account_nm": "총포괄손익",
        "thstrm_nm": "제 56 기",
        "thstrm_dt": "2024.01.01 ~ 2024.12.31",
        "thstrm_amount": "1,256,684,555,613",
        "frmtrm_nm": "제 55 기",
        "frmtrm_dt": "2023.01.01 ~ 2023.12.31",
        "frmtrm_amount": "718,784,551,952",
        "bfefrmtrm_nm": "제 54 기",
        "bfefrmtrm_dt": "2022.01.01 ~ 2022.12.31",
        "bfefrmtrm_amount": "628,669,878,847",
        "ord": "63",
        "currency": "KRW"
    },
    {
        "rcept_no": "20250515002814",
        "reprt_code": "11011",
        "bsns_year": "2024",
        "corp_code": "00111722",
        "stock_code": "006800",
        "fs_div": "CFS",
        "fs_nm": "연결재무제표",
        "sj_div": "IS",
        "sj_nm": "손익계산서",
        "account_nm": "영업비용",
        "thstrm_nm": "제 56 기",
        "thstrm_dt": "2024.01.01 ~ 2024.12.31",
        "thstrm_amount": "21,054,251,260,828",
        "frmtrm_nm": "제 55 기",
        "frmtrm_dt": "2023.01.01 ~ 2023.12.31",
        "frmtrm_amount": "19,838,426,555,273",
        "bfefrmtrm_nm": "제 54 기",
        "bfefrmtrm_dt": "2022.01.01 ~ 2022.12.31",
        "bfefrmtrm_amount": "18,325,615,078,713",
        "ord": "65",
        "currency": "KRW"
    },
    {
        "rcept_no": "20250515002814",
        "reprt_code": "11011",
        "bsns_year": "2024",
        "corp_code": "00111722",
        "stock_code": "006800",
        "fs_div": "OFS",
        "fs_nm": "재무제표",
        "sj_div": "IS",
        "sj_nm": "손익계산서",
        "account_nm": "매출액",
        "thstrm_nm": "제 56 기",
        "thstrm_dt": "2024.01.01 ~ 2024.12.31",
        "thstrm_amount": "16,590,937,102,237",
        "frmtrm_nm": "제 55 기",
        "frmtrm_dt": "2023.01.01 ~ 2023.12.31",
        "frmtrm_amount": "16,672,038,432,351",
        "bfefrmtrm_nm": "제 54 기",
        "bfefrmtrm_dt": "2022.01.01 ~ 2022.12.31",
        "bfefrmtrm_amount": "16,761,431,114,978",
        "ord": "24",
        "currency": "KRW"
    },
    {
        "rcept_no": "20250515002814",
        "reprt_code": "11011",
        "bsns_year": "2024",
        "corp_code": "00111722",
        "stock_code": "006800",
        "fs_div": "OFS",
        "fs_nm": "재무제표",
        "sj_div": "IS",
        "sj_nm": "손익계산서",
        "account_nm": "법인세차감전 순이익",
        "thstrm_nm": "제 56 기",
        "thstrm_dt": "2024.01.01 ~ 2024.12.31",
        "thstrm_amount": "928,071,864,016",
        "frmtrm_nm": "제 55 기",
        "frmtrm_dt": "2023.01.01 ~ 2023.12.31",
        "frmtrm_amount": "232,780,107,542",
        "bfefrmtrm_nm": "제 54 기",
        "bfefrmtrm_dt": "2022.01.01 ~ 2022.12.31",
        "bfefrmtrm_amount": "553,208,431,826",
        "ord": "28",
        "currency": "KRW"
    },
    {
        "rcept_no": "20250515002814",
        "reprt_code": "11011",
        "bsns_year": "2024",
        "corp_code": "00111722",
        "stock_code": "006800",
        "fs_div": "OFS",
        "fs_nm": "재무제표",
        "sj_div": "IS",
        "sj_nm": "손익계산서",
        "account_nm": "당기순이익",
        "thstrm_nm": "제 56 기",
        "thstrm_dt": "2024.01.01 ~ 2024.12.31",
        "thstrm_amount": "699,130,344,965",
        "frmtrm_nm": "제 55 기",
        "frmtrm_dt": "2023.01.01 ~ 2023.12.31",
        "frmtrm_amount": "237,914,903,225",
        "bfefrmtrm_nm": "제 54 기",
        "bfefrmtrm_dt": "2022.01.01 ~ 2022.12.31",
        "bfefrmtrm_amount": "397,574,439,779",
        "ord": "30",
        "currency": "KRW"
    },
    {
        "rcept_no": "20250515002814",
        "reprt_code": "11011",
        "bsns_year": "2024",
        "corp_code": "00111722",
        "stock_code": "006800",
        "fs_div": "OFS",
        "fs_nm": "재무제표",
        "sj_div": "IS",
        "sj_nm": "손익계산서",
        "account_nm": "이자수익",
        "thstrm_nm": "제 56 기",
        "thstrm_dt": "2024.01.01 ~ 2024.12.31",
        "thstrm_amount": "2,137,609,992,676",
        "frmtrm_nm": "제 55 기",
        "frmtrm_dt": "2023.01.01 ~ 2023.12.31",
        "frmtrm_amount": "1,925,348,962,307",
        "bfefrmtrm_nm": "제 54 기",
        "bfefrmtrm_dt": "2022.01.01 ~ 2022.12.31",
        "bfefrmtrm_amount": "1,308,145,822,051",
        "ord": "54",
        "currency": "KRW"
    },
    {
        "rcept_no": "20250515002814",
        "reprt_code": "11011",
        "bsns_year": "2024",
        "corp_code": "00111722",
        "stock_code": "006800",
        "fs_div": "OFS",
        "fs_nm": "재무제표",
        "sj_div": "IS",
        "sj_nm": "손익계산서",
        "account_nm": "이자비용",
        "thstrm_nm": "제 56 기",
        "thstrm_dt": "2024.01.01 ~ 2024.12.31",
        "thstrm_amount": "1,904,683,371,103",
        "frmtrm_nm": "제 55 기",
        "frmtrm_dt": "2023.01.01 ~ 2023.12.31",
        "frmtrm_amount": "1,712,997,498,314",
        "bfefrmtrm_nm": "제 54 기",
        "bfefrmtrm_dt": "2022.01.01 ~ 2022.12.31",
        "bfefrmtrm_amount": "928,651,551,933",
        "ord": "56",
        "currency": "KRW"
    },
    {
        "rcept_no": "20250515002814",
        "reprt_code": "11011",
        "bsns_year": "2024",
        "corp_code": "00111722",
        "stock_code": "006800",
        "fs_div": "OFS",
        "fs_nm": "재무제표",
        "sj_div": "IS",
        "sj_nm": "손익계산서",
        "account_nm": "영업이익(손실)",
        "thstrm_nm": "제 56 기",
        "thstrm_dt": "2024.01.01 ~ 2024.12.31",
        "thstrm_amount": "924,186,071,384",
        "frmtrm_nm": "제 55 기",
        "frmtrm_dt": "2023.01.01 ~ 2023.12.31",
        "frmtrm_amount": "506,999,407,350",
        "bfefrmtrm_nm": "제 54 기",
        "bfefrmtrm_dt": "2022.01.01 ~ 2022.12.31",
        "bfefrmtrm_amount": "548,389,981,629",
        "ord": "60",
        "currency": "KRW"
    },
    {
        "rcept_no": "20250515002814",
        "reprt_code": "11011",
        "bsns_year": "2024",
        "corp_code": "00111722",
        "stock_code": "006800",
        "fs_div": "OFS",
        "fs_nm": "재무제표",
        "sj_div": "IS",
        "sj_nm": "손익계산서",
        "account_nm": "당기순이익(손실)",
        "thstrm_nm": "제 56 기",
        "thstrm_dt": "2024.01.01 ~ 2024.12.31",
        "thstrm_amount": "699,130,344,965",
        "frmtrm_nm": "제 55 기",
        "frmtrm_dt": "2023.01.01 ~ 2023.12.31",
        "frmtrm_amount": "237,914,903,225",
        "bfefrmtrm_nm": "제 54 기",
        "bfefrmtrm_dt": "2022.01.01 ~ 2022.12.31",
        "bfefrmtrm_amount": "397,574,439,779",
        "ord": "62",
        "currency": "KRW"
    },
    {
        "rcept_no": "20250515002814",
        "reprt_code": "11011",
        "bsns_year": "2024",
        "corp_code": "00111722",
        "stock_code": "006800",
        "fs_div": "OFS",
        "fs_nm": "재무제표",
        "sj_div": "IS",
        "sj_nm": "손익계산서",
        "account_nm": "총포괄손익",
        "thstrm_nm": "제 56 기",
        "thstrm_dt": "2024.01.01 ~ 2024.12.31",
        "thstrm_amount": "706,141,632,130",
        "frmtrm_nm": "제 55 기",
        "frmtrm_dt": "2023.01.01 ~ 2023.12.31",
        "frmtrm_amount": "566,107,224,921",
        "bfefrmtrm_nm": "제 54 기",
        "bfefrmtrm_dt": "2022.01.01 ~ 2022.12.31",
        "bfefrmtrm_amount": "-193,261,528,317",
        "ord": "64",
        "currency": "KRW"
    },
    {
        "rcept_no": "20250515002814",
        "reprt_code": "11011",
        "bsns_year": "2024",
        "corp_code": "00111722",
        "stock_code": "006800",
        "fs_div": "OFS",
        "fs_nm": "재무제표",
        "sj_div": "IS",
        "sj_nm": "손익계산서",
        "account_nm": "영업비용",
        "thstrm_nm": "제 56 기",
        "thstrm_dt": "2024.01.01 ~ 2024.12.31",
        "thstrm_amount": "15,666,751,030,853",
        "frmtrm_nm": "제 55 기",
        "frmtrm_dt": "2023.01.01 ~ 2023.12.31",
        "frmtrm_amount": "16,165,039,025,001",
        "bfefrmtrm_nm": "제 54 기",
        "bfefrmtrm_dt": "2022.01.01 ~ 2022.12.31",
        "bfefrmtrm_amount": "16,213,041,133,349",
        "ord": "66",
        "currency": "KRW"
    }
]