{
    "2024": {
        "EPS": 699.13,
        "BPS": 9912.44,
        "ROE(%)": 7.05,
        "ROA(%)": 0.73,
        "부채비율(%)": 860.07,
        "유동비율(%)": "--",
        "영업이익률(%)": 0.0,
        "순이익률(%)": 4.21
    },
    "2023": {
        "EPS": 237.91,
        "BPS": 9468.32,
        "ROE(%)": 2.51,
        "ROA(%)": 0.28,
        "부채비율(%)": 807.92,
        "유동비율(%)": "--",
        "영업이익률(%)": 0.0,
        "순이익률(%)": 1.43
    },
    "2022": {
        "EPS": 0.0,
        "BPS": 0.0,
        "ROE(%)": "--",
        "ROA(%)": "--",
        "부채비율(%)": "--",
        "유동비율(%)": "--",
        "영업이익률(%)": "--",
        "순이익률(%)": "--"
    }
}