[
    {
        "rcept_no": "20250515002814",
        "reprt_code": "11011",
        "bsns_year": "2024",
        "corp_code": "00111722",
        "stock_code": "006800",
        "fs_div": "CFS",
        "fs_nm": "연결재무제표",
        "sj_div": "BS",
        "sj_nm": "재무상태표",
        "account_nm": "자산총계",
        "thstrm_nm": "제 56 기",
        "thstrm_dt": "2024.12.31 현재",
        "thstrm_amount": "137,176,998,056,307",
        "frmtrm_nm": "제 55 기",
        "frmtrm_dt": "2023.12.31 현재",
        "frmtrm_amount": "128,206,948,648,964",
        "bfefrmtrm_nm": "제 54 기",
        "bfefrmtrm_dt": "2022.12.31 현재",
        "bfefrmtrm_amount": "106,952,189,880,235",
        "ord": "5",
        "currency": "KRW"
    },
    {
        "rcept_no": "20250515002814",
        "reprt_code": "11011",
        "bsns_year": "2024",
        "corp_code": "00111722",
        "stock_code": "006800",
        "fs_div": "CFS",
        "fs_nm": "연결재무제표",
        "sj_div": "BS",
        "sj_nm": "재무상태표",
        "account_nm": "부채총계",
        "thstrm_nm": "제 56 기",
        "thstrm_dt": "2024.12.31 현재",
        "thstrm_amount": "124,913,289,504,539",
        "frmtrm_nm": "제 55 기",
        "frmtrm_dt": "2023.12.31 현재",
        "frmtrm_amount": "116,938,445,976,567",
        "bfefrmtrm_nm": "제 54 기",
        "bfefrmtrm_dt": "2022.12.31 현재",
        "bfefrmtrm_amount": "95,852,875,159,122",
        "ord": "11",
        "currency": "KRW"
    },
    {
        "rcept_no": "20250515002814",
        "reprt_code": "11011",
        "bsns_year": "2024",
        "corp_code": "00111722",
        "stock_code": "006800",
        "fs_div": "CFS",
        "fs_nm": "연결재무제표",
        "sj_div": "BS",
        "sj_nm": "재무상태표",
        "account_nm": "자본금",
        "thstrm_nm": "제 56 기",
        "thstrm_dt": "2024.12.31 현재",
        "thstrm_amount": "4,101,960,790,000",
        "frmtrm_nm": "제 55 기",
        "frmtrm_dt": "2023.12.31 현재",
        "frmtrm_amount": "4,101,960,790,000",
        "bfefrmtrm_nm": "제 54 기",
        "bfefrmtrm_dt": "2022.12.31 현재",
        "bfefrmtrm_amount": "4,101,960,790,000",
        "ord": "13",
        "currency": "KRW"
    },
    {
        "rcept_no": "20250515002814",
        "reprt_code": "11011",
        "bsns_year": "2024",
        "corp_code": "00111722",
        "stock_code": "006800",
        "fs_div": "CFS",
        "fs_nm": "연결재무제표",
        "sj_div": "BS",
        "sj_nm": "재무상태표",
        "account_nm": "이익잉여금",
        "thstrm_nm": "제 56 기",
        "thstrm_dt": "2024.12.31 현재",
        "thstrm_amount": "5,471,506,967,840",
        "frmtrm_nm": "제 55 기",
        "frmtrm_dt": "2023.12.31 현재",
        "frmtrm_amount": "4,850,032,870,587",
        "bfefrmtrm_nm": "제 54 기",
        "bfefrmtrm_dt": "2022.12.31 현재",
        "bfefrmtrm_amount": "4,750,492,041,134",
        "ord": "17",
        "currency": "KRW"
    },
    {
        "rcept_no": "20250515002814",
        "reprt_code": "11011",
        "bsns_year": "2024",
        "corp_code": "00111722",
        "stock_code": "006800",
        "fs_div": "CFS",
        "fs_nm": "연결재무제표",
        "sj_div": "BS",
        "sj_nm": "재무상태표",
        "account_nm": "자본총계",
        "thstrm_nm": "제 56 기",
        "thstrm_dt": "2024.12.31 현재",
        "thstrm_amount": "12,263,708,551,768",
        "frmtrm_nm": "제 55 기",
        "frmtrm_dt": "2023.12.31 현재",
        "frmtrm_amount": "11,268,502,672,397",
        "bfefrmtrm_nm": "제 54 기",
        "bfefrmtrm_dt": "2022.12.31 현재",
        "bfefrmtrm_amount": "11,099,314,721,113",
        "ord": "21",
        "currency": "KRW"
    },
    {
        "rcept_no": "20250515002814",
        "reprt_code": "11011",
        "bsns_year": "2024",
        "corp_code": "00111722",
        "stock_code": "006800",
        "fs_div": "CFS",
        "fs_nm": "연결재무제표",
        "sj_div": "BS",
        "sj_nm": "재무상태표",
        "account_nm": "예수부채",
        "thstrm_nm": "제 56 기",
        "thstrm_dt": "2024.12.31 현재",
        "thstrm_amount": "12,229,683,658,532",
        "frmtrm_nm": "제 55 기",
        "frmtrm_dt": "2023.12.31 현재",
        "frmtrm_amount": "10,926,683,536,511",
        "bfefrmtrm_nm": "제 54 기",
        "bfefrmtrm_dt": "2022.12.31 현재",
        "bfefrmtrm_amount": "9,650,956,350,952",
        "ord": "31",
        "currency": "KRW"
    },
    {
        "rcept_no": "20250515002814",
        "reprt_code": "11011",
        "bsns_year": "2024",
        "corp_code": "00111722",
        "stock_code": "006800",
        "fs_div": "CFS",
        "fs_nm": "연결재무제표",
        "sj_div": "BS",
        "sj_nm": "재무상태표",
        "account_nm": "당기손익-공정가치측정금융자산",
        "thstrm_nm": "제 56 기",
        "thstrm_dt": "2024.12.31 현재",
        "thstrm_amount": "55,234,547,243,359",
        "frmtrm_nm": "제 55 기",
        "frmtrm_dt": "2023.12.31 현재",
        "frmtrm_amount": "44,782,872,187,053",
        "bfefrmtrm_nm": "제 54 기",
        "bfefrmtrm_dt": "2022.12.31 현재",
        "bfefrmtrm_amount": "39,179,062,699,121",
        "ord": "35",
        "currency": "KRW"
    },
    {
        "rcept_no": "20250515002814",
        "reprt_code": "11011",
        "bsns_year": "2024",
        "corp_code": "00111722",
        "stock_code": "006800",
        "fs_div": "CFS",
        "fs_nm": "연결재무제표",
        "sj_div": "BS",
        "sj_nm": "재무상태표",
        "account_nm": "기타포괄손익-공정가치측정금융자산",
        "thstrm_nm": "제 56 기",
        "thstrm_dt": "2024.12.31 현재",
        "thstrm_amount": "17,578,414,032,721",
        "frmtrm_nm": "제 55 기",
        "frmtrm_dt": "2023.12.31 현재",
        "frmtrm_amount": "16,087,747,836,345",
        "bfefrmtrm_nm": "제 54 기",
        "bfefrmtrm_dt": "2022.12.31 현재",
        "bfefrmtrm_amount": "15,913,019,493,755",
        "ord": "37",
        "currency": "KRW"
    },
    {
        "rcept_no": "20250515002814",
        "reprt_code": "11011",
        "bsns_year": "2024",
        "corp_code": "00111722",
        "stock_code": "006800",
        "fs_div": "CFS",
        "fs_nm": "연결재무제표",
        "sj_div": "BS",
        "sj_nm": "재무상태표",
        "account_nm": "상각후원가측정금융자산",
        "thstrm_nm": "제 56 기",
        "thstrm_dt": "2024.12.31 현재",
        "thstrm_amount": "55,129,653,994,866",
        "frmtrm_nm": "제 55 기",
        "frmtrm_dt": "2023.12.31 현재",
        "frmtrm_amount": "58,103,697,361,258",
        "bfefrmtrm_nm": "제 54 기",
        "bfefrmtrm_dt": "2022.12.31 현재",
        "bfefrmtrm_amount": "40,906,990,050,430",
        "ord": "39",
        "currency": "KRW"
    },
    {
        "rcept_no": "20250515002814",
        "reprt_code": "11011",
        "bsns_year": "2024",
        "corp_code": "00111722",
        "stock_code": "006800",
        "fs_div": "OFS",
        "fs_nm": "재무제표",
        "sj_div": "BS",
        "sj_nm": "재무상태표",
        "account_nm": "자산총계",
        "thstrm_nm": "제 56 기",
        "thstrm_dt": "2024.12.31 현재",
        "thstrm_amount": "95,166,341,287,431",
        "frmtrm_nm": "제 55 기",
        "frmtrm_dt": "2023.12.31 현재",
        "frmtrm_amount": "85,964,525,290,133",
        "bfefrmtrm_nm": "제 54 기",
        "bfefrmtrm_dt": "2022.12.31 현재",
        "bfefrmtrm_amount": "77,528,737,937,314",
        "ord": "6",
        "currency": "KRW"
    },
    {
        "rcept_no": "20250515002814",
        "reprt_code": "11011",
        "bsns_year": "2024",
        "corp_code": "00111722",
        "stock_code": "006800",
        "fs_div": "OFS",
        "fs_nm": "재무제표",
        "sj_div": "BS",
        "sj_nm": "재무상태표",
        "account_nm": "부채총계",
        "thstrm_nm": "제 56 기",
        "thstrm_dt": "2024.12.31 현재",
        "thstrm_amount": "85,253,904,120,329",
        "frmtrm_nm": "제 55 기",
        "frmtrm_dt": "2023.12.31 현재",
        "frmtrm_amount": "76,496,202,668,286",
        "bfefrmtrm_nm": "제 54 기",
        "bfefrmtrm_dt": "2022.12.31 현재",
        "bfefrmtrm_amount": "68,433,158,477,608",
        "ord": "12",
        "currency": "KRW"
    },
    {
        "rcept_no": "20250515002814",
        "reprt_code": "11011",
        "bsns_year": "2024",
        "corp_code": "00111722",
        "stock_code": "006800",
        "fs_div": "OFS",
        "fs_nm": "재무제표",
        "sj_div": "BS",
        "sj_nm": "재무상태표",
        "account_nm": "자본금",
        "thstrm_nm": "제 56 기",
        "thstrm_dt": "2024.12.31 현재",
        "thstrm_amount": "4,101,960,790,000",
        "frmtrm_nm": "제 55 기",
        "frmtrm_dt": "2023.12.31 현재",
        "frmtrm_amount": "4,101,960,790,000",
        "bfefrmtrm_nm": "제 54 기",
        "bfefrmtrm_dt": "2022.12.31 현재",
        "bfefrmtrm_amount": "4,101,960,790,000",
        "ord": "15",
        "currency": "KRW"
    },
    {
        "rcept_no": "20250515002814",
        "reprt_code": "11011",
        "bsns_year": "2024",
        "corp_code": "00111722",
        "stock_code": "006800",
        "fs_div": "OFS",
        "fs_nm": "재무제표",
        "sj_div": "BS",
        "sj_nm": "재무상태표",
        "account_nm": "이익잉여금",
        "thstrm_nm": "제 56 기",
        "thstrm_dt": "2024.12.31 현재",
        "thstrm_amount": "3,837,219,131,464",
        "frmtrm_nm": "제 55 기",
        "frmtrm_dt": "2023.12.31 현재",
        "frmtrm_amount": "3,393,527,071,949",
        "bfefrmtrm_nm": "제 54 기",
        "bfefrmtrm_dt": "2022.12.31 현재",
        "bfefrmtrm_amount": "3,365,686,549,324",
        "ord": "19",
        "currency": "KRW"
    },
    {
        "rcept_no": "20250515002814",
        "reprt_code": "11011",
        "bsns_year": "2024",
        "corp_code": "00111722",
        "stock_code": "006800",
        "fs_div": "OFS",
        "fs_nm": "재무제표",
        "sj_div": "BS",
        "sj_nm": "재무상태표",
        "account_nm": "자본총계",
        "thstrm_nm": "제 56 기",
        "thstrm_dt": "2024.12.31 현재",
        "thstrm_amount": "9,912,437,167,102",
        "frmtrm_nm": "제 55 기",
        "frmtrm_dt": "2023.12.31 현재",
        "frmtrm_amount": "9,468,322,621,847",
        "bfefrmtrm_nm": "제 54 기",
        "bfefrmtrm_dt": "2022.12.31 현재",
        "bfefrmtrm_amount": "9,095,579,459,706",
        "ord": "22",
        "currency": "KRW"
    },
    {
        "rcept_no": "20250515002814",
        "reprt_code": "11011",
        "bsns_year": "2024",
        "corp_code": "00111722",
        "stock_code": "006800",
        "fs_div": "OFS",
        "fs_nm": "재무제표",
        "sj_div": "BS",
        "sj_nm": "재무상태표",
        "account_nm": "예수부채",
        "thstrm_nm": "제 56 기",
        "thstrm_dt": "2024.12.31 현재",
        "thstrm_amount": "12,081,520,074,752",
        "frmtrm_nm": "제 55 기",
        "frmtrm_dt": "2023.12.31 현재",
        "frmtrm_amount": "10,698,576,139,399",
        "bfefrmtrm_nm": "제 54 기",
        "bfefrmtrm_dt": "2022.12.31 현재",
        "bfefrmtrm_amount": "9,484,178,468,023",
        "ord": "32",
        "currency": "KRW"
    },
    {
        "rcept_no": "20250515002814",
        "reprt_code": "11011",
        "bsns_year": "2024",
        "corp_code": "00111722",
        "stock_code": "006800",
        "fs_div": "OFS",
        "fs_nm": "재무제표",
        "sj_div": "BS",
        "sj_nm": "재무상태표",
        "account_nm": "당기손익-공정가치측정금융자산",
        "thstrm_nm": "제 56 기",
        "thstrm_dt": "2024.12.31 현재",
        "thstrm_amount": "45,034,190,153,230",
        "frmtrm_nm": "제 55 기",
        "frmtrm_dt": "2023.12.31 현재",
        "frmtrm_amount": "37,119,516,744,868",
        "bfefrmtrm_nm": "제 54 기",
        "bfefrmtrm_dt": "2022.12.31 현재",
        "bfefrmtrm_amount": "33,707,998,861,690",
        "ord": "36",
        "currency": "KRW"
    },
    {
        "rcept_no": "20250515002814",
        "reprt_code": "11011",
        "bsns_year": "2024",
        "corp_code": "00111722",
        "stock_code": "006800",
        "fs_div": "OFS",
        "fs_nm": "재무제표",
        "sj_div": "BS",
        "sj_nm": "재무상태표",
        "account_nm": "기타포괄손익-공정가치측정금융자산",
        "thstrm_nm": "제 56 기",
        "thstrm_dt": "2024.12.31 현재",
        "thstrm_amount": "17,548,503,959,758",
        "frmtrm_nm": "제 55 기",
        "frmtrm_dt": "2023.12.31 현재",
        "frmtrm_amount": "15,998,257,004,756",
        "bfefrmtrm_nm": "제 54 기",
        "bfefrmtrm_dt": "2022.12.31 현재",
        "bfefrmtrm_amount": "15,779,931,433,839",
        "ord": "38",
        "currency": "KRW"
    },
    {
        "rcept_no": "20250515002814",
        "reprt_code": "11011",
        "bsns_year": "2024",
        "corp_code": "00111722",
        "stock_code": "006800",
        "fs_div": "OFS",
        "fs_nm": "재무제표",
        "sj_div": "BS",
        "sj_nm": "재무상태표",
        "account_nm": "상각후원가측정금융자산",
        "thstrm_nm": "제 56 기",
        "thstrm_dt": "2024.12.31 현재",
        "thstrm_amount": "23,097,136,444,134",
        "frmtrm_nm": "제 55 기",
        "frmtrm_dt": "2023.12.31 현재",
        "frmtrm_amount": "23,558,641,979,340",
        "bfefrmtrm_nm": "제 54 기",
        "bfefrmtrm_dt": "2022.12.31 현재",
        "bfefrmtrm_amount": "17,741,167,385,102",
        "ord": "40",
        "currency": "KRW"
    }
]