[
    {
        "rcept_no": "20240318000604",
        "reprt_code": "11011",
        "bsns_year": "2023",
        "corp_code": "00111722",
        "stock_code": "006800",
        "fs_div": "CFS",
        "fs_nm": "연결재무제표",
        "sj_div": "BS",
        "sj_nm": "재무상태표",
        "account_nm": "자산총계",
        "thstrm_nm": "제 55 기",
        "thstrm_dt": "2023.12.31 현재",
        "thstrm_amount": "128,177,312,090,956",
        "frmtrm_nm": "제 54 기",
        "frmtrm_dt": "2022.12.31 현재",
        "frmtrm_amount": "106,952,189,880,235",
        "bfefrmtrm_nm": "제 53 기",
        "bfefrmtrm_dt": "2021.12.31 현재",
        "bfefrmtrm_amount": "108,641,793,313,959",
        "ord": "5",
        "currency": "KRW"
    },
    {
        "rcept_no": "20240318000604",
        "reprt_code": "11011",
        "bsns_year": "2023",
        "corp_code": "00111722",
        "stock_code": "006800",
        "fs_div": "CFS",
        "fs_nm": "연결재무제표",
        "sj_div": "BS",
        "sj_nm": "재무상태표",
        "account_nm": "부채총계",
        "thstrm_nm": "제 55 기",
        "thstrm_dt": "2023.12.31 현재",
        "thstrm_amount": "116,938,445,976,567",
        "frmtrm_nm": "제 54 기",
        "frmtrm_dt": "2022.12.31 현재",
        "frmtrm_amount": "95,852,875,159,122",
        "bfefrmtrm_nm": "제 53 기",
        "bfefrmtrm_dt": "2021.12.31 현재",
        "bfefrmtrm_amount": "98,031,833,902,423",
        "ord": "11",
        "currency": "KRW"
    },
    {
        "rcept_no": "20240318000604",
        "reprt_code": "11011",
        "bsns_year": "2023",
        "corp_code": "00111722",
        "stock_code": "006800",
        "fs_div": "CFS",
        "fs_nm": "연결재무제표",
        "sj_div": "BS",
        "sj_nm": "재무상태표",
        "account_nm": "자본금",
        "thstrm_nm": "제 55 기",
        "thstrm_dt": "2023.12.31 현재",
        "thstrm_amount": "4,101,960,790,000",
        "frmtrm_nm": "제 54 기",
        "frmtrm_dt": "2022.12.31 현재",
        "frmtrm_amount": "4,101,960,790,000",
        "bfefrmtrm_nm": "제 53 기",
        "bfefrmtrm_dt": "2021.12.31 현재",
        "bfefrmtrm_amount": "4,101,960,790,000",
        "ord": "13",
        "currency": "KRW"
    },
    {
        "rcept_no": "20240318000604",
        "reprt_code": "11011",
        "bsns_year": "2023",
        "corp_code": "00111722",
        "stock_code": "006800",
        "fs_div": "CFS",
        "fs_nm": "연결재무제표",
        "sj_div": "BS",
        "sj_nm": "재무상태표",
        "account_nm": "이익잉여금",
        "thstrm_nm": "제 55 기",
        "thstrm_dt": "2023.12.31 현재",
        "thstrm_amount": "4,820,578,726,277",
        "frmtrm_nm": "제 54 기",
        "frmtrm_dt": "2022.12.31 현재",
        "frmtrm_amount": "4,750,492,041,134",
        "bfefrmtrm_nm": "제 53 기",
        "bfefrmtrm_dt": "2021.12.31 현재",
        "bfefrmtrm_amount": "4,282,775,759,412",
        "ord": "17",
        "currency": "KRW"
    },
    {
        "rcept_no": "20240318000604",
        "reprt_code": "11011",
        "bsns_year": "2023",
        "corp_code": "00111722",
        "stock_code": "006800",
        "fs_div": "CFS",
        "fs_nm": "연결재무제표",
        "sj_div": "BS",
        "sj_nm": "재무상태표",
        "account_nm": "자본총계",
        "thstrm_nm": "제 55 기",
        "thstrm_dt": "2023.12.31 현재",
        "thstrm_amount": "11,238,866,114,389",
        "frmtrm_nm": "제 54 기",
        "frmtrm_dt": "2022.12.31 현재",
        "frmtrm_amount": "11,099,314,721,113",
        "bfefrmtrm_nm": "제 53 기",
        "bfefrmtrm_dt": "2021.12.31 현재",
        "bfefrmtrm_amount": "10,609,959,411,536",
        "ord": "21",
        "currency": "KRW"
    },
    {
        "rcept_no": "20240318000604",
        "reprt_code": "11011",
        "bsns_year": "2023",
        "corp_code": "00111722",
        "stock_code": "006800",
        "fs_div": "CFS",
        "fs_nm": "연결재무제표",
        "sj_div": "BS",
        "sj_nm": "재무상태표",
        "account_nm": "예수부채",
        "thstrm_nm": "제 55 기",
        "thstrm_dt": "2023.12.31 현재",
        "thstrm_amount": "10,926,683,536,511",
        "frmtrm_nm": "제 54 기",
        "frmtrm_dt": "2022.12.31 현재",
        "frmtrm_amount": "9,650,956,350,952",
        "bfefrmtrm_nm": "제 53 기",
        "bfefrmtrm_dt": "2021.12.31 현재",
        "bfefrmtrm_amount": "14,550,891,285,100",
        "ord": "31",
        "currency": "KRW"
    },
    {
        "rcept_no": "20240318000604",
        "reprt_code": "11011",
        "bsns_year": "2023",
        "corp_code": "00111722",
        "stock_code": "006800",
        "fs_div": "CFS",
        "fs_nm": "연결재무제표",
        "sj_div": "BS",
        "sj_nm": "재무상태표",
        "account_nm": "차입부채",
        "thstrm_nm": "제 55 기",
        "thstrm_dt": "2023.12.31 현재",
        "thstrm_amount": "67,894,576,810,548",
        "frmtrm_nm": "제 54 기",
        "frmtrm_dt": "2022.12.31 현재",
        "frmtrm_amount": "52,059,468,190,276",
        "bfefrmtrm_nm": "제 53 기",
        "bfefrmtrm_dt": "2021.12.31 현재",
        "bfefrmtrm_amount": "50,330,076,808,955",
        "ord": "33",
        "currency": "KRW"
    },
    {
        "rcept_no": "20240318000604",
        "reprt_code": "11011",
        "bsns_year": "2023",
        "corp_code": "00111722",
        "stock_code": "006800",
        "fs_div": "CFS",
        "fs_nm": "연결재무제표",
        "sj_div": "BS",
        "sj_nm": "재무상태표",
        "account_nm": "당기손익-공정가치측정금융자산",
        "thstrm_nm": "제 55 기",
        "thstrm_dt": "2023.12.31 현재",
        "thstrm_amount": "44,782,872,187,053",
        "frmtrm_nm": "제 54 기",
        "frmtrm_dt": "2022.12.31 현재",
        "frmtrm_amount": "39,179,062,699,121",
        "bfefrmtrm_nm": "제 53 기",
        "bfefrmtrm_dt": "2021.12.31 현재",
        "bfefrmtrm_amount": "42,566,515,691,448",
        "ord": "35",
        "currency": "KRW"
    },
    {
        "rcept_no": "20240318000604",
        "reprt_code": "11011",
        "bsns_year": "2023",
        "corp_code": "00111722",
        "stock_code": "006800",
        "fs_div": "CFS",
        "fs_nm": "연결재무제표",
        "sj_div": "BS",
        "sj_nm": "재무상태표",
        "account_nm": "기타포괄손익-공정가치측정금융자산",
        "thstrm_nm": "제 55 기",
        "thstrm_dt": "2023.12.31 현재",
        "thstrm_amount": "16,087,747,836,345",
        "frmtrm_nm": "제 54 기",
        "frmtrm_dt": "2022.12.31 현재",
        "frmtrm_amount": "15,913,019,493,755",
        "bfefrmtrm_nm": "제 53 기",
        "bfefrmtrm_dt": "2021.12.31 현재",
        "bfefrmtrm_amount": "13,306,110,706,924",
        "ord": "37",
        "currency": "KRW"
    },
    {
        "rcept_no": "20240318000604",
        "reprt_code": "11011",
        "bsns_year": "2023",
        "corp_code": "00111722",
        "stock_code": "006800",
        "fs_div": "CFS",
        "fs_nm": "연결재무제표",
        "sj_div": "BS",
        "sj_nm": "재무상태표",
        "account_nm": "상각후원가측정금융자산",
        "thstrm_nm": "제 55 기",
        "thstrm_dt": "2023.12.31 현재",
        "thstrm_amount": "58,103,697,361,258",
        "frmtrm_nm": "제 54 기",
        "frmtrm_dt": "2022.12.31 현재",
        "frmtrm_amount": "40,906,990,050,430",
        "bfefrmtrm_nm": "제 53 기",
        "bfefrmtrm_dt": "2021.12.31 현재",
        "bfefrmtrm_amount": "41,549,458,859,618",
        "ord": "39",
        "currency": "KRW"
    },
    {
        "rcept_no": "20240318000604",
        "reprt_code": "11011",
        "bsns_year": "2023",
        "corp_code": "00111722",
        "stock_code": "006800",
        "fs_div": "OFS",
        "fs_nm": "재무제표",
        "sj_div": "BS",
        "sj_nm": "재무상태표",
        "account_nm": "자산총계",
        "thstrm_nm": "제 55 기",
        "thstrm_dt": "2023.12.31 현재",
        "thstrm_amount": "85,964,525,290,133",
        "frmtrm_nm": "제 54 기",
        "frmtrm_dt": "2022.12.31 현재",
        "frmtrm_amount": "77,528,737,937,314",
        "bfefrmtrm_nm": "제 53 기",
        "bfefrmtrm_dt": "2021.12.31 현재",
        "bfefrmtrm_amount": "84,024,164,448,106",
        "ord": "6",
        "currency": "KRW"
    },
    {
        "rcept_no": "20240318000604",
        "reprt_code": "11011",
        "bsns_year": "2023",
        "corp_code": "00111722",
        "stock_code": "006800",
        "fs_div": "OFS",
        "fs_nm": "재무제표",
        "sj_div": "BS",
        "sj_nm": "재무상태표",
        "account_nm": "부채총계",
        "thstrm_nm": "제 55 기",
        "thstrm_dt": "2023.12.31 현재",
        "thstrm_amount": "76,496,202,668,286",
        "frmtrm_nm": "제 54 기",
        "frmtrm_dt": "2022.12.31 현재",
        "frmtrm_amount": "68,433,158,477,608",
        "bfefrmtrm_nm": "제 53 기",
        "bfefrmtrm_dt": "2021.12.31 현재",
        "bfefrmtrm_amount": "74,442,519,510,723",
        "ord": "12",
        "currency": "KRW"
    },
    {
        "rcept_no": "20240318000604",
        "reprt_code": "11011",
        "bsns_year": "2023",
        "corp_code": "00111722",
        "stock_code": "006800",
        "fs_div": "OFS",
        "fs_nm": "재무제표",
        "sj_div": "BS",
        "sj_nm": "재무상태표",
        "account_nm": "자본금",
        "thstrm_nm": "제 55 기",
        "thstrm_dt": "2023.12.31 현재",
        "thstrm_amount": "4,101,960,790,000",
        "frmtrm_nm": "제 54 기",
        "frmtrm_dt": "2022.12.31 현재",
        "frmtrm_amount": "4,101,960,790,000",
        "bfefrmtrm_nm": "제 53 기",
        "bfefrmtrm_dt": "2021.12.31 현재",
        "bfefrmtrm_amount": "4,101,960,790,000",
        "ord": "15",
        "currency": "KRW"
    },
    {
        "rcept_no": "20240318000604",
        "reprt_code": "11011",
        "bsns_year": "2023",
        "corp_code": "00111722",
        "stock_code": "006800",
        "fs_div": "OFS",
        "fs_nm": "재무제표",
        "sj_div": "BS",
        "sj_nm": "재무상태표",
        "account_nm": "이익잉여금",
        "thstrm_nm": "제 55 기",
        "thstrm_dt": "2023.12.31 현재",
        "thstrm_amount": "3,393,527,071,949",
        "frmtrm_nm": "제 54 기",
        "frmtrm_dt": "2022.12.31 현재",
        "frmtrm_amount": "3,365,686,549,324",
        "bfefrmtrm_nm": "제 53 기",
        "bfefrmtrm_dt": "2021.12.31 현재",
        "bfefrmtrm_amount": "3,330,268,680,145",
        "ord": "19",
        "currency": "KRW"
    },
    {
        "rcept_no": "20240318000604",
        "reprt_code": "11011",
        "bsns_year": "2023",
        "corp_code": "00111722",
        "stock_code": "006800",
        "fs_div": "OFS",
        "fs_nm": "재무제표",
        "sj_div": "BS",
        "sj_nm": "재무상태표",
        "account_nm": "자본총계",
        "thstrm_nm": "제 55 기",
        "thstrm_dt": "2023.12.31 현재",
        "thstrm_amount": "9,468,322,621,847",
        "frmtrm_nm": "제 54 기",
        "frmtrm_dt": "2022.12.31 현재",
        "frmtrm_amount": "9,095,579,459,706",
        "bfefrmtrm_nm": "제 53 기",
        "bfefrmtrm_dt": "2021.12.31 현재",
        "bfefrmtrm_amount": "9,581,644,937,383",
        "ord": "22",
        "currency": "KRW"
    },
    {
        "rcept_no": "20240318000604",
        "reprt_code": "11011",
        "bsns_year": "2023",
        "corp_code": "00111722",
        "stock_code": "006800",
        "fs_div": "OFS",
        "fs_nm": "재무제표",
        "sj_div": "BS",
        "sj_nm": "재무상태표",
        "account_nm": "예수부채",
        "thstrm_nm": "제 55 기",
        "thstrm_dt": "2023.12.31 현재",
        "thstrm_amount": "10,698,576,139,399",
        "frmtrm_nm": "제 54 기",
        "frmtrm_dt": "2022.12.31 현재",
        "frmtrm_amount": "9,484,178,468,023",
        "bfefrmtrm_nm": "제 53 기",
        "bfefrmtrm_dt": "2021.12.31 현재",
        "bfefrmtrm_amount": "14,354,386,589,258",
        "ord": "32",
        "currency": "KRW"
    },
    {
        "rcept_no": "20240318000604",
        "reprt_code": "11011",
        "bsns_year": "2023",
        "corp_code": "00111722",
        "stock_code": "006800",
        "fs_div": "OFS",
        "fs_nm": "재무제표",
        "sj_div": "BS",
        "sj_nm": "재무상태표",
        "account_nm": "차입부채",
        "thstrm_nm": "제 55 기",
        "thstrm_dt": "2023.12.31 현재",
        "thstrm_amount": "33,699,727,919,565",
        "frmtrm_nm": "제 54 기",
        "frmtrm_dt": "2022.12.31 현재",
        "frmtrm_amount": "29,182,050,816,176",
        "bfefrmtrm_nm": "제 53 기",
        "bfefrmtrm_dt": "2021.12.31 현재",
        "bfefrmtrm_amount": "29,869,297,330,020",
        "ord": "34",
        "currency": "KRW"
    },
    {
        "rcept_no": "20240318000604",
        "reprt_code": "11011",
        "bsns_year": "2023",
        "corp_code": "00111722",
        "stock_code": "006800",
        "fs_div": "OFS",
        "fs_nm": "재무제표",
        "sj_div": "BS",
        "sj_nm": "재무상태표",
        "account_nm": "당기손익-공정가치측정금융자산",
        "thstrm_nm": "제 55 기",
        "thstrm_dt": "2023.12.31 현재",
        "thstrm_amount": "37,119,516,744,868",
        "frmtrm_nm": "제 54 기",
        "frmtrm_dt": "2022.12.31 현재",
        "frmtrm_amount": "33,707,998,861,690",
        "bfefrmtrm_nm": "제 53 기",
        "bfefrmtrm_dt": "2021.12.31 현재",
        "bfefrmtrm_amount": "38,103,586,692,591",
        "ord": "36",
        "currency": "KRW"
    },
    {
        "rcept_no": "20240318000604",
        "reprt_code": "11011",
        "bsns_year": "2023",
        "corp_code": "00111722",
        "stock_code": "006800",
        "fs_div": "OFS",
        "fs_nm": "재무제표",
        "sj_div": "BS",
        "sj_nm": "재무상태표",
        "account_nm": "기타포괄손익-공정가치측정금융자산",
        "thstrm_nm": "제 55 기",
        "thstrm_dt": "2023.12.31 현재",
        "thstrm_amount": "15,998,257,004,756",
        "frmtrm_nm": "제 54 기",
        "frmtrm_dt": "2022.12.31 현재",
        "frmtrm_amount": "15,779,931,433,839",
        "bfefrmtrm_nm": "제 53 기",
        "bfefrmtrm_dt": "2021.12.31 현재",
        "bfefrmtrm_amount": "13,243,406,168,639",
        "ord": "38",
        "currency": "KRW"
    },
    {
        "rcept_no": "20240318000604",
        "reprt_code": "11011",
        "bsns_year": "2023",
        "corp_code": "00111722",
        "stock_code": "006800",
        "fs_div": "OFS",
        "fs_nm": "재무제표",
        "sj_div": "BS",
        "sj_nm": "재무상태표",
        "account_nm": "상각후원가측정금융자산",
        "thstrm_nm": "제 55 기",
        "thstrm_dt": "2023.12.31 현재",
        "thstrm_amount": "23,558,641,979,340",
        "frmtrm_nm": "제 54 기",
        "frmtrm_dt": "2022.12.31 현재",
        "frmtrm_amount": "17,741,167,385,102",
        "bfefrmtrm_nm": "제 53 기",
        "bfefrmtrm_dt": "2021.12.31 현재",
        "bfefrmtrm_amount": "22,218,935,089,296",
        "ord": "40",
        "currency": "KRW"
    }
]