{
    "2024": {
        "EPS": 105.67,
        "BPS": 1317.37,
        "ROE(%)": 8.02,
        "ROA(%)": 4.62,
        "부채비율(%)": 73.53,
        "유동비율(%)": 151.63,
        "영업이익률(%)": 3.12,
        "순이익률(%)": 5.89
    },
    "2023": {
        "EPS": 136.11,
        "BPS": 1238.85,
        "ROE(%)": 10.99,
        "ROA(%)": 6.35,
        "부채비율(%)": 72.89,
        "유동비율(%)": 150.52,
        "영업이익률(%)": 8.14,
        "순이익률(%)": 7.98
    },
    "2022": {
        "EPS": 80.7,
        "BPS": 1120.64,
        "ROE(%)": 7.2,
        "ROA(%)": 4.15,
        "부채비율(%)": 73.42,
        "유동비율(%)": 120.65,
        "영업이익률(%)": 5.84,
        "순이익률(%)": 5.1
    }
}