[
    {
        "rcept_no": "20230322001245",
        "reprt_code": "11011",
        "bsns_year": "2022",
        "corp_code": "00155355",
        "stock_code": "017810",
        "fs_div": "CFS",
        "fs_nm": "연결재무제표",
        "sj_div": "IS",
        "sj_nm": "손익계산서",
        "account_nm": "매출액",
        "thstrm_nm": "제 39 기",
        "thstrm_dt": "2022.01.01 ~ 2022.12.31",
        "thstrm_amount": "2,838,303,860,365",
        "frmtrm_nm": "제 38 기",
        "frmtrm_dt": "2021.01.01 ~ 2021.12.31",
        "frmtrm_amount": "2,518,896,106,070",
        "bfefrmtrm_nm": "제 37 기",
        "bfefrmtrm_dt": "2020.01.01 ~ 2020.12.31",
        "bfefrmtrm_amount": "2,311,199,992,424",
        "ord": "23",
        "currency": "KRW"
    },
    {
        "rcept_no": "20230322001245",
        "reprt_code": "11011",
        "bsns_year": "2022",
        "corp_code": "00155355",
        "stock_code": "017810",
        "fs_div": "CFS",
        "fs_nm": "연결재무제표",
        "sj_div": "IS",
        "sj_nm": "손익계산서",
        "account_nm": "영업이익",
        "thstrm_nm": "제 39 기",
        "thstrm_dt": "2022.01.01 ~ 2022.12.31",
        "thstrm_amount": "26,331,500,743",
        "frmtrm_nm": "제 38 기",
        "frmtrm_dt": "2021.01.01 ~ 2021.12.31",
        "frmtrm_amount": "38,513,882,668",
        "bfefrmtrm_nm": "제 37 기",
        "bfefrmtrm_dt": "2020.01.01 ~ 2020.12.31",
        "bfefrmtrm_amount": "45,970,065,885",
        "ord": "25",
        "currency": "KRW"
    },
    {
        "rcept_no": "20230322001245",
        "reprt_code": "11011",
        "bsns_year": "2022",
        "corp_code": "00155355",
        "stock_code": "017810",
        "fs_div": "CFS",
        "fs_nm": "연결재무제표",
        "sj_div": "IS",
        "sj_nm": "손익계산서",
        "account_nm": "법인세차감전 순이익",
        "thstrm_nm": "제 39 기",
        "thstrm_dt": "2022.01.01 ~ 2022.12.31",
        "thstrm_amount": "-18,413,093,758",
        "frmtrm_nm": "제 38 기",
        "frmtrm_dt": "2021.01.01 ~ 2021.12.31",
        "frmtrm_amount": "13,508,680,000",
        "bfefrmtrm_nm": "제 37 기",
        "bfefrmtrm_dt": "2020.01.01 ~ 2020.12.31",
        "bfefrmtrm_amount": "17,955,342,113",
        "ord": "27",
        "currency": "KRW"
    },
    {
        "rcept_no": "20230322001245",
        "reprt_code": "11011",
        "bsns_year": "2022",
        "corp_code": "00155355",
        "stock_code": "017810",
        "fs_div": "CFS",
        "fs_nm": "연결재무제표",
        "sj_div": "IS",
        "sj_nm": "손익계산서",
        "account_nm": "당기순이익",
        "thstrm_nm": "제 39 기",
        "thstrm_dt": "2022.01.01 ~ 2022.12.31",
        "thstrm_amount": "-36,967,492,015",
        "frmtrm_nm": "제 38 기",
        "frmtrm_dt": "2021.01.01 ~ 2021.12.31",
        "frmtrm_amount": "304,155,972",
        "bfefrmtrm_nm": "제 37 기",
        "bfefrmtrm_dt": "2020.01.01 ~ 2020.12.31",
        "bfefrmtrm_amount": "11,833,778,475",
        "ord": "29",
        "currency": "KRW"
    },
    {
        "rcept_no": "20230322001245",
        "reprt_code": "11011",
        "bsns_year": "2022",
        "corp_code": "00155355",
        "stock_code": "017810",
        "fs_div": "CFS",
        "fs_nm": "연결재무제표",
        "sj_div": "IS",
        "sj_nm": "손익계산서",
        "account_nm": "당기순이익(손실)",
        "thstrm_nm": "제 39 기",
        "thstrm_dt": "2022.01.01 ~ 2022.12.31",
        "thstrm_amount": "-36,967,492,015",
        "frmtrm_nm": "제 38 기",
        "frmtrm_dt": "2021.01.01 ~ 2021.12.31",
        "frmtrm_amount": "304,155,972",
        "bfefrmtrm_nm": "제 37 기",
        "bfefrmtrm_dt": "2020.01.01 ~ 2020.12.31",
        "bfefrmtrm_amount": "11,833,778,475",
        "ord": "61",
        "currency": "KRW"
    },
    {
        "rcept_no": "20230322001245",
        "reprt_code": "11011",
        "bsns_year": "2022",
        "corp_code": "00155355",
        "stock_code": "017810",
        "fs_div": "OFS",
        "fs_nm": "재무제표",
        "sj_div": "IS",
        "sj_nm": "손익계산서",
        "account_nm": "영업이익",
        "thstrm_nm": "제 39 기",
        "thstrm_dt": "2022.01.01 ~ 2022.12.31",
        "thstrm_amount": "27,450,398,395",
        "frmtrm_nm": "제 38 기",
        "frmtrm_dt": "2021.01.01 ~ 2021.12.31",
        "frmtrm_amount": "24,397,933,988",
        "bfefrmtrm_nm": "제 37 기",
        "bfefrmtrm_dt": "2020.01.01 ~ 2020.12.31",
        "bfefrmtrm_amount": "20,302,479,696",
        "ord": "26",
        "currency": "KRW"
    },
    {
        "rcept_no": "20230322001245",
        "reprt_code": "11011",
        "bsns_year": "2022",
        "corp_code": "00155355",
        "stock_code": "017810",
        "fs_div": "OFS",
        "fs_nm": "재무제표",
        "sj_div": "IS",
        "sj_nm": "손익계산서",
        "account_nm": "법인세차감전 순이익",
        "thstrm_nm": "제 39 기",
        "thstrm_dt": "2022.01.01 ~ 2022.12.31",
        "thstrm_amount": "12,038,623,374",
        "frmtrm_nm": "제 38 기",
        "frmtrm_dt": "2021.01.01 ~ 2021.12.31",
        "frmtrm_amount": "17,405,753,346",
        "bfefrmtrm_nm": "제 37 기",
        "bfefrmtrm_dt": "2020.01.01 ~ 2020.12.31",
        "bfefrmtrm_amount": "14,283,814,246",
        "ord": "28",
        "currency": "KRW"
    },
    {
        "rcept_no": "20230322001245",
        "reprt_code": "11011",
        "bsns_year": "2022",
        "corp_code": "00155355",
        "stock_code": "017810",
        "fs_div": "OFS",
        "fs_nm": "재무제표",
        "sj_div": "IS",
        "sj_nm": "손익계산서",
        "account_nm": "당기순이익",
        "thstrm_nm": "제 39 기",
        "thstrm_dt": "2022.01.01 ~ 2022.12.31",
        "thstrm_amount": "8,192,124,493",
        "frmtrm_nm": "제 38 기",
        "frmtrm_dt": "2021.01.01 ~ 2021.12.31",
        "frmtrm_amount": "17,766,123,779",
        "bfefrmtrm_nm": "제 37 기",
        "bfefrmtrm_dt": "2020.01.01 ~ 2020.12.31",
        "bfefrmtrm_amount": "14,538,976,339",
        "ord": "30",
        "currency": "KRW"
    },
    {
        "rcept_no": "20230322001245",
        "reprt_code": "11011",
        "bsns_year": "2022",
        "corp_code": "00155355",
        "stock_code": "017810",
        "fs_div": "OFS",
        "fs_nm": "재무제표",
        "sj_div": "IS",
        "sj_nm": "손익계산서",
        "account_nm": "당기순이익(손실)",
        "thstrm_nm": "제 39 기",
        "thstrm_dt": "2022.01.01 ~ 2022.12.31",
        "thstrm_amount": "8,192,124,493",
        "frmtrm_nm": "제 38 기",
        "frmtrm_dt": "2021.01.01 ~ 2021.12.31",
        "frmtrm_amount": "17,766,123,779",
        "bfefrmtrm_nm": "제 37 기",
        "bfefrmtrm_dt": "2020.01.01 ~ 2020.12.31",
        "bfefrmtrm_amount": "14,538,976,339",
        "ord": "62",
        "currency": "KRW"
    }
]