[
    {
        "rcept_no": "20250318001312",
        "reprt_code": "11011",
        "bsns_year": "2024",
        "corp_code": "00155355",
        "stock_code": "017810",
        "fs_div": "CFS",
        "fs_nm": "연결재무제표",
        "sj_div": "BS",
        "sj_nm": "재무상태표",
        "account_nm": "유동자산",
        "thstrm_nm": "제 41 기",
        "thstrm_dt": "2024.12.31 현재",
        "thstrm_amount": "818,179,437,324",
        "frmtrm_nm": "제 40 기",
        "frmtrm_dt": "2023.12.31 현재",
        "frmtrm_amount": "730,136,230,683",
        "bfefrmtrm_nm": "제 39 기",
        "bfefrmtrm_dt": "2022.12.31 현재",
        "bfefrmtrm_amount": "752,345,560,481",
        "ord": "1",
        "currency": "KRW"
    },
    {
        "rcept_no": "20250318001312",
        "reprt_code": "11011",
        "bsns_year": "2024",
        "corp_code": "00155355",
        "stock_code": "017810",
        "fs_div": "CFS",
        "fs_nm": "연결재무제표",
        "sj_div": "BS",
        "sj_nm": "재무상태표",
        "account_nm": "비유동자산",
        "thstrm_nm": "제 41 기",
        "thstrm_dt": "2024.12.31 현재",
        "thstrm_amount": "1,512,978,268,537",
        "frmtrm_nm": "제 40 기",
        "frmtrm_dt": "2023.12.31 현재",
        "frmtrm_amount": "1,426,653,352,707",
        "bfefrmtrm_nm": "제 39 기",
        "bfefrmtrm_dt": "2022.12.31 현재",
        "bfefrmtrm_amount": "1,296,872,194,755",
        "ord": "3",
        "currency": "KRW"
    },
    {
        "rcept_no": "20250318001312",
        "reprt_code": "11011",
        "bsns_year": "2024",
        "corp_code": "00155355",
        "stock_code": "017810",
        "fs_div": "CFS",
        "fs_nm": "연결재무제표",
        "sj_div": "BS",
        "sj_nm": "재무상태표",
        "account_nm": "자산총계",
        "thstrm_nm": "제 41 기",
        "thstrm_dt": "2024.12.31 현재",
        "thstrm_amount": "2,331,157,705,861",
        "frmtrm_nm": "제 40 기",
        "frmtrm_dt": "2023.12.31 현재",
        "frmtrm_amount": "2,156,789,583,390",
        "bfefrmtrm_nm": "제 39 기",
        "bfefrmtrm_dt": "2022.12.31 현재",
        "bfefrmtrm_amount": "2,049,217,755,236",
        "ord": "5",
        "currency": "KRW"
    },
    {
        "rcept_no": "20250318001312",
        "reprt_code": "11011",
        "bsns_year": "2024",
        "corp_code": "00155355",
        "stock_code": "017810",
        "fs_div": "CFS",
        "fs_nm": "연결재무제표",
        "sj_div": "BS",
        "sj_nm": "재무상태표",
        "account_nm": "유동부채",
        "thstrm_nm": "제 41 기",
        "thstrm_dt": "2024.12.31 현재",
        "thstrm_amount": "1,145,117,063,926",
        "frmtrm_nm": "제 40 기",
        "frmtrm_dt": "2023.12.31 현재",
        "frmtrm_amount": "977,800,752,144",
        "bfefrmtrm_nm": "제 39 기",
        "bfefrmtrm_dt": "2022.12.31 현재",
        "bfefrmtrm_amount": "892,669,610,735",
        "ord": "7",
        "currency": "KRW"
    },
    {
        "rcept_no": "20250318001312",
        "reprt_code": "11011",
        "bsns_year": "2024",
        "corp_code": "00155355",
        "stock_code": "017810",
        "fs_div": "CFS",
        "fs_nm": "연결재무제표",
        "sj_div": "BS",
        "sj_nm": "재무상태표",
        "account_nm": "비유동부채",
        "thstrm_nm": "제 41 기",
        "thstrm_dt": "2024.12.31 현재",
        "thstrm_amount": "602,601,299,813",
        "frmtrm_nm": "제 40 기",
        "frmtrm_dt": "2023.12.31 현재",
        "frmtrm_amount": "672,444,190,218",
        "bfefrmtrm_nm": "제 39 기",
        "bfefrmtrm_dt": "2022.12.31 현재",
        "bfefrmtrm_amount": "609,901,374,249",
        "ord": "9",
        "currency": "KRW"
    },
    {
        "rcept_no": "20250318001312",
        "reprt_code": "11011",
        "bsns_year": "2024",
        "corp_code": "00155355",
        "stock_code": "017810",
        "fs_div": "CFS",
        "fs_nm": "연결재무제표",
        "sj_div": "BS",
        "sj_nm": "재무상태표",
        "account_nm": "부채총계",
        "thstrm_nm": "제 41 기",
        "thstrm_dt": "2024.12.31 현재",
        "thstrm_amount": "1,747,718,363,739",
        "frmtrm_nm": "제 40 기",
        "frmtrm_dt": "2023.12.31 현재",
        "frmtrm_amount": "1,650,244,942,362",
        "bfefrmtrm_nm": "제 39 기",
        "bfefrmtrm_dt": "2022.12.31 현재",
        "bfefrmtrm_amount": "1,502,570,984,984",
        "ord": "11",
        "currency": "KRW"
    },
    {
        "rcept_no": "20250318001312",
        "reprt_code": "11011",
        "bsns_year": "2024",
        "corp_code": "00155355",
        "stock_code": "017810",
        "fs_div": "CFS",
        "fs_nm": "연결재무제표",
        "sj_div": "BS",
        "sj_nm": "재무상태표",
        "account_nm": "자본금",
        "thstrm_nm": "제 41 기",
        "thstrm_dt": "2024.12.31 현재",
        "thstrm_amount": "21,077,561,000",
        "frmtrm_nm": "제 40 기",
        "frmtrm_dt": "2023.12.31 현재",
        "frmtrm_amount": "21,077,561,000",
        "bfefrmtrm_nm": "제 39 기",
        "bfefrmtrm_dt": "2022.12.31 현재",
        "bfefrmtrm_amount": "21,077,561,000",
        "ord": "13",
        "currency": "KRW"
    },
    {
        "rcept_no": "20250318001312",
        "reprt_code": "11011",
        "bsns_year": "2024",
        "corp_code": "00155355",
        "stock_code": "017810",
        "fs_div": "CFS",
        "fs_nm": "연결재무제표",
        "sj_div": "BS",
        "sj_nm": "재무상태표",
        "account_nm": "이익잉여금",
        "thstrm_nm": "제 41 기",
        "thstrm_dt": "2024.12.31 현재",
        "thstrm_amount": "151,772,478,978",
        "frmtrm_nm": "제 40 기",
        "frmtrm_dt": "2023.12.31 현재",
        "frmtrm_amount": "145,076,414,990",
        "bfefrmtrm_nm": "제 39 기",
        "bfefrmtrm_dt": "2022.12.31 현재",
        "bfefrmtrm_amount": "222,694,036,609",
        "ord": "17",
        "currency": "KRW"
    },
    {
        "rcept_no": "20250318001312",
        "reprt_code": "11011",
        "bsns_year": "2024",
        "corp_code": "00155355",
        "stock_code": "017810",
        "fs_div": "CFS",
        "fs_nm": "연결재무제표",
        "sj_div": "BS",
        "sj_nm": "재무상태표",
        "account_nm": "자본총계",
        "thstrm_nm": "제 41 기",
        "thstrm_dt": "2024.12.31 현재",
        "thstrm_amount": "583,439,342,122",
        "frmtrm_nm": "제 40 기",
        "frmtrm_dt": "2023.12.31 현재",
        "frmtrm_amount": "506,544,641,028",
        "bfefrmtrm_nm": "제 39 기",
        "bfefrmtrm_dt": "2022.12.31 현재",
        "bfefrmtrm_amount": "546,646,770,252",
        "ord": "21",
        "currency": "KRW"
    },
    {
        "rcept_no": "20250318001312",
        "reprt_code": "11011",
        "bsns_year": "2024",
        "corp_code": "00155355",
        "stock_code": "017810",
        "fs_div": "OFS",
        "fs_nm": "재무제표",
        "sj_div": "BS",
        "sj_nm": "재무상태표",
        "account_nm": "유동자산",
        "thstrm_nm": "제 41 기",
        "thstrm_dt": "2024.12.31 현재",
        "thstrm_amount": "49,913,092,747",
        "frmtrm_nm": "제 40 기",
        "frmtrm_dt": "2023.12.31 현재",
        "frmtrm_amount": "29,064,885,639",
        "bfefrmtrm_nm": "제 39 기",
        "bfefrmtrm_dt": "2022.12.31 현재",
        "bfefrmtrm_amount": "105,202,727,765",
        "ord": "2",
        "currency": "KRW"
    },
    {
        "rcept_no": "20250318001312",
        "reprt_code": "11011",
        "bsns_year": "2024",
        "corp_code": "00155355",
        "stock_code": "017810",
        "fs_div": "OFS",
        "fs_nm": "재무제표",
        "sj_div": "BS",
        "sj_nm": "재무상태표",
        "account_nm": "비유동자산",
        "thstrm_nm": "제 41 기",
        "thstrm_dt": "2024.12.31 현재",
        "thstrm_amount": "538,078,997,820",
        "frmtrm_nm": "제 40 기",
        "frmtrm_dt": "2023.12.31 현재",
        "frmtrm_amount": "564,482,266,783",
        "bfefrmtrm_nm": "제 39 기",
        "bfefrmtrm_dt": "2022.12.31 현재",
        "bfefrmtrm_amount": "556,076,132,370",
        "ord": "4",
        "currency": "KRW"
    },
    {
        "rcept_no": "20250318001312",
        "reprt_code": "11011",
        "bsns_year": "2024",
        "corp_code": "00155355",
        "stock_code": "017810",
        "fs_div": "OFS",
        "fs_nm": "재무제표",
        "sj_div": "BS",
        "sj_nm": "재무상태표",
        "account_nm": "자산총계",
        "thstrm_nm": "제 41 기",
        "thstrm_dt": "2024.12.31 현재",
        "thstrm_amount": "587,992,090,567",
        "frmtrm_nm": "제 40 기",
        "frmtrm_dt": "2023.12.31 현재",
        "frmtrm_amount": "593,547,152,422",
        "bfefrmtrm_nm": "제 39 기",
        "bfefrmtrm_dt": "2022.12.31 현재",
        "bfefrmtrm_amount": "661,278,860,135",
        "ord": "6",
        "currency": "KRW"
    },
    {
        "rcept_no": "20250318001312",
        "reprt_code": "11011",
        "bsns_year": "2024",
        "corp_code": "00155355",
        "stock_code": "017810",
        "fs_div": "OFS",
        "fs_nm": "재무제표",
        "sj_div": "BS",
        "sj_nm": "재무상태표",
        "account_nm": "유동부채",
        "thstrm_nm": "제 41 기",
        "thstrm_dt": "2024.12.31 현재",
        "thstrm_amount": "168,341,846,960",
        "frmtrm_nm": "제 40 기",
        "frmtrm_dt": "2023.12.31 현재",
        "frmtrm_amount": "151,113,489,113",
        "bfefrmtrm_nm": "제 39 기",
        "bfefrmtrm_dt": "2022.12.31 현재",
        "bfefrmtrm_amount": "117,874,842,217",
        "ord": "8",
        "currency": "KRW"
    },
    {
        "rcept_no": "20250318001312",
        "reprt_code": "11011",
        "bsns_year": "2024",
        "corp_code": "00155355",
        "stock_code": "017810",
        "fs_div": "OFS",
        "fs_nm": "재무제표",
        "sj_div": "BS",
        "sj_nm": "재무상태표",
        "account_nm": "비유동부채",
        "thstrm_nm": "제 41 기",
        "thstrm_dt": "2024.12.31 현재",
        "thstrm_amount": "21,690,254,235",
        "frmtrm_nm": "제 40 기",
        "frmtrm_dt": "2023.12.31 현재",
        "frmtrm_amount": "47,767,842,552",
        "bfefrmtrm_nm": "제 39 기",
        "bfefrmtrm_dt": "2022.12.31 현재",
        "bfefrmtrm_amount": "42,515,205,674",
        "ord": "10",
        "currency": "KRW"
    },
    {
        "rcept_no": "20250318001312",
        "reprt_code": "11011",
        "bsns_year": "2024",
        "corp_code": "00155355",
        "stock_code": "017810",
        "fs_div": "OFS",
        "fs_nm": "재무제표",
        "sj_div": "BS",
        "sj_nm": "재무상태표",
        "account_nm": "부채총계",
        "thstrm_nm": "제 41 기",
        "thstrm_dt": "2024.12.31 현재",
        "thstrm_amount": "190,032,101,195",
        "frmtrm_nm": "제 40 기",
        "frmtrm_dt": "2023.12.31 현재",
        "frmtrm_amount": "198,881,331,665",
        "bfefrmtrm_nm": "제 39 기",
        "bfefrmtrm_dt": "2022.12.31 현재",
        "bfefrmtrm_amount": "160,390,047,891",
        "ord": "12",
        "currency": "KRW"
    },
    {
        "rcept_no": "20250318001312",
        "reprt_code": "11011",
        "bsns_year": "2024",
        "corp_code": "00155355",
        "stock_code": "017810",
        "fs_div": "OFS",
        "fs_nm": "재무제표",
        "sj_div": "BS",
        "sj_nm": "재무상태표",
        "account_nm": "자본금",
        "thstrm_nm": "제 41 기",
        "thstrm_dt": "2024.12.31 현재",
        "thstrm_amount": "21,077,561,000",
        "frmtrm_nm": "제 40 기",
        "frmtrm_dt": "2023.12.31 현재",
        "frmtrm_amount": "21,077,561,000",
        "bfefrmtrm_nm": "제 39 기",
        "bfefrmtrm_dt": "2022.12.31 현재",
        "bfefrmtrm_amount": "21,077,561,000",
        "ord": "15",
        "currency": "KRW"
    },
    {
        "rcept_no": "20250318001312",
        "reprt_code": "11011",
        "bsns_year": "2024",
        "corp_code": "00155355",
        "stock_code": "017810",
        "fs_div": "OFS",
        "fs_nm": "재무제표",
        "sj_div": "BS",
        "sj_nm": "재무상태표",
        "account_nm": "이익잉여금",
        "thstrm_nm": "제 41 기",
        "thstrm_dt": "2024.12.31 현재",
        "thstrm_amount": "117,978,711,142",
        "frmtrm_nm": "제 40 기",
        "frmtrm_dt": "2023.12.31 현재",
        "frmtrm_amount": "115,111,464,187",
        "bfefrmtrm_nm": "제 39 기",
        "bfefrmtrm_dt": "2022.12.31 현재",
        "bfefrmtrm_amount": "210,093,373,298",
        "ord": "19",
        "currency": "KRW"
    },
    {
        "rcept_no": "20250318001312",
        "reprt_code": "11011",
        "bsns_year": "2024",
        "corp_code": "00155355",
        "stock_code": "017810",
        "fs_div": "OFS",
        "fs_nm": "재무제표",
        "sj_div": "BS",
        "sj_nm": "재무상태표",
        "account_nm": "자본총계",
        "thstrm_nm": "제 41 기",
        "thstrm_dt": "2024.12.31 현재",
        "thstrm_amount": "397,959,989,372",
        "frmtrm_nm": "제 40 기",
        "frmtrm_dt": "2023.12.31 현재",
        "frmtrm_amount": "394,665,820,757",
        "bfefrmtrm_nm": "제 39 기",
        "bfefrmtrm_dt": "2022.12.31 현재",
        "bfefrmtrm_amount": "500,888,812,244",
        "ord": "22",
        "currency": "KRW"
    }
]