[
    {
        "rcept_no": "20240320001580",
        "reprt_code": "11011",
        "bsns_year": "2023",
        "corp_code": "00155355",
        "stock_code": "017810",
        "fs_div": "CFS",
        "fs_nm": "연결재무제표",
        "sj_div": "IS",
        "sj_nm": "손익계산서",
        "account_nm": "매출액",
        "thstrm_nm": "제 40 기",
        "thstrm_dt": "2023.01.01 ~ 2023.12.31",
        "thstrm_amount": "2,993,468,191,302",
        "frmtrm_nm": "제 39 기",
        "frmtrm_dt": "2022.01.01 ~ 2022.12.31",
        "frmtrm_amount": "2,838,303,860,365",
        "bfefrmtrm_nm": "제 38 기",
        "bfefrmtrm_dt": "2021.01.01 ~ 2021.12.31",
        "bfefrmtrm_amount": "2,518,896,106,070",
        "ord": "23",
        "currency": "KRW"
    },
    {
        "rcept_no": "20240320001580",
        "reprt_code": "11011",
        "bsns_year": "2023",
        "corp_code": "00155355",
        "stock_code": "017810",
        "fs_div": "CFS",
        "fs_nm": "연결재무제표",
        "sj_div": "IS",
        "sj_nm": "손익계산서",
        "account_nm": "영업이익",
        "thstrm_nm": "제 40 기",
        "thstrm_dt": "2023.01.01 ~ 2023.12.31",
        "thstrm_amount": "61,981,274,528",
        "frmtrm_nm": "제 39 기",
        "frmtrm_dt": "2022.01.01 ~ 2022.12.31",
        "frmtrm_amount": "26,331,500,743",
        "bfefrmtrm_nm": "제 38 기",
        "bfefrmtrm_dt": "2021.01.01 ~ 2021.12.31",
        "bfefrmtrm_amount": "38,513,882,668",
        "ord": "25",
        "currency": "KRW"
    },
    {
        "rcept_no": "20240320001580",
        "reprt_code": "11011",
        "bsns_year": "2023",
        "corp_code": "00155355",
        "stock_code": "017810",
        "fs_div": "CFS",
        "fs_nm": "연결재무제표",
        "sj_div": "IS",
        "sj_nm": "손익계산서",
        "account_nm": "법인세차감전 순이익",
        "thstrm_nm": "제 40 기",
        "thstrm_dt": "2023.01.01 ~ 2023.12.31",
        "thstrm_amount": "14,311,709,880",
        "frmtrm_nm": "제 39 기",
        "frmtrm_dt": "2022.01.01 ~ 2022.12.31",
        "frmtrm_amount": "-18,413,093,758",
        "bfefrmtrm_nm": "제 38 기",
        "bfefrmtrm_dt": "2021.01.01 ~ 2021.12.31",
        "bfefrmtrm_amount": "13,508,680,000",
        "ord": "27",
        "currency": "KRW"
    },
    {
        "rcept_no": "20240320001580",
        "reprt_code": "11011",
        "bsns_year": "2023",
        "corp_code": "00155355",
        "stock_code": "017810",
        "fs_div": "CFS",
        "fs_nm": "연결재무제표",
        "sj_div": "IS",
        "sj_nm": "손익계산서",
        "account_nm": "당기순이익",
        "thstrm_nm": "제 40 기",
        "thstrm_dt": "2023.01.01 ~ 2023.12.31",
        "thstrm_amount": "13,357,627,680",
        "frmtrm_nm": "제 39 기",
        "frmtrm_dt": "2022.01.01 ~ 2022.12.31",
        "frmtrm_amount": "-36,967,492,015",
        "bfefrmtrm_nm": "제 38 기",
        "bfefrmtrm_dt": "2021.01.01 ~ 2021.12.31",
        "bfefrmtrm_amount": "304,155,972",
        "ord": "29",
        "currency": "KRW"
    },
    {
        "rcept_no": "20240320001580",
        "reprt_code": "11011",
        "bsns_year": "2023",
        "corp_code": "00155355",
        "stock_code": "017810",
        "fs_div": "CFS",
        "fs_nm": "연결재무제표",
        "sj_div": "IS",
        "sj_nm": "손익계산서",
        "account_nm": "당기순이익(손실)",
        "thstrm_nm": "제 40 기",
        "thstrm_dt": "2023.01.01 ~ 2023.12.31",
        "thstrm_amount": "13,357,627,680",
        "frmtrm_nm": "제 39 기",
        "frmtrm_dt": "2022.01.01 ~ 2022.12.31",
        "frmtrm_amount": "-36,967,492,015",
        "bfefrmtrm_nm": "제 38 기",
        "bfefrmtrm_dt": "2021.01.01 ~ 2021.12.31",
        "bfefrmtrm_amount": "304,155,972",
        "ord": "61",
        "currency": "KRW"
    },
    {
        "rcept_no": "20240320001580",
        "reprt_code": "11011",
        "bsns_year": "2023",
        "corp_code": "00155355",
        "stock_code": "017810",
        "fs_div": "OFS",
        "fs_nm": "재무제표",
        "sj_div": "IS",
        "sj_nm": "손익계산서",
        "account_nm": "매출액",
        "thstrm_nm": "제 40 기",
        "thstrm_dt": "2023.01.01 ~ 2023.12.31",
        "thstrm_amount": "126,032,393,683",
        "frmtrm_nm": "제 39 기",
        "frmtrm_dt": "2022.01.01 ~ 2022.12.31",
        "frmtrm_amount": "123,375,352,194",
        "bfefrmtrm_nm": "제 38 기",
        "bfefrmtrm_dt": "2021.01.01 ~ 2021.12.31",
        "bfefrmtrm_amount": "116,503,462,437",
        "ord": "24",
        "currency": "KRW"
    },
    {
        "rcept_no": "20240320001580",
        "reprt_code": "11011",
        "bsns_year": "2023",
        "corp_code": "00155355",
        "stock_code": "017810",
        "fs_div": "OFS",
        "fs_nm": "재무제표",
        "sj_div": "IS",
        "sj_nm": "손익계산서",
        "account_nm": "영업이익",
        "thstrm_nm": "제 40 기",
        "thstrm_dt": "2023.01.01 ~ 2023.12.31",
        "thstrm_amount": "24,638,646,841",
        "frmtrm_nm": "제 39 기",
        "frmtrm_dt": "2022.01.01 ~ 2022.12.31",
        "frmtrm_amount": "27,450,398,395",
        "bfefrmtrm_nm": "제 38 기",
        "bfefrmtrm_dt": "2021.01.01 ~ 2021.12.31",
        "bfefrmtrm_amount": "24,397,933,988",
        "ord": "26",
        "currency": "KRW"
    },
    {
        "rcept_no": "20240320001580",
        "reprt_code": "11011",
        "bsns_year": "2023",
        "corp_code": "00155355",
        "stock_code": "017810",
        "fs_div": "OFS",
        "fs_nm": "재무제표",
        "sj_div": "IS",
        "sj_nm": "손익계산서",
        "account_nm": "법인세차감전 순이익",
        "thstrm_nm": "제 40 기",
        "thstrm_dt": "2023.01.01 ~ 2023.12.31",
        "thstrm_amount": "3,663,326,090",
        "frmtrm_nm": "제 39 기",
        "frmtrm_dt": "2022.01.01 ~ 2022.12.31",
        "frmtrm_amount": "12,038,623,374",
        "bfefrmtrm_nm": "제 38 기",
        "bfefrmtrm_dt": "2021.01.01 ~ 2021.12.31",
        "bfefrmtrm_amount": "17,405,753,346",
        "ord": "28",
        "currency": "KRW"
    },
    {
        "rcept_no": "20240320001580",
        "reprt_code": "11011",
        "bsns_year": "2023",
        "corp_code": "00155355",
        "stock_code": "017810",
        "fs_div": "OFS",
        "fs_nm": "재무제표",
        "sj_div": "IS",
        "sj_nm": "손익계산서",
        "account_nm": "당기순이익",
        "thstrm_nm": "제 40 기",
        "thstrm_dt": "2023.01.01 ~ 2023.12.31",
        "thstrm_amount": "1,667,927,180",
        "frmtrm_nm": "제 39 기",
        "frmtrm_dt": "2022.01.01 ~ 2022.12.31",
        "frmtrm_amount": "8,192,124,493",
        "bfefrmtrm_nm": "제 38 기",
        "bfefrmtrm_dt": "2021.01.01 ~ 2021.12.31",
        "bfefrmtrm_amount": "17,766,123,779",
        "ord": "30",
        "currency": "KRW"
    },
    {
        "rcept_no": "20240320001580",
        "reprt_code": "11011",
        "bsns_year": "2023",
        "corp_code": "00155355",
        "stock_code": "017810",
        "fs_div": "OFS",
        "fs_nm": "재무제표",
        "sj_div": "IS",
        "sj_nm": "손익계산서",
        "account_nm": "당기순이익(손실)",
        "thstrm_nm": "제 40 기",
        "thstrm_dt": "2023.01.01 ~ 2023.12.31",
        "thstrm_amount": "1,667,927,180",
        "frmtrm_nm": "제 39 기",
        "frmtrm_dt": "2022.01.01 ~ 2022.12.31",
        "frmtrm_amount": "8,192,124,493",
        "bfefrmtrm_nm": "제 38 기",
        "bfefrmtrm_dt": "2021.01.01 ~ 2021.12.31",
        "bfefrmtrm_amount": "17,766,123,779",
        "ord": "62",
        "currency": "KRW"
    },
    {
        "rcept_no": "20240320001580",
        "reprt_code": "11011",
        "bsns_year": "2023",
        "corp_code": "00155355",
        "stock_code": "017810",
        "fs_div": "OFS",
        "fs_nm": "재무제표",
        "sj_div": "IS",
        "sj_nm": "손익계산서",
        "account_nm": "총포괄손익",
        "thstrm_nm": "제 40 기",
        "thstrm_dt": "2023.01.01 ~ 2023.12.31",
        "thstrm_amount": "2,493,024,522",
        "frmtrm_nm": "제 39 기",
        "frmtrm_dt": "2022.01.01 ~ 2022.12.31",
        "frmtrm_amount": "10,441,627,580",
        "bfefrmtrm_nm": "제 38 기",
        "bfefrmtrm_dt": "2021.01.01 ~ 2021.12.31",
        "bfefrmtrm_amount": "19,051,425,390",
        "ord": "64",
        "currency": "KRW"
    }
]