[
    {
        "rcept_no": "20230322001245",
        "reprt_code": "11011",
        "bsns_year": "2022",
        "corp_code": "00155355",
        "stock_code": "017810",
        "fs_div": "CFS",
        "fs_nm": "연결재무제표",
        "sj_div": "BS",
        "sj_nm": "재무상태표",
        "account_nm": "유동자산",
        "thstrm_nm": "제 39 기",
        "thstrm_dt": "2022.12.31 현재",
        "thstrm_amount": "752,345,560,481",
        "frmtrm_nm": "제 38 기",
        "frmtrm_dt": "2021.12.31 현재",
        "frmtrm_amount": "710,996,090,575",
        "bfefrmtrm_nm": "제 37 기",
        "bfefrmtrm_dt": "2020.12.31 현재",
        "bfefrmtrm_amount": "630,382,847,891",
        "ord": "1",
        "currency": "KRW"
    },
    {
        "rcept_no": "20230322001245",
        "reprt_code": "11011",
        "bsns_year": "2022",
        "corp_code": "00155355",
        "stock_code": "017810",
        "fs_div": "CFS",
        "fs_nm": "연결재무제표",
        "sj_div": "BS",
        "sj_nm": "재무상태표",
        "account_nm": "비유동자산",
        "thstrm_nm": "제 39 기",
        "thstrm_dt": "2022.12.31 현재",
        "thstrm_amount": "1,296,872,194,755",
        "frmtrm_nm": "제 38 기",
        "frmtrm_dt": "2021.12.31 현재",
        "frmtrm_amount": "1,258,376,430,517",
        "bfefrmtrm_nm": "제 37 기",
        "bfefrmtrm_dt": "2020.12.31 현재",
        "bfefrmtrm_amount": "1,063,190,328,379",
        "ord": "3",
        "currency": "KRW"
    },
    {
        "rcept_no": "20230322001245",
        "reprt_code": "11011",
        "bsns_year": "2022",
        "corp_code": "00155355",
        "stock_code": "017810",
        "fs_div": "CFS",
        "fs_nm": "연결재무제표",
        "sj_div": "BS",
        "sj_nm": "재무상태표",
        "account_nm": "자산총계",
        "thstrm_nm": "제 39 기",
        "thstrm_dt": "2022.12.31 현재",
        "thstrm_amount": "2,049,217,755,236",
        "frmtrm_nm": "제 38 기",
        "frmtrm_dt": "2021.12.31 현재",
        "frmtrm_amount": "1,969,372,521,092",
        "bfefrmtrm_nm": "제 37 기",
        "bfefrmtrm_dt": "2020.12.31 현재",
        "bfefrmtrm_amount": "1,693,573,176,270",
        "ord": "5",
        "currency": "KRW"
    },
    {
        "rcept_no": "20230322001245",
        "reprt_code": "11011",
        "bsns_year": "2022",
        "corp_code": "00155355",
        "stock_code": "017810",
        "fs_div": "CFS",
        "fs_nm": "연결재무제표",
        "sj_div": "BS",
        "sj_nm": "재무상태표",
        "account_nm": "유동부채",
        "thstrm_nm": "제 39 기",
        "thstrm_dt": "2022.12.31 현재",
        "thstrm_amount": "892,669,610,735",
        "frmtrm_nm": "제 38 기",
        "frmtrm_dt": "2021.12.31 현재",
        "frmtrm_amount": "803,841,735,058",
        "bfefrmtrm_nm": "제 37 기",
        "bfefrmtrm_dt": "2020.12.31 현재",
        "bfefrmtrm_amount": "776,833,225,058",
        "ord": "7",
        "currency": "KRW"
    },
    {
        "rcept_no": "20230322001245",
        "reprt_code": "11011",
        "bsns_year": "2022",
        "corp_code": "00155355",
        "stock_code": "017810",
        "fs_div": "CFS",
        "fs_nm": "연결재무제표",
        "sj_div": "BS",
        "sj_nm": "재무상태표",
        "account_nm": "비유동부채",
        "thstrm_nm": "제 39 기",
        "thstrm_dt": "2022.12.31 현재",
        "thstrm_amount": "609,901,374,249",
        "frmtrm_nm": "제 38 기",
        "frmtrm_dt": "2021.12.31 현재",
        "frmtrm_amount": "575,739,827,458",
        "bfefrmtrm_nm": "제 37 기",
        "bfefrmtrm_dt": "2020.12.31 현재",
        "bfefrmtrm_amount": "403,801,424,346",
        "ord": "9",
        "currency": "KRW"
    },
    {
        "rcept_no": "20230322001245",
        "reprt_code": "11011",
        "bsns_year": "2022",
        "corp_code": "00155355",
        "stock_code": "017810",
        "fs_div": "CFS",
        "fs_nm": "연결재무제표",
        "sj_div": "BS",
        "sj_nm": "재무상태표",
        "account_nm": "부채총계",
        "thstrm_nm": "제 39 기",
        "thstrm_dt": "2022.12.31 현재",
        "thstrm_amount": "1,502,570,984,984",
        "frmtrm_nm": "제 38 기",
        "frmtrm_dt": "2021.12.31 현재",
        "frmtrm_amount": "1,379,581,562,516",
        "bfefrmtrm_nm": "제 37 기",
        "bfefrmtrm_dt": "2020.12.31 현재",
        "bfefrmtrm_amount": "1,180,634,649,404",
        "ord": "11",
        "currency": "KRW"
    },
    {
        "rcept_no": "20230322001245",
        "reprt_code": "11011",
        "bsns_year": "2022",
        "corp_code": "00155355",
        "stock_code": "017810",
        "fs_div": "CFS",
        "fs_nm": "연결재무제표",
        "sj_div": "BS",
        "sj_nm": "재무상태표",
        "account_nm": "자본금",
        "thstrm_nm": "제 39 기",
        "thstrm_dt": "2022.12.31 현재",
        "thstrm_amount": "21,077,561,000",
        "frmtrm_nm": "제 38 기",
        "frmtrm_dt": "2021.12.31 현재",
        "frmtrm_amount": "21,077,561,000",
        "bfefrmtrm_nm": "제 37 기",
        "bfefrmtrm_dt": "2020.12.31 현재",
        "bfefrmtrm_amount": "21,077,559,500",
        "ord": "13",
        "currency": "KRW"
    },
    {
        "rcept_no": "20230322001245",
        "reprt_code": "11011",
        "bsns_year": "2022",
        "corp_code": "00155355",
        "stock_code": "017810",
        "fs_div": "CFS",
        "fs_nm": "연결재무제표",
        "sj_div": "BS",
        "sj_nm": "재무상태표",
        "account_nm": "이익잉여금",
        "thstrm_nm": "제 39 기",
        "thstrm_dt": "2022.12.31 현재",
        "thstrm_amount": "222,694,036,609",
        "frmtrm_nm": "제 38 기",
        "frmtrm_dt": "2021.12.31 현재",
        "frmtrm_amount": "247,173,616,425",
        "bfefrmtrm_nm": "제 37 기",
        "bfefrmtrm_dt": "2020.12.31 현재",
        "bfefrmtrm_amount": "242,588,729,267",
        "ord": "17",
        "currency": "KRW"
    },
    {
        "rcept_no": "20230322001245",
        "reprt_code": "11011",
        "bsns_year": "2022",
        "corp_code": "00155355",
        "stock_code": "017810",
        "fs_div": "CFS",
        "fs_nm": "연결재무제표",
        "sj_div": "BS",
        "sj_nm": "재무상태표",
        "account_nm": "자본총계",
        "thstrm_nm": "제 39 기",
        "thstrm_dt": "2022.12.31 현재",
        "thstrm_amount": "546,646,770,252",
        "frmtrm_nm": "제 38 기",
        "frmtrm_dt": "2021.12.31 현재",
        "frmtrm_amount": "589,790,958,576",
        "bfefrmtrm_nm": "제 37 기",
        "bfefrmtrm_dt": "2020.12.31 현재",
        "bfefrmtrm_amount": "512,938,526,866",
        "ord": "21",
        "currency": "KRW"
    },
    {
        "rcept_no": "20230322001245",
        "reprt_code": "11011",
        "bsns_year": "2022",
        "corp_code": "00155355",
        "stock_code": "017810",
        "fs_div": "OFS",
        "fs_nm": "재무제표",
        "sj_div": "BS",
        "sj_nm": "재무상태표",
        "account_nm": "유동자산",
        "thstrm_nm": "제 39 기",
        "thstrm_dt": "2022.12.31 현재",
        "thstrm_amount": "105,202,727,765",
        "frmtrm_nm": "제 38 기",
        "frmtrm_dt": "2021.12.31 현재",
        "frmtrm_amount": "101,443,610,800",
        "bfefrmtrm_nm": "제 37 기",
        "bfefrmtrm_dt": "2020.12.31 현재",
        "bfefrmtrm_amount": "170,285,786,768",
        "ord": "2",
        "currency": "KRW"
    },
    {
        "rcept_no": "20230322001245",
        "reprt_code": "11011",
        "bsns_year": "2022",
        "corp_code": "00155355",
        "stock_code": "017810",
        "fs_div": "OFS",
        "fs_nm": "재무제표",
        "sj_div": "BS",
        "sj_nm": "재무상태표",
        "account_nm": "비유동자산",
        "thstrm_nm": "제 39 기",
        "thstrm_dt": "2022.12.31 현재",
        "thstrm_amount": "556,076,132,370",
        "frmtrm_nm": "제 38 기",
        "frmtrm_dt": "2021.12.31 현재",
        "frmtrm_amount": "570,640,256,101",
        "bfefrmtrm_nm": "제 37 기",
        "bfefrmtrm_dt": "2020.12.31 현재",
        "bfefrmtrm_amount": "479,636,562,464",
        "ord": "4",
        "currency": "KRW"
    },
    {
        "rcept_no": "20230322001245",
        "reprt_code": "11011",
        "bsns_year": "2022",
        "corp_code": "00155355",
        "stock_code": "017810",
        "fs_div": "OFS",
        "fs_nm": "재무제표",
        "sj_div": "BS",
        "sj_nm": "재무상태표",
        "account_nm": "자산총계",
        "thstrm_nm": "제 39 기",
        "thstrm_dt": "2022.12.31 현재",
        "thstrm_amount": "661,278,860,135",
        "frmtrm_nm": "제 38 기",
        "frmtrm_dt": "2021.12.31 현재",
        "frmtrm_amount": "672,083,866,901",
        "bfefrmtrm_nm": "제 37 기",
        "bfefrmtrm_dt": "2020.12.31 현재",
        "bfefrmtrm_amount": "649,922,349,232",
        "ord": "6",
        "currency": "KRW"
    },
    {
        "rcept_no": "20230322001245",
        "reprt_code": "11011",
        "bsns_year": "2022",
        "corp_code": "00155355",
        "stock_code": "017810",
        "fs_div": "OFS",
        "fs_nm": "재무제표",
        "sj_div": "BS",
        "sj_nm": "재무상태표",
        "account_nm": "유동부채",
        "thstrm_nm": "제 39 기",
        "thstrm_dt": "2022.12.31 현재",
        "thstrm_amount": "117,874,842,217",
        "frmtrm_nm": "제 38 기",
        "frmtrm_dt": "2021.12.31 현재",
        "frmtrm_amount": "114,545,220,674",
        "bfefrmtrm_nm": "제 37 기",
        "bfefrmtrm_dt": "2020.12.31 현재",
        "bfefrmtrm_amount": "108,132,525,855",
        "ord": "8",
        "currency": "KRW"
    },
    {
        "rcept_no": "20230322001245",
        "reprt_code": "11011",
        "bsns_year": "2022",
        "corp_code": "00155355",
        "stock_code": "017810",
        "fs_div": "OFS",
        "fs_nm": "재무제표",
        "sj_div": "BS",
        "sj_nm": "재무상태표",
        "account_nm": "비유동부채",
        "thstrm_nm": "제 39 기",
        "thstrm_dt": "2022.12.31 현재",
        "thstrm_amount": "42,515,205,674",
        "frmtrm_nm": "제 38 기",
        "frmtrm_dt": "2021.12.31 현재",
        "frmtrm_amount": "55,223,074,944",
        "bfefrmtrm_nm": "제 37 기",
        "bfefrmtrm_dt": "2020.12.31 현재",
        "bfefrmtrm_amount": "36,578,805,214",
        "ord": "10",
        "currency": "KRW"
    },
    {
        "rcept_no": "20230322001245",
        "reprt_code": "11011",
        "bsns_year": "2022",
        "corp_code": "00155355",
        "stock_code": "017810",
        "fs_div": "OFS",
        "fs_nm": "재무제표",
        "sj_div": "BS",
        "sj_nm": "재무상태표",
        "account_nm": "부채총계",
        "thstrm_nm": "제 39 기",
        "thstrm_dt": "2022.12.31 현재",
        "thstrm_amount": "160,390,047,891",
        "frmtrm_nm": "제 38 기",
        "frmtrm_dt": "2021.12.31 현재",
        "frmtrm_amount": "169,768,295,618",
        "bfefrmtrm_nm": "제 37 기",
        "bfefrmtrm_dt": "2020.12.31 현재",
        "bfefrmtrm_amount": "144,711,331,069",
        "ord": "12",
        "currency": "KRW"
    },
    {
        "rcept_no": "20230322001245",
        "reprt_code": "11011",
        "bsns_year": "2022",
        "corp_code": "00155355",
        "stock_code": "017810",
        "fs_div": "OFS",
        "fs_nm": "재무제표",
        "sj_div": "BS",
        "sj_nm": "재무상태표",
        "account_nm": "자본금",
        "thstrm_nm": "제 39 기",
        "thstrm_dt": "2022.12.31 현재",
        "thstrm_amount": "21,077,561,000",
        "frmtrm_nm": "제 38 기",
        "frmtrm_dt": "2021.12.31 현재",
        "frmtrm_amount": "21,077,561,000",
        "bfefrmtrm_nm": "제 37 기",
        "bfefrmtrm_dt": "2020.12.31 현재",
        "bfefrmtrm_amount": "21,077,559,500",
        "ord": "15",
        "currency": "KRW"
    },
    {
        "rcept_no": "20230322001245",
        "reprt_code": "11011",
        "bsns_year": "2022",
        "corp_code": "00155355",
        "stock_code": "017810",
        "fs_div": "OFS",
        "fs_nm": "재무제표",
        "sj_div": "BS",
        "sj_nm": "재무상태표",
        "account_nm": "이익잉여금",
        "thstrm_nm": "제 39 기",
        "thstrm_dt": "2022.12.31 현재",
        "thstrm_amount": "210,093,373,298",
        "frmtrm_nm": "제 38 기",
        "frmtrm_dt": "2021.12.31 현재",
        "frmtrm_amount": "211,742,025,021",
        "bfefrmtrm_nm": "제 37 기",
        "bfefrmtrm_dt": "2020.12.31 현재",
        "bfefrmtrm_amount": "207,015,151,748",
        "ord": "19",
        "currency": "KRW"
    },
    {
        "rcept_no": "20230322001245",
        "reprt_code": "11011",
        "bsns_year": "2022",
        "corp_code": "00155355",
        "stock_code": "017810",
        "fs_div": "OFS",
        "fs_nm": "재무제표",
        "sj_div": "BS",
        "sj_nm": "재무상태표",
        "account_nm": "자본총계",
        "thstrm_nm": "제 39 기",
        "thstrm_dt": "2022.12.31 현재",
        "thstrm_amount": "500,888,812,244",
        "frmtrm_nm": "제 38 기",
        "frmtrm_dt": "2021.12.31 현재",
        "frmtrm_amount": "502,315,571,283",
        "bfefrmtrm_nm": "제 37 기",
        "bfefrmtrm_dt": "2020.12.31 현재",
        "bfefrmtrm_amount": "505,211,018,163",
        "ord": "22",
        "currency": "KRW"
    }
]