[
    {
        "rcept_no": "20250318001312",
        "reprt_code": "11011",
        "bsns_year": "2024",
        "corp_code": "00155355",
        "stock_code": "017810",
        "fs_div": "CFS",
        "fs_nm": "연결재무제표",
        "sj_div": "IS",
        "sj_nm": "손익계산서",
        "account_nm": "매출액",
        "thstrm_nm": "제 41 기",
        "thstrm_dt": "2024.01.01 ~ 2024.12.31",
        "thstrm_amount": "3,213,696,853,910",
        "frmtrm_nm": "제 40 기",
        "frmtrm_dt": "2023.01.01 ~ 2023.12.31",
        "frmtrm_amount": "2,993,468,191,302",
        "bfefrmtrm_nm": "제 39 기",
        "bfefrmtrm_dt": "2022.01.01 ~ 2022.12.31",
        "bfefrmtrm_amount": "2,838,303,860,365",
        "ord": "23",
        "currency": "KRW"
    },
    {
        "rcept_no": "20250318001312",
        "reprt_code": "11011",
        "bsns_year": "2024",
        "corp_code": "00155355",
        "stock_code": "017810",
        "fs_div": "CFS",
        "fs_nm": "연결재무제표",
        "sj_div": "IS",
        "sj_nm": "손익계산서",
        "account_nm": "영업이익",
        "thstrm_nm": "제 41 기",
        "thstrm_dt": "2024.01.01 ~ 2024.12.31",
        "thstrm_amount": "91,829,407,927",
        "frmtrm_nm": "제 40 기",
        "frmtrm_dt": "2023.01.01 ~ 2023.12.31",
        "frmtrm_amount": "61,981,274,528",
        "bfefrmtrm_nm": "제 39 기",
        "bfefrmtrm_dt": "2022.01.01 ~ 2022.12.31",
        "bfefrmtrm_amount": "26,331,500,743",
        "ord": "25",
        "currency": "KRW"
    },
    {
        "rcept_no": "20250318001312",
        "reprt_code": "11011",
        "bsns_year": "2024",
        "corp_code": "00155355",
        "stock_code": "017810",
        "fs_div": "CFS",
        "fs_nm": "연결재무제표",
        "sj_div": "IS",
        "sj_nm": "손익계산서",
        "account_nm": "법인세차감전 순이익",
        "thstrm_nm": "제 41 기",
        "thstrm_dt": "2024.01.01 ~ 2024.12.31",
        "thstrm_amount": "40,970,068,653",
        "frmtrm_nm": "제 40 기",
        "frmtrm_dt": "2023.01.01 ~ 2023.12.31",
        "frmtrm_amount": "14,311,709,880",
        "bfefrmtrm_nm": "제 39 기",
        "bfefrmtrm_dt": "2022.01.01 ~ 2022.12.31",
        "bfefrmtrm_amount": "-18,413,093,758",
        "ord": "27",
        "currency": "KRW"
    },
    {
        "rcept_no": "20250318001312",
        "reprt_code": "11011",
        "bsns_year": "2024",
        "corp_code": "00155355",
        "stock_code": "017810",
        "fs_div": "CFS",
        "fs_nm": "연결재무제표",
        "sj_div": "IS",
        "sj_nm": "손익계산서",
        "account_nm": "당기순이익",
        "thstrm_nm": "제 41 기",
        "thstrm_dt": "2024.01.01 ~ 2024.12.31",
        "thstrm_amount": "34,386,551,192",
        "frmtrm_nm": "제 40 기",
        "frmtrm_dt": "2023.01.01 ~ 2023.12.31",
        "frmtrm_amount": "13,357,627,680",
        "bfefrmtrm_nm": "제 39 기",
        "bfefrmtrm_dt": "2022.01.01 ~ 2022.12.31",
        "bfefrmtrm_amount": "-36,967,492,015",
        "ord": "29",
        "currency": "KRW"
    },
    {
        "rcept_no": "20250318001312",
        "reprt_code": "11011",
        "bsns_year": "2024",
        "corp_code": "00155355",
        "stock_code": "017810",
        "fs_div": "CFS",
        "fs_nm": "연결재무제표",
        "sj_div": "IS",
        "sj_nm": "손익계산서",
        "account_nm": "당기순이익(손실)",
        "thstrm_nm": "제 41 기",
        "thstrm_dt": "2024.01.01 ~ 2024.12.31",
        "thstrm_amount": "34,386,551,192",
        "frmtrm_nm": "제 40 기",
        "frmtrm_dt": "2023.01.01 ~ 2023.12.31",
        "frmtrm_amount": "13,357,627,680",
        "bfefrmtrm_nm": "제 39 기",
        "bfefrmtrm_dt": "2022.01.01 ~ 2022.12.31",
        "bfefrmtrm_amount": "-36,967,492,015",
        "ord": "61",
        "currency": "KRW"
    },
    {
        "rcept_no": "20250318001312",
        "reprt_code": "11011",
        "bsns_year": "2024",
        "corp_code": "00155355",
        "stock_code": "017810",
        "fs_div": "CFS",
        "fs_nm": "연결재무제표",
        "sj_div": "IS",
        "sj_nm": "손익계산서",
        "account_nm": "총포괄손익",
        "thstrm_nm": "제 41 기",
        "thstrm_dt": "2024.01.01 ~ 2024.12.31",
        "thstrm_amount": "58,181,849,066",
        "frmtrm_nm": "제 40 기",
        "frmtrm_dt": "2023.01.01 ~ 2023.12.31",
        "frmtrm_amount": "20,755,932,625",
        "bfefrmtrm_nm": "제 39 기",
        "bfefrmtrm_dt": "2022.01.01 ~ 2022.12.31",
        "bfefrmtrm_amount": "-24,847,014,922",
        "ord": "63",
        "currency": "KRW"
    },
    {
        "rcept_no": "20250318001312",
        "reprt_code": "11011",
        "bsns_year": "2024",
        "corp_code": "00155355",
        "stock_code": "017810",
        "fs_div": "OFS",
        "fs_nm": "재무제표",
        "sj_div": "IS",
        "sj_nm": "손익계산서",
        "account_nm": "매출액",
        "thstrm_nm": "제 41 기",
        "thstrm_dt": "2024.01.01 ~ 2024.12.31",
        "thstrm_amount": "120,372,665,060",
        "frmtrm_nm": "제 40 기",
        "frmtrm_dt": "2023.01.01 ~ 2023.12.31",
        "frmtrm_amount": "126,032,393,683",
        "bfefrmtrm_nm": "제 39 기",
        "bfefrmtrm_dt": "2022.01.01 ~ 2022.12.31",
        "bfefrmtrm_amount": "123,375,352,194",
        "ord": "24",
        "currency": "KRW"
    },
    {
        "rcept_no": "20250318001312",
        "reprt_code": "11011",
        "bsns_year": "2024",
        "corp_code": "00155355",
        "stock_code": "017810",
        "fs_div": "OFS",
        "fs_nm": "재무제표",
        "sj_div": "IS",
        "sj_nm": "손익계산서",
        "account_nm": "영업이익",
        "thstrm_nm": "제 41 기",
        "thstrm_dt": "2024.01.01 ~ 2024.12.31",
        "thstrm_amount": "25,045,722,094",
        "frmtrm_nm": "제 40 기",
        "frmtrm_dt": "2023.01.01 ~ 2023.12.31",
        "frmtrm_amount": "24,638,646,841",
        "bfefrmtrm_nm": "제 39 기",
        "bfefrmtrm_dt": "2022.01.01 ~ 2022.12.31",
        "bfefrmtrm_amount": "27,450,398,395",
        "ord": "26",
        "currency": "KRW"
    },
    {
        "rcept_no": "20250318001312",
        "reprt_code": "11011",
        "bsns_year": "2024",
        "corp_code": "00155355",
        "stock_code": "017810",
        "fs_div": "OFS",
        "fs_nm": "재무제표",
        "sj_div": "IS",
        "sj_nm": "손익계산서",
        "account_nm": "법인세차감전 순이익",
        "thstrm_nm": "제 41 기",
        "thstrm_dt": "2024.01.01 ~ 2024.12.31",
        "thstrm_amount": "14,253,707,406",
        "frmtrm_nm": "제 40 기",
        "frmtrm_dt": "2023.01.01 ~ 2023.12.31",
        "frmtrm_amount": "3,663,326,090",
        "bfefrmtrm_nm": "제 39 기",
        "bfefrmtrm_dt": "2022.01.01 ~ 2022.12.31",
        "bfefrmtrm_amount": "12,038,623,374",
        "ord": "28",
        "currency": "KRW"
    },
    {
        "rcept_no": "20250318001312",
        "reprt_code": "11011",
        "bsns_year": "2024",
        "corp_code": "00155355",
        "stock_code": "017810",
        "fs_div": "OFS",
        "fs_nm": "재무제표",
        "sj_div": "IS",
        "sj_nm": "손익계산서",
        "account_nm": "당기순이익",
        "thstrm_nm": "제 41 기",
        "thstrm_dt": "2024.01.01 ~ 2024.12.31",
        "thstrm_amount": "13,072,289,665",
        "frmtrm_nm": "제 40 기",
        "frmtrm_dt": "2023.01.01 ~ 2023.12.31",
        "frmtrm_amount": "1,667,927,180",
        "bfefrmtrm_nm": "제 39 기",
        "bfefrmtrm_dt": "2022.01.01 ~ 2022.12.31",
        "bfefrmtrm_amount": "8,192,124,493",
        "ord": "30",
        "currency": "KRW"
    },
    {
        "rcept_no": "20250318001312",
        "reprt_code": "11011",
        "bsns_year": "2024",
        "corp_code": "00155355",
        "stock_code": "017810",
        "fs_div": "OFS",
        "fs_nm": "재무제표",
        "sj_div": "IS",
        "sj_nm": "손익계산서",
        "account_nm": "당기순이익(손실)",
        "thstrm_nm": "제 41 기",
        "thstrm_dt": "2024.01.01 ~ 2024.12.31",
        "thstrm_amount": "13,072,289,665",
        "frmtrm_nm": "제 40 기",
        "frmtrm_dt": "2023.01.01 ~ 2023.12.31",
        "frmtrm_amount": "1,667,927,180",
        "bfefrmtrm_nm": "제 39 기",
        "bfefrmtrm_dt": "2022.01.01 ~ 2022.12.31",
        "bfefrmtrm_amount": "8,192,124,493",
        "ord": "62",
        "currency": "KRW"
    },
    {
        "rcept_no": "20250318001312",
        "reprt_code": "11011",
        "bsns_year": "2024",
        "corp_code": "00155355",
        "stock_code": "017810",
        "fs_div": "OFS",
        "fs_nm": "재무제표",
        "sj_div": "IS",
        "sj_nm": "손익계산서",
        "account_nm": "총포괄손익",
        "thstrm_nm": "제 41 기",
        "thstrm_dt": "2024.01.01 ~ 2024.12.31",
        "thstrm_amount": "12,169,415,438",
        "frmtrm_nm": "제 40 기",
        "frmtrm_dt": "2023.01.01 ~ 2023.12.31",
        "frmtrm_amount": "2,493,024,522",
        "bfefrmtrm_nm": "제 39 기",
        "bfefrmtrm_dt": "2022.01.01 ~ 2022.12.31",
        "bfefrmtrm_amount": "10,441,627,580",
        "ord": "64",
        "currency": "KRW"
    },
    {
        "rcept_no": "20250318001312",
        "reprt_code": "11011",
        "bsns_year": "2024",
        "corp_code": "00155355",
        "stock_code": "017810",
        "fs_div": "OFS",
        "fs_nm": "재무제표",
        "sj_div": "IS",
        "sj_nm": "손익계산서",
        "account_nm": "영업비용",
        "thstrm_nm": "제 41 기",
        "thstrm_dt": "2024.01.01 ~ 2024.12.31",
        "thstrm_amount": "95,326,942,966",
        "frmtrm_nm": "제 40 기",
        "frmtrm_dt": "2023.01.01 ~ 2023.12.31",
        "frmtrm_amount": "101,393,746,842",
        "bfefrmtrm_nm": "제 39 기",
        "bfefrmtrm_dt": "2022.01.01 ~ 2022.12.31",
        "bfefrmtrm_amount": "95,924,953,799",
        "ord": "66",
        "currency": "KRW"
    }
]