[
    {
        "rcept_no": "20240320001580",
        "reprt_code": "11011",
        "bsns_year": "2023",
        "corp_code": "00155355",
        "stock_code": "017810",
        "fs_div": "CFS",
        "fs_nm": "연결재무제표",
        "sj_div": "BS",
        "sj_nm": "재무상태표",
        "account_nm": "유동자산",
        "thstrm_nm": "제 40 기",
        "thstrm_dt": "2023.12.31 현재",
        "thstrm_amount": "730,136,230,683",
        "frmtrm_nm": "제 39 기",
        "frmtrm_dt": "2022.12.31 현재",
        "frmtrm_amount": "752,345,560,481",
        "bfefrmtrm_nm": "제 38 기",
        "bfefrmtrm_dt": "2021.12.31 현재",
        "bfefrmtrm_amount": "710,996,090,575",
        "ord": "1",
        "currency": "KRW"
    },
    {
        "rcept_no": "20240320001580",
        "reprt_code": "11011",
        "bsns_year": "2023",
        "corp_code": "00155355",
        "stock_code": "017810",
        "fs_div": "CFS",
        "fs_nm": "연결재무제표",
        "sj_div": "BS",
        "sj_nm": "재무상태표",
        "account_nm": "비유동자산",
        "thstrm_nm": "제 40 기",
        "thstrm_dt": "2023.12.31 현재",
        "thstrm_amount": "1,426,653,352,707",
        "frmtrm_nm": "제 39 기",
        "frmtrm_dt": "2022.12.31 현재",
        "frmtrm_amount": "1,296,872,194,755",
        "bfefrmtrm_nm": "제 38 기",
        "bfefrmtrm_dt": "2021.12.31 현재",
        "bfefrmtrm_amount": "1,258,376,430,517",
        "ord": "3",
        "currency": "KRW"
    },
    {
        "rcept_no": "20240320001580",
        "reprt_code": "11011",
        "bsns_year": "2023",
        "corp_code": "00155355",
        "stock_code": "017810",
        "fs_div": "CFS",
        "fs_nm": "연결재무제표",
        "sj_div": "BS",
        "sj_nm": "재무상태표",
        "account_nm": "자산총계",
        "thstrm_nm": "제 40 기",
        "thstrm_dt": "2023.12.31 현재",
        "thstrm_amount": "2,156,789,583,390",
        "frmtrm_nm": "제 39 기",
        "frmtrm_dt": "2022.12.31 현재",
        "frmtrm_amount": "2,049,217,755,236",
        "bfefrmtrm_nm": "제 38 기",
        "bfefrmtrm_dt": "2021.12.31 현재",
        "bfefrmtrm_amount": "1,969,372,521,092",
        "ord": "5",
        "currency": "KRW"
    },
    {
        "rcept_no": "20240320001580",
        "reprt_code": "11011",
        "bsns_year": "2023",
        "corp_code": "00155355",
        "stock_code": "017810",
        "fs_div": "CFS",
        "fs_nm": "연결재무제표",
        "sj_div": "BS",
        "sj_nm": "재무상태표",
        "account_nm": "유동부채",
        "thstrm_nm": "제 40 기",
        "thstrm_dt": "2023.12.31 현재",
        "thstrm_amount": "977,800,752,144",
        "frmtrm_nm": "제 39 기",
        "frmtrm_dt": "2022.12.31 현재",
        "frmtrm_amount": "892,669,610,735",
        "bfefrmtrm_nm": "제 38 기",
        "bfefrmtrm_dt": "2021.12.31 현재",
        "bfefrmtrm_amount": "803,841,735,058",
        "ord": "7",
        "currency": "KRW"
    },
    {
        "rcept_no": "20240320001580",
        "reprt_code": "11011",
        "bsns_year": "2023",
        "corp_code": "00155355",
        "stock_code": "017810",
        "fs_div": "CFS",
        "fs_nm": "연결재무제표",
        "sj_div": "BS",
        "sj_nm": "재무상태표",
        "account_nm": "비유동부채",
        "thstrm_nm": "제 40 기",
        "thstrm_dt": "2023.12.31 현재",
        "thstrm_amount": "672,444,190,218",
        "frmtrm_nm": "제 39 기",
        "frmtrm_dt": "2022.12.31 현재",
        "frmtrm_amount": "609,901,374,249",
        "bfefrmtrm_nm": "제 38 기",
        "bfefrmtrm_dt": "2021.12.31 현재",
        "bfefrmtrm_amount": "575,739,827,458",
        "ord": "9",
        "currency": "KRW"
    },
    {
        "rcept_no": "20240320001580",
        "reprt_code": "11011",
        "bsns_year": "2023",
        "corp_code": "00155355",
        "stock_code": "017810",
        "fs_div": "CFS",
        "fs_nm": "연결재무제표",
        "sj_div": "BS",
        "sj_nm": "재무상태표",
        "account_nm": "부채총계",
        "thstrm_nm": "제 40 기",
        "thstrm_dt": "2023.12.31 현재",
        "thstrm_amount": "1,650,244,942,362",
        "frmtrm_nm": "제 39 기",
        "frmtrm_dt": "2022.12.31 현재",
        "frmtrm_amount": "1,502,570,984,984",
        "bfefrmtrm_nm": "제 38 기",
        "bfefrmtrm_dt": "2021.12.31 현재",
        "bfefrmtrm_amount": "1,379,581,562,516",
        "ord": "11",
        "currency": "KRW"
    },
    {
        "rcept_no": "20240320001580",
        "reprt_code": "11011",
        "bsns_year": "2023",
        "corp_code": "00155355",
        "stock_code": "017810",
        "fs_div": "CFS",
        "fs_nm": "연결재무제표",
        "sj_div": "BS",
        "sj_nm": "재무상태표",
        "account_nm": "자본금",
        "thstrm_nm": "제 40 기",
        "thstrm_dt": "2023.12.31 현재",
        "thstrm_amount": "21,077,561,000",
        "frmtrm_nm": "제 39 기",
        "frmtrm_dt": "2022.12.31 현재",
        "frmtrm_amount": "21,077,561,000",
        "bfefrmtrm_nm": "제 38 기",
        "bfefrmtrm_dt": "2021.12.31 현재",
        "bfefrmtrm_amount": "21,077,561,000",
        "ord": "13",
        "currency": "KRW"
    },
    {
        "rcept_no": "20240320001580",
        "reprt_code": "11011",
        "bsns_year": "2023",
        "corp_code": "00155355",
        "stock_code": "017810",
        "fs_div": "CFS",
        "fs_nm": "연결재무제표",
        "sj_div": "BS",
        "sj_nm": "재무상태표",
        "account_nm": "이익잉여금",
        "thstrm_nm": "제 40 기",
        "thstrm_dt": "2023.12.31 현재",
        "thstrm_amount": "145,076,414,990",
        "frmtrm_nm": "제 39 기",
        "frmtrm_dt": "2022.12.31 현재",
        "frmtrm_amount": "222,694,036,609",
        "bfefrmtrm_nm": "제 38 기",
        "bfefrmtrm_dt": "2021.12.31 현재",
        "bfefrmtrm_amount": "247,173,616,425",
        "ord": "17",
        "currency": "KRW"
    },
    {
        "rcept_no": "20240320001580",
        "reprt_code": "11011",
        "bsns_year": "2023",
        "corp_code": "00155355",
        "stock_code": "017810",
        "fs_div": "CFS",
        "fs_nm": "연결재무제표",
        "sj_div": "BS",
        "sj_nm": "재무상태표",
        "account_nm": "자본총계",
        "thstrm_nm": "제 40 기",
        "thstrm_dt": "2023.12.31 현재",
        "thstrm_amount": "506,544,641,028",
        "frmtrm_nm": "제 39 기",
        "frmtrm_dt": "2022.12.31 현재",
        "frmtrm_amount": "546,646,770,252",
        "bfefrmtrm_nm": "제 38 기",
        "bfefrmtrm_dt": "2021.12.31 현재",
        "bfefrmtrm_amount": "589,790,958,576",
        "ord": "21",
        "currency": "KRW"
    },
    {
        "rcept_no": "20240320001580",
        "reprt_code": "11011",
        "bsns_year": "2023",
        "corp_code": "00155355",
        "stock_code": "017810",
        "fs_div": "OFS",
        "fs_nm": "재무제표",
        "sj_div": "BS",
        "sj_nm": "재무상태표",
        "account_nm": "유동자산",
        "thstrm_nm": "제 40 기",
        "thstrm_dt": "2023.12.31 현재",
        "thstrm_amount": "29,064,885,639",
        "frmtrm_nm": "제 39 기",
        "frmtrm_dt": "2022.12.31 현재",
        "frmtrm_amount": "105,202,727,765",
        "bfefrmtrm_nm": "제 38 기",
        "bfefrmtrm_dt": "2021.12.31 현재",
        "bfefrmtrm_amount": "101,443,610,800",
        "ord": "2",
        "currency": "KRW"
    },
    {
        "rcept_no": "20240320001580",
        "reprt_code": "11011",
        "bsns_year": "2023",
        "corp_code": "00155355",
        "stock_code": "017810",
        "fs_div": "OFS",
        "fs_nm": "재무제표",
        "sj_div": "BS",
        "sj_nm": "재무상태표",
        "account_nm": "비유동자산",
        "thstrm_nm": "제 40 기",
        "thstrm_dt": "2023.12.31 현재",
        "thstrm_amount": "564,482,266,783",
        "frmtrm_nm": "제 39 기",
        "frmtrm_dt": "2022.12.31 현재",
        "frmtrm_amount": "556,076,132,370",
        "bfefrmtrm_nm": "제 38 기",
        "bfefrmtrm_dt": "2021.12.31 현재",
        "bfefrmtrm_amount": "570,640,256,101",
        "ord": "4",
        "currency": "KRW"
    },
    {
        "rcept_no": "20240320001580",
        "reprt_code": "11011",
        "bsns_year": "2023",
        "corp_code": "00155355",
        "stock_code": "017810",
        "fs_div": "OFS",
        "fs_nm": "재무제표",
        "sj_div": "BS",
        "sj_nm": "재무상태표",
        "account_nm": "자산총계",
        "thstrm_nm": "제 40 기",
        "thstrm_dt": "2023.12.31 현재",
        "thstrm_amount": "593,547,152,422",
        "frmtrm_nm": "제 39 기",
        "frmtrm_dt": "2022.12.31 현재",
        "frmtrm_amount": "661,278,860,135",
        "bfefrmtrm_nm": "제 38 기",
        "bfefrmtrm_dt": "2021.12.31 현재",
        "bfefrmtrm_amount": "672,083,866,901",
        "ord": "6",
        "currency": "KRW"
    },
    {
        "rcept_no": "20240320001580",
        "reprt_code": "11011",
        "bsns_year": "2023",
        "corp_code": "00155355",
        "stock_code": "017810",
        "fs_div": "OFS",
        "fs_nm": "재무제표",
        "sj_div": "BS",
        "sj_nm": "재무상태표",
        "account_nm": "유동부채",
        "thstrm_nm": "제 40 기",
        "thstrm_dt": "2023.12.31 현재",
        "thstrm_amount": "151,113,489,113",
        "frmtrm_nm": "제 39 기",
        "frmtrm_dt": "2022.12.31 현재",
        "frmtrm_amount": "117,874,842,217",
        "bfefrmtrm_nm": "제 38 기",
        "bfefrmtrm_dt": "2021.12.31 현재",
        "bfefrmtrm_amount": "114,545,220,674",
        "ord": "8",
        "currency": "KRW"
    },
    {
        "rcept_no": "20240320001580",
        "reprt_code": "11011",
        "bsns_year": "2023",
        "corp_code": "00155355",
        "stock_code": "017810",
        "fs_div": "OFS",
        "fs_nm": "재무제표",
        "sj_div": "BS",
        "sj_nm": "재무상태표",
        "account_nm": "비유동부채",
        "thstrm_nm": "제 40 기",
        "thstrm_dt": "2023.12.31 현재",
        "thstrm_amount": "47,767,842,552",
        "frmtrm_nm": "제 39 기",
        "frmtrm_dt": "2022.12.31 현재",
        "frmtrm_amount": "42,515,205,674",
        "bfefrmtrm_nm": "제 38 기",
        "bfefrmtrm_dt": "2021.12.31 현재",
        "bfefrmtrm_amount": "55,223,074,944",
        "ord": "10",
        "currency": "KRW"
    },
    {
        "rcept_no": "20240320001580",
        "reprt_code": "11011",
        "bsns_year": "2023",
        "corp_code": "00155355",
        "stock_code": "017810",
        "fs_div": "OFS",
        "fs_nm": "재무제표",
        "sj_div": "BS",
        "sj_nm": "재무상태표",
        "account_nm": "부채총계",
        "thstrm_nm": "제 40 기",
        "thstrm_dt": "2023.12.31 현재",
        "thstrm_amount": "198,881,331,665",
        "frmtrm_nm": "제 39 기",
        "frmtrm_dt": "2022.12.31 현재",
        "frmtrm_amount": "160,390,047,891",
        "bfefrmtrm_nm": "제 38 기",
        "bfefrmtrm_dt": "2021.12.31 현재",
        "bfefrmtrm_amount": "169,768,295,618",
        "ord": "12",
        "currency": "KRW"
    },
    {
        "rcept_no": "20240320001580",
        "reprt_code": "11011",
        "bsns_year": "2023",
        "corp_code": "00155355",
        "stock_code": "017810",
        "fs_div": "OFS",
        "fs_nm": "재무제표",
        "sj_div": "BS",
        "sj_nm": "재무상태표",
        "account_nm": "자본금",
        "thstrm_nm": "제 40 기",
        "thstrm_dt": "2023.12.31 현재",
        "thstrm_amount": "21,077,561,000",
        "frmtrm_nm": "제 39 기",
        "frmtrm_dt": "2022.12.31 현재",
        "frmtrm_amount": "21,077,561,000",
        "bfefrmtrm_nm": "제 38 기",
        "bfefrmtrm_dt": "2021.12.31 현재",
        "bfefrmtrm_amount": "21,077,561,000",
        "ord": "15",
        "currency": "KRW"
    },
    {
        "rcept_no": "20240320001580",
        "reprt_code": "11011",
        "bsns_year": "2023",
        "corp_code": "00155355",
        "stock_code": "017810",
        "fs_div": "OFS",
        "fs_nm": "재무제표",
        "sj_div": "BS",
        "sj_nm": "재무상태표",
        "account_nm": "이익잉여금",
        "thstrm_nm": "제 40 기",
        "thstrm_dt": "2023.12.31 현재",
        "thstrm_amount": "115,111,464,187",
        "frmtrm_nm": "제 39 기",
        "frmtrm_dt": "2022.12.31 현재",
        "frmtrm_amount": "210,093,373,298",
        "bfefrmtrm_nm": "제 38 기",
        "bfefrmtrm_dt": "2021.12.31 현재",
        "bfefrmtrm_amount": "211,742,025,021",
        "ord": "19",
        "currency": "KRW"
    },
    {
        "rcept_no": "20240320001580",
        "reprt_code": "11011",
        "bsns_year": "2023",
        "corp_code": "00155355",
        "stock_code": "017810",
        "fs_div": "OFS",
        "fs_nm": "재무제표",
        "sj_div": "BS",
        "sj_nm": "재무상태표",
        "account_nm": "자본총계",
        "thstrm_nm": "제 40 기",
        "thstrm_dt": "2023.12.31 현재",
        "thstrm_amount": "394,665,820,757",
        "frmtrm_nm": "제 39 기",
        "frmtrm_dt": "2022.12.31 현재",
        "frmtrm_amount": "500,888,812,244",
        "bfefrmtrm_nm": "제 38 기",
        "bfefrmtrm_dt": "2021.12.31 현재",
        "bfefrmtrm_amount": "502,315,571,283",
        "ord": "22",
        "currency": "KRW"
    }
]