{
    "2024": {
        "EPS": 1.12,
        "BPS": 95.66,
        "ROE(%)": 1.17,
        "ROA(%)": 0.96,
        "부채비율(%)": 21.22,
        "유동비율(%)": 445.81,
        "영업이익률(%)": 0.0,
        "순이익률(%)": 2.1
    },
    "2023": {
        "EPS": 1.15,
        "BPS": 72.99,
        "ROE(%)": 1.58,
        "ROA(%)": 1.25,
        "부채비율(%)": 26.26,
        "유동비율(%)": 416.07,
        "영업이익률(%)": 3.87,
        "순이익률(%)": 1.97
    },
    "2022": {
        "EPS": 0.0,
        "BPS": 68.69,
        "ROE(%)": 0.0,
        "ROA(%)": 0.0,
        "부채비율(%)": 41.58,
        "유동비율(%)": 293.71,
        "영업이익률(%)": 0.0,
        "순이익률(%)": 0.0
    }
}