[
    {
        "rcept_no": "20240318000376",
        "reprt_code": "11011",
        "bsns_year": "2023",
        "corp_code": "00203847",
        "stock_code": "060480",
        "fs_div": "OFS",
        "fs_nm": "재무제표",
        "sj_div": "BS",
        "sj_nm": "재무상태표",
        "account_nm": "유동자산",
        "thstrm_nm": "제 31 기",
        "thstrm_dt": "2023.12.31 현재",
        "thstrm_amount": "18,456,375,233",
        "frmtrm_nm": "제 30 기",
        "frmtrm_dt": "2022.12.31 현재",
        "frmtrm_amount": "19,944,687,744",
        "bfefrmtrm_nm": "제 29 기",
        "bfefrmtrm_dt": "2021.12.31 현재",
        "bfefrmtrm_amount": "23,139,116,318",
        "ord": "2",
        "currency": "KRW"
    },
    {
        "rcept_no": "20240318000376",
        "reprt_code": "11011",
        "bsns_year": "2023",
        "corp_code": "00203847",
        "stock_code": "060480",
        "fs_div": "OFS",
        "fs_nm": "재무제표",
        "sj_div": "BS",
        "sj_nm": "재무상태표",
        "account_nm": "비유동자산",
        "thstrm_nm": "제 31 기",
        "thstrm_dt": "2023.12.31 현재",
        "thstrm_amount": "31,358,498,780",
        "frmtrm_nm": "제 30 기",
        "frmtrm_dt": "2022.12.31 현재",
        "frmtrm_amount": "32,259,701,951",
        "bfefrmtrm_nm": "제 29 기",
        "bfefrmtrm_dt": "2021.12.31 현재",
        "bfefrmtrm_amount": "29,883,724,727",
        "ord": "4",
        "currency": "KRW"
    },
    {
        "rcept_no": "20240318000376",
        "reprt_code": "11011",
        "bsns_year": "2023",
        "corp_code": "00203847",
        "stock_code": "060480",
        "fs_div": "OFS",
        "fs_nm": "재무제표",
        "sj_div": "BS",
        "sj_nm": "재무상태표",
        "account_nm": "자산총계",
        "thstrm_nm": "제 31 기",
        "thstrm_dt": "2023.12.31 현재",
        "thstrm_amount": "49,814,874,013",
        "frmtrm_nm": "제 30 기",
        "frmtrm_dt": "2022.12.31 현재",
        "frmtrm_amount": "52,204,389,695",
        "bfefrmtrm_nm": "제 29 기",
        "bfefrmtrm_dt": "2021.12.31 현재",
        "bfefrmtrm_amount": "53,022,841,045",
        "ord": "6",
        "currency": "KRW"
    },
    {
        "rcept_no": "20240318000376",
        "reprt_code": "11011",
        "bsns_year": "2023",
        "corp_code": "00203847",
        "stock_code": "060480",
        "fs_div": "OFS",
        "fs_nm": "재무제표",
        "sj_div": "BS",
        "sj_nm": "재무상태표",
        "account_nm": "유동부채",
        "thstrm_nm": "제 31 기",
        "thstrm_dt": "2023.12.31 현재",
        "thstrm_amount": "858,555,124",
        "frmtrm_nm": "제 30 기",
        "frmtrm_dt": "2022.12.31 현재",
        "frmtrm_amount": "1,322,347,880",
        "bfefrmtrm_nm": "제 29 기",
        "bfefrmtrm_dt": "2021.12.31 현재",
        "bfefrmtrm_amount": "2,465,944,753",
        "ord": "8",
        "currency": "KRW"
    },
    {
        "rcept_no": "20240318000376",
        "reprt_code": "11011",
        "bsns_year": "2023",
        "corp_code": "00203847",
        "stock_code": "060480",
        "fs_div": "OFS",
        "fs_nm": "재무제표",
        "sj_div": "BS",
        "sj_nm": "재무상태표",
        "account_nm": "비유동부채",
        "thstrm_nm": "제 31 기",
        "thstrm_dt": "2023.12.31 현재",
        "thstrm_amount": "2,785,130,170",
        "frmtrm_nm": "제 30 기",
        "frmtrm_dt": "2022.12.31 현재",
        "frmtrm_amount": "2,933,645,312",
        "bfefrmtrm_nm": "제 29 기",
        "bfefrmtrm_dt": "2021.12.31 현재",
        "bfefrmtrm_amount": "3,035,007,969",
        "ord": "10",
        "currency": "KRW"
    },
    {
        "rcept_no": "20240318000376",
        "reprt_code": "11011",
        "bsns_year": "2023",
        "corp_code": "00203847",
        "stock_code": "060480",
        "fs_div": "OFS",
        "fs_nm": "재무제표",
        "sj_div": "BS",
        "sj_nm": "재무상태표",
        "account_nm": "부채총계",
        "thstrm_nm": "제 31 기",
        "thstrm_dt": "2023.12.31 현재",
        "thstrm_amount": "3,643,685,294",
        "frmtrm_nm": "제 30 기",
        "frmtrm_dt": "2022.12.31 현재",
        "frmtrm_amount": "4,255,993,192",
        "bfefrmtrm_nm": "제 29 기",
        "bfefrmtrm_dt": "2021.12.31 현재",
        "bfefrmtrm_amount": "5,500,952,722",
        "ord": "12",
        "currency": "KRW"
    },
    {
        "rcept_no": "20240318000376",
        "reprt_code": "11011",
        "bsns_year": "2023",
        "corp_code": "00203847",
        "stock_code": "060480",
        "fs_div": "OFS",
        "fs_nm": "재무제표",
        "sj_div": "BS",
        "sj_nm": "재무상태표",
        "account_nm": "자본금",
        "thstrm_nm": "제 31 기",
        "thstrm_dt": "2023.12.31 현재",
        "thstrm_amount": "5,545,000,000",
        "frmtrm_nm": "제 30 기",
        "frmtrm_dt": "2022.12.31 현재",
        "frmtrm_amount": "5,545,000,000",
        "bfefrmtrm_nm": "제 29 기",
        "bfefrmtrm_dt": "2021.12.31 현재",
        "bfefrmtrm_amount": "5,545,000,000",
        "ord": "15",
        "currency": "KRW"
    },
    {
        "rcept_no": "20240318000376",
        "reprt_code": "11011",
        "bsns_year": "2023",
        "corp_code": "00203847",
        "stock_code": "060480",
        "fs_div": "OFS",
        "fs_nm": "재무제표",
        "sj_div": "BS",
        "sj_nm": "재무상태표",
        "account_nm": "이익잉여금",
        "thstrm_nm": "제 31 기",
        "thstrm_dt": "2023.12.31 현재",
        "thstrm_amount": "34,014,269,524",
        "frmtrm_nm": "제 30 기",
        "frmtrm_dt": "2022.12.31 현재",
        "frmtrm_amount": "35,791,477,308",
        "bfefrmtrm_nm": "제 29 기",
        "bfefrmtrm_dt": "2021.12.31 현재",
        "bfefrmtrm_amount": "35,364,969,128",
        "ord": "19",
        "currency": "KRW"
    },
    {
        "rcept_no": "20240318000376",
        "reprt_code": "11011",
        "bsns_year": "2023",
        "corp_code": "00203847",
        "stock_code": "060480",
        "fs_div": "OFS",
        "fs_nm": "재무제표",
        "sj_div": "BS",
        "sj_nm": "재무상태표",
        "account_nm": "자본총계",
        "thstrm_nm": "제 31 기",
        "thstrm_dt": "2023.12.31 현재",
        "thstrm_amount": "46,171,188,719",
        "frmtrm_nm": "제 30 기",
        "frmtrm_dt": "2022.12.31 현재",
        "frmtrm_amount": "47,948,396,503",
        "bfefrmtrm_nm": "제 29 기",
        "bfefrmtrm_dt": "2021.12.31 현재",
        "bfefrmtrm_amount": "47,521,888,323",
        "ord": "22",
        "currency": "KRW"
    }
]