[
    {
        "rcept_no": "20230320000585",
        "reprt_code": "11011",
        "bsns_year": "2022",
        "corp_code": "00203847",
        "stock_code": "060480",
        "fs_div": "OFS",
        "fs_nm": "재무제표",
        "sj_div": "BS",
        "sj_nm": "재무상태표",
        "account_nm": "유동자산",
        "thstrm_nm": "제 30 기",
        "thstrm_dt": "2022.12.31 현재",
        "thstrm_amount": "19,944,687,744",
        "frmtrm_nm": "제 29 기",
        "frmtrm_dt": "2021.12.31 현재",
        "frmtrm_amount": "23,139,116,318",
        "bfefrmtrm_nm": "제 28 기",
        "bfefrmtrm_dt": "2020.12.31 현재",
        "bfefrmtrm_amount": "22,055,494,083",
        "ord": "2",
        "currency": "KRW"
    },
    {
        "rcept_no": "20230320000585",
        "reprt_code": "11011",
        "bsns_year": "2022",
        "corp_code": "00203847",
        "stock_code": "060480",
        "fs_div": "OFS",
        "fs_nm": "재무제표",
        "sj_div": "BS",
        "sj_nm": "재무상태표",
        "account_nm": "비유동자산",
        "thstrm_nm": "제 30 기",
        "thstrm_dt": "2022.12.31 현재",
        "thstrm_amount": "32,259,701,951",
        "frmtrm_nm": "제 29 기",
        "frmtrm_dt": "2021.12.31 현재",
        "frmtrm_amount": "29,883,724,727",
        "bfefrmtrm_nm": "제 28 기",
        "bfefrmtrm_dt": "2020.12.31 현재",
        "bfefrmtrm_amount": "30,245,174,273",
        "ord": "4",
        "currency": "KRW"
    },
    {
        "rcept_no": "20230320000585",
        "reprt_code": "11011",
        "bsns_year": "2022",
        "corp_code": "00203847",
        "stock_code": "060480",
        "fs_div": "OFS",
        "fs_nm": "재무제표",
        "sj_div": "BS",
        "sj_nm": "재무상태표",
        "account_nm": "자산총계",
        "thstrm_nm": "제 30 기",
        "thstrm_dt": "2022.12.31 현재",
        "thstrm_amount": "52,204,389,695",
        "frmtrm_nm": "제 29 기",
        "frmtrm_dt": "2021.12.31 현재",
        "frmtrm_amount": "53,022,841,045",
        "bfefrmtrm_nm": "제 28 기",
        "bfefrmtrm_dt": "2020.12.31 현재",
        "bfefrmtrm_amount": "52,300,668,356",
        "ord": "6",
        "currency": "KRW"
    },
    {
        "rcept_no": "20230320000585",
        "reprt_code": "11011",
        "bsns_year": "2022",
        "corp_code": "00203847",
        "stock_code": "060480",
        "fs_div": "OFS",
        "fs_nm": "재무제표",
        "sj_div": "BS",
        "sj_nm": "재무상태표",
        "account_nm": "유동부채",
        "thstrm_nm": "제 30 기",
        "thstrm_dt": "2022.12.31 현재",
        "thstrm_amount": "1,322,347,880",
        "frmtrm_nm": "제 29 기",
        "frmtrm_dt": "2021.12.31 현재",
        "frmtrm_amount": "2,465,944,753",
        "bfefrmtrm_nm": "제 28 기",
        "bfefrmtrm_dt": "2020.12.31 현재",
        "bfefrmtrm_amount": "1,573,487,176",
        "ord": "8",
        "currency": "KRW"
    },
    {
        "rcept_no": "20230320000585",
        "reprt_code": "11011",
        "bsns_year": "2022",
        "corp_code": "00203847",
        "stock_code": "060480",
        "fs_div": "OFS",
        "fs_nm": "재무제표",
        "sj_div": "BS",
        "sj_nm": "재무상태표",
        "account_nm": "비유동부채",
        "thstrm_nm": "제 30 기",
        "thstrm_dt": "2022.12.31 현재",
        "thstrm_amount": "2,933,645,312",
        "frmtrm_nm": "제 29 기",
        "frmtrm_dt": "2021.12.31 현재",
        "frmtrm_amount": "3,035,007,969",
        "bfefrmtrm_nm": "제 28 기",
        "bfefrmtrm_dt": "2020.12.31 현재",
        "bfefrmtrm_amount": "3,656,966,215",
        "ord": "10",
        "currency": "KRW"
    },
    {
        "rcept_no": "20230320000585",
        "reprt_code": "11011",
        "bsns_year": "2022",
        "corp_code": "00203847",
        "stock_code": "060480",
        "fs_div": "OFS",
        "fs_nm": "재무제표",
        "sj_div": "BS",
        "sj_nm": "재무상태표",
        "account_nm": "부채총계",
        "thstrm_nm": "제 30 기",
        "thstrm_dt": "2022.12.31 현재",
        "thstrm_amount": "4,255,993,192",
        "frmtrm_nm": "제 29 기",
        "frmtrm_dt": "2021.12.31 현재",
        "frmtrm_amount": "5,500,952,722",
        "bfefrmtrm_nm": "제 28 기",
        "bfefrmtrm_dt": "2020.12.31 현재",
        "bfefrmtrm_amount": "5,230,453,391",
        "ord": "12",
        "currency": "KRW"
    },
    {
        "rcept_no": "20230320000585",
        "reprt_code": "11011",
        "bsns_year": "2022",
        "corp_code": "00203847",
        "stock_code": "060480",
        "fs_div": "OFS",
        "fs_nm": "재무제표",
        "sj_div": "BS",
        "sj_nm": "재무상태표",
        "account_nm": "자본금",
        "thstrm_nm": "제 30 기",
        "thstrm_dt": "2022.12.31 현재",
        "thstrm_amount": "5,545,000,000",
        "frmtrm_nm": "제 29 기",
        "frmtrm_dt": "2021.12.31 현재",
        "frmtrm_amount": "5,545,000,000",
        "bfefrmtrm_nm": "제 28 기",
        "bfefrmtrm_dt": "2020.12.31 현재",
        "bfefrmtrm_amount": "5,545,000,000",
        "ord": "15",
        "currency": "KRW"
    },
    {
        "rcept_no": "20230320000585",
        "reprt_code": "11011",
        "bsns_year": "2022",
        "corp_code": "00203847",
        "stock_code": "060480",
        "fs_div": "OFS",
        "fs_nm": "재무제표",
        "sj_div": "BS",
        "sj_nm": "재무상태표",
        "account_nm": "이익잉여금",
        "thstrm_nm": "제 30 기",
        "thstrm_dt": "2022.12.31 현재",
        "thstrm_amount": "35,791,477,308",
        "frmtrm_nm": "제 29 기",
        "frmtrm_dt": "2021.12.31 현재",
        "frmtrm_amount": "35,364,969,128",
        "bfefrmtrm_nm": "제 28 기",
        "bfefrmtrm_dt": "2020.12.31 현재",
        "bfefrmtrm_amount": "34,913,295,770",
        "ord": "19",
        "currency": "KRW"
    },
    {
        "rcept_no": "20230320000585",
        "reprt_code": "11011",
        "bsns_year": "2022",
        "corp_code": "00203847",
        "stock_code": "060480",
        "fs_div": "OFS",
        "fs_nm": "재무제표",
        "sj_div": "BS",
        "sj_nm": "재무상태표",
        "account_nm": "자본총계",
        "thstrm_nm": "제 30 기",
        "thstrm_dt": "2022.12.31 현재",
        "thstrm_amount": "47,948,396,503",
        "frmtrm_nm": "제 29 기",
        "frmtrm_dt": "2021.12.31 현재",
        "frmtrm_amount": "47,521,888,323",
        "bfefrmtrm_nm": "제 28 기",
        "bfefrmtrm_dt": "2020.12.31 현재",
        "bfefrmtrm_amount": "47,070,214,965",
        "ord": "22",
        "currency": "KRW"
    }
]