[
    {
        "rcept_no": "20250317000624",
        "reprt_code": "11011",
        "bsns_year": "2024",
        "corp_code": "00203847",
        "stock_code": "060480",
        "fs_div": "OFS",
        "fs_nm": "재무제표",
        "sj_div": "IS",
        "sj_nm": "손익계산서",
        "account_nm": "매출액",
        "thstrm_nm": "제 32 기",
        "thstrm_dt": "2024.01.01 ~ 2024.12.31",
        "thstrm_amount": "31,397,800,162",
        "frmtrm_nm": "제 31 기",
        "frmtrm_dt": "2023.01.01 ~ 2023.12.31",
        "frmtrm_amount": "19,639,701,107",
        "bfefrmtrm_nm": "제 30 기",
        "bfefrmtrm_dt": "2022.01.01 ~ 2022.12.31",
        "bfefrmtrm_amount": "26,883,136,547",
        "ord": "24",
        "currency": "KRW"
    },
    {
        "rcept_no": "20250317000624",
        "reprt_code": "11011",
        "bsns_year": "2024",
        "corp_code": "00203847",
        "stock_code": "060480",
        "fs_div": "OFS",
        "fs_nm": "재무제표",
        "sj_div": "IS",
        "sj_nm": "손익계산서",
        "account_nm": "영업이익",
        "thstrm_nm": "제 32 기",
        "thstrm_dt": "2024.01.01 ~ 2024.12.31",
        "thstrm_amount": "-1,696,267,519",
        "frmtrm_nm": "제 31 기",
        "frmtrm_dt": "2023.01.01 ~ 2023.12.31",
        "frmtrm_amount": "-2,191,984,516",
        "bfefrmtrm_nm": "제 30 기",
        "bfefrmtrm_dt": "2022.01.01 ~ 2022.12.31",
        "bfefrmtrm_amount": "385,392,950",
        "ord": "26",
        "currency": "KRW"
    },
    {
        "rcept_no": "20250317000624",
        "reprt_code": "11011",
        "bsns_year": "2024",
        "corp_code": "00203847",
        "stock_code": "060480",
        "fs_div": "OFS",
        "fs_nm": "재무제표",
        "sj_div": "IS",
        "sj_nm": "손익계산서",
        "account_nm": "법인세차감전 순이익",
        "thstrm_nm": "제 32 기",
        "thstrm_dt": "2024.01.01 ~ 2024.12.31",
        "thstrm_amount": "-3,657,065,532",
        "frmtrm_nm": "제 31 기",
        "frmtrm_dt": "2023.01.01 ~ 2023.12.31",
        "frmtrm_amount": "-1,707,287,790",
        "bfefrmtrm_nm": "제 30 기",
        "bfefrmtrm_dt": "2022.01.01 ~ 2022.12.31",
        "bfefrmtrm_amount": "1,155,488,984",
        "ord": "28",
        "currency": "KRW"
    },
    {
        "rcept_no": "20250317000624",
        "reprt_code": "11011",
        "bsns_year": "2024",
        "corp_code": "00203847",
        "stock_code": "060480",
        "fs_div": "OFS",
        "fs_nm": "재무제표",
        "sj_div": "IS",
        "sj_nm": "손익계산서",
        "account_nm": "당기순이익",
        "thstrm_nm": "제 32 기",
        "thstrm_dt": "2024.01.01 ~ 2024.12.31",
        "thstrm_amount": "-3,353,046,131",
        "frmtrm_nm": "제 31 기",
        "frmtrm_dt": "2023.01.01 ~ 2023.12.31",
        "frmtrm_amount": "-1,221,030,329",
        "bfefrmtrm_nm": "제 30 기",
        "bfefrmtrm_dt": "2022.01.01 ~ 2022.12.31",
        "bfefrmtrm_amount": "1,006,345,773",
        "ord": "30",
        "currency": "KRW"
    },
    {
        "rcept_no": "20250317000624",
        "reprt_code": "11011",
        "bsns_year": "2024",
        "corp_code": "00203847",
        "stock_code": "060480",
        "fs_div": "OFS",
        "fs_nm": "재무제표",
        "sj_div": "IS",
        "sj_nm": "손익계산서",
        "account_nm": "당기순이익(손실)",
        "thstrm_nm": "제 32 기",
        "thstrm_dt": "2024.01.01 ~ 2024.12.31",
        "thstrm_amount": "-3,353,046,131",
        "frmtrm_nm": "제 31 기",
        "frmtrm_dt": "2023.01.01 ~ 2023.12.31",
        "frmtrm_amount": "-1,221,030,329",
        "bfefrmtrm_nm": "제 30 기",
        "bfefrmtrm_dt": "2022.01.01 ~ 2022.12.31",
        "bfefrmtrm_amount": "1,006,345,773",
        "ord": "62",
        "currency": "KRW"
    },
    {
        "rcept_no": "20250317000624",
        "reprt_code": "11011",
        "bsns_year": "2024",
        "corp_code": "00203847",
        "stock_code": "060480",
        "fs_div": "OFS",
        "fs_nm": "재무제표",
        "sj_div": "IS",
        "sj_nm": "손익계산서",
        "account_nm": "총포괄손익",
        "thstrm_nm": "제 32 기",
        "thstrm_dt": "2024.01.01 ~ 2024.12.31",
        "thstrm_amount": "-3,287,384,159",
        "frmtrm_nm": "제 31 기",
        "frmtrm_dt": "2023.01.01 ~ 2023.12.31",
        "frmtrm_amount": "-1,222,707,784",
        "bfefrmtrm_nm": "제 30 기",
        "bfefrmtrm_dt": "2022.01.01 ~ 2022.12.31",
        "bfefrmtrm_amount": "981,008,180",
        "ord": "64",
        "currency": "KRW"
    }
]