[
    {
        "rcept_no": "20240318000376",
        "reprt_code": "11011",
        "bsns_year": "2023",
        "corp_code": "00203847",
        "stock_code": "060480",
        "fs_div": "OFS",
        "fs_nm": "재무제표",
        "sj_div": "IS",
        "sj_nm": "손익계산서",
        "account_nm": "매출액",
        "thstrm_nm": "제 31 기",
        "thstrm_dt": "2023.01.01 ~ 2023.12.31",
        "thstrm_amount": "19,639,701,107",
        "frmtrm_nm": "제 30 기",
        "frmtrm_dt": "2022.01.01 ~ 2022.12.31",
        "frmtrm_amount": "26,883,136,547",
        "bfefrmtrm_nm": "제 29 기",
        "bfefrmtrm_dt": "2021.01.01 ~ 2021.12.31",
        "bfefrmtrm_amount": "28,137,778,587",
        "ord": "24",
        "currency": "KRW"
    },
    {
        "rcept_no": "20240318000376",
        "reprt_code": "11011",
        "bsns_year": "2023",
        "corp_code": "00203847",
        "stock_code": "060480",
        "fs_div": "OFS",
        "fs_nm": "재무제표",
        "sj_div": "IS",
        "sj_nm": "손익계산서",
        "account_nm": "영업이익",
        "thstrm_nm": "제 31 기",
        "thstrm_dt": "2023.01.01 ~ 2023.12.31",
        "thstrm_amount": "-2,191,984,516",
        "frmtrm_nm": "제 30 기",
        "frmtrm_dt": "2022.01.01 ~ 2022.12.31",
        "frmtrm_amount": "385,392,950",
        "bfefrmtrm_nm": "제 29 기",
        "bfefrmtrm_dt": "2021.01.01 ~ 2021.12.31",
        "bfefrmtrm_amount": "950,586,822",
        "ord": "26",
        "currency": "KRW"
    },
    {
        "rcept_no": "20240318000376",
        "reprt_code": "11011",
        "bsns_year": "2023",
        "corp_code": "00203847",
        "stock_code": "060480",
        "fs_div": "OFS",
        "fs_nm": "재무제표",
        "sj_div": "IS",
        "sj_nm": "손익계산서",
        "account_nm": "법인세차감전 순이익",
        "thstrm_nm": "제 31 기",
        "thstrm_dt": "2023.01.01 ~ 2023.12.31",
        "thstrm_amount": "-1,707,287,790",
        "frmtrm_nm": "제 30 기",
        "frmtrm_dt": "2022.01.01 ~ 2022.12.31",
        "frmtrm_amount": "1,155,488,984",
        "bfefrmtrm_nm": "제 29 기",
        "bfefrmtrm_dt": "2021.01.01 ~ 2021.12.31",
        "bfefrmtrm_amount": "1,057,902,785",
        "ord": "28",
        "currency": "KRW"
    },
    {
        "rcept_no": "20240318000376",
        "reprt_code": "11011",
        "bsns_year": "2023",
        "corp_code": "00203847",
        "stock_code": "060480",
        "fs_div": "OFS",
        "fs_nm": "재무제표",
        "sj_div": "IS",
        "sj_nm": "손익계산서",
        "account_nm": "당기순이익",
        "thstrm_nm": "제 31 기",
        "thstrm_dt": "2023.01.01 ~ 2023.12.31",
        "thstrm_amount": "-1,221,030,329",
        "frmtrm_nm": "제 30 기",
        "frmtrm_dt": "2022.01.01 ~ 2022.12.31",
        "frmtrm_amount": "1,006,345,773",
        "bfefrmtrm_nm": "제 29 기",
        "bfefrmtrm_dt": "2021.01.01 ~ 2021.12.31",
        "bfefrmtrm_amount": "867,990,172",
        "ord": "30",
        "currency": "KRW"
    },
    {
        "rcept_no": "20240318000376",
        "reprt_code": "11011",
        "bsns_year": "2023",
        "corp_code": "00203847",
        "stock_code": "060480",
        "fs_div": "OFS",
        "fs_nm": "재무제표",
        "sj_div": "IS",
        "sj_nm": "손익계산서",
        "account_nm": "당기순이익(손실)",
        "thstrm_nm": "제 31 기",
        "thstrm_dt": "2023.01.01 ~ 2023.12.31",
        "thstrm_amount": "-1,221,030,329",
        "frmtrm_nm": "제 30 기",
        "frmtrm_dt": "2022.01.01 ~ 2022.12.31",
        "frmtrm_amount": "1,006,345,773",
        "bfefrmtrm_nm": "제 29 기",
        "bfefrmtrm_dt": "2021.01.01 ~ 2021.12.31",
        "bfefrmtrm_amount": "867,990,172",
        "ord": "62",
        "currency": "KRW"
    },
    {
        "rcept_no": "20240318000376",
        "reprt_code": "11011",
        "bsns_year": "2023",
        "corp_code": "00203847",
        "stock_code": "060480",
        "fs_div": "OFS",
        "fs_nm": "재무제표",
        "sj_div": "IS",
        "sj_nm": "손익계산서",
        "account_nm": "총포괄손익",
        "thstrm_nm": "제 31 기",
        "thstrm_dt": "2023.01.01 ~ 2023.12.31",
        "thstrm_amount": "-1,222,707,784",
        "frmtrm_nm": "제 30 기",
        "frmtrm_dt": "2022.01.01 ~ 2022.12.31",
        "frmtrm_amount": "981,008,180",
        "bfefrmtrm_nm": "제 29 기",
        "bfefrmtrm_dt": "2021.01.01 ~ 2021.12.31",
        "bfefrmtrm_amount": "784,373,358",
        "ord": "64",
        "currency": "KRW"
    }
]