[
    {
        "rcept_no": "20230320000585",
        "reprt_code": "11011",
        "bsns_year": "2022",
        "corp_code": "00203847",
        "stock_code": "060480",
        "fs_div": "OFS",
        "fs_nm": "재무제표",
        "sj_div": "IS",
        "sj_nm": "손익계산서",
        "account_nm": "매출액",
        "thstrm_nm": "제 30 기",
        "thstrm_dt": "2022.01.01 ~ 2022.12.31",
        "thstrm_amount": "26,883,136,547",
        "frmtrm_nm": "제 29 기",
        "frmtrm_dt": "2021.01.01 ~ 2021.12.31",
        "frmtrm_amount": "28,137,778,587",
        "bfefrmtrm_nm": "제 28 기",
        "bfefrmtrm_dt": "2020.01.01 ~ 2020.12.31",
        "bfefrmtrm_amount": "25,189,340,421",
        "ord": "24",
        "currency": "KRW"
    },
    {
        "rcept_no": "20230320000585",
        "reprt_code": "11011",
        "bsns_year": "2022",
        "corp_code": "00203847",
        "stock_code": "060480",
        "fs_div": "OFS",
        "fs_nm": "재무제표",
        "sj_div": "IS",
        "sj_nm": "손익계산서",
        "account_nm": "영업이익",
        "thstrm_nm": "제 30 기",
        "thstrm_dt": "2022.01.01 ~ 2022.12.31",
        "thstrm_amount": "385,392,950",
        "frmtrm_nm": "제 29 기",
        "frmtrm_dt": "2021.01.01 ~ 2021.12.31",
        "frmtrm_amount": "950,586,822",
        "bfefrmtrm_nm": "제 28 기",
        "bfefrmtrm_dt": "2020.01.01 ~ 2020.12.31",
        "bfefrmtrm_amount": "-141,097,894",
        "ord": "26",
        "currency": "KRW"
    },
    {
        "rcept_no": "20230320000585",
        "reprt_code": "11011",
        "bsns_year": "2022",
        "corp_code": "00203847",
        "stock_code": "060480",
        "fs_div": "OFS",
        "fs_nm": "재무제표",
        "sj_div": "IS",
        "sj_nm": "손익계산서",
        "account_nm": "법인세차감전 순이익",
        "thstrm_nm": "제 30 기",
        "thstrm_dt": "2022.01.01 ~ 2022.12.31",
        "thstrm_amount": "1,155,488,984",
        "frmtrm_nm": "제 29 기",
        "frmtrm_dt": "2021.01.01 ~ 2021.12.31",
        "frmtrm_amount": "1,057,902,785",
        "bfefrmtrm_nm": "제 28 기",
        "bfefrmtrm_dt": "2020.01.01 ~ 2020.12.31",
        "bfefrmtrm_amount": "71,092,547",
        "ord": "28",
        "currency": "KRW"
    },
    {
        "rcept_no": "20230320000585",
        "reprt_code": "11011",
        "bsns_year": "2022",
        "corp_code": "00203847",
        "stock_code": "060480",
        "fs_div": "OFS",
        "fs_nm": "재무제표",
        "sj_div": "IS",
        "sj_nm": "손익계산서",
        "account_nm": "당기순이익",
        "thstrm_nm": "제 30 기",
        "thstrm_dt": "2022.01.01 ~ 2022.12.31",
        "thstrm_amount": "1,006,345,773",
        "frmtrm_nm": "제 29 기",
        "frmtrm_dt": "2021.01.01 ~ 2021.12.31",
        "frmtrm_amount": "867,990,172",
        "bfefrmtrm_nm": "제 28 기",
        "bfefrmtrm_dt": "2020.01.01 ~ 2020.12.31",
        "bfefrmtrm_amount": "93,734,187",
        "ord": "30",
        "currency": "KRW"
    },
    {
        "rcept_no": "20230320000585",
        "reprt_code": "11011",
        "bsns_year": "2022",
        "corp_code": "00203847",
        "stock_code": "060480",
        "fs_div": "OFS",
        "fs_nm": "재무제표",
        "sj_div": "IS",
        "sj_nm": "손익계산서",
        "account_nm": "당기순이익(손실)",
        "thstrm_nm": "제 30 기",
        "thstrm_dt": "2022.01.01 ~ 2022.12.31",
        "thstrm_amount": "1,006,345,773",
        "frmtrm_nm": "제 29 기",
        "frmtrm_dt": "2021.01.01 ~ 2021.12.31",
        "frmtrm_amount": "867,990,172",
        "bfefrmtrm_nm": "제 28 기",
        "bfefrmtrm_dt": "2020.01.01 ~ 2020.12.31",
        "bfefrmtrm_amount": "93,734,187",
        "ord": "62",
        "currency": "KRW"
    }
]