[
    {
        "rcept_no": "20250317000624",
        "reprt_code": "11011",
        "bsns_year": "2024",
        "corp_code": "00203847",
        "stock_code": "060480",
        "fs_div": "OFS",
        "fs_nm": "재무제표",
        "sj_div": "BS",
        "sj_nm": "재무상태표",
        "account_nm": "유동자산",
        "thstrm_nm": "제 32 기",
        "thstrm_dt": "2024.12.31 현재",
        "thstrm_amount": "19,101,979,370",
        "frmtrm_nm": "제 31 기",
        "frmtrm_dt": "2023.12.31 현재",
        "frmtrm_amount": "18,456,375,233",
        "bfefrmtrm_nm": "제 30 기",
        "bfefrmtrm_dt": "2022.12.31 현재",
        "bfefrmtrm_amount": "19,944,687,744",
        "ord": "2",
        "currency": "KRW"
    },
    {
        "rcept_no": "20250317000624",
        "reprt_code": "11011",
        "bsns_year": "2024",
        "corp_code": "00203847",
        "stock_code": "060480",
        "fs_div": "OFS",
        "fs_nm": "재무제표",
        "sj_div": "BS",
        "sj_nm": "재무상태표",
        "account_nm": "비유동자산",
        "thstrm_nm": "제 32 기",
        "thstrm_dt": "2024.12.31 현재",
        "thstrm_amount": "28,269,554,232",
        "frmtrm_nm": "제 31 기",
        "frmtrm_dt": "2023.12.31 현재",
        "frmtrm_amount": "31,358,498,780",
        "bfefrmtrm_nm": "제 30 기",
        "bfefrmtrm_dt": "2022.12.31 현재",
        "bfefrmtrm_amount": "32,259,701,951",
        "ord": "4",
        "currency": "KRW"
    },
    {
        "rcept_no": "20250317000624",
        "reprt_code": "11011",
        "bsns_year": "2024",
        "corp_code": "00203847",
        "stock_code": "060480",
        "fs_div": "OFS",
        "fs_nm": "재무제표",
        "sj_div": "BS",
        "sj_nm": "재무상태표",
        "account_nm": "자산총계",
        "thstrm_nm": "제 32 기",
        "thstrm_dt": "2024.12.31 현재",
        "thstrm_amount": "47,371,533,602",
        "frmtrm_nm": "제 31 기",
        "frmtrm_dt": "2023.12.31 현재",
        "frmtrm_amount": "49,814,874,013",
        "bfefrmtrm_nm": "제 30 기",
        "bfefrmtrm_dt": "2022.12.31 현재",
        "bfefrmtrm_amount": "52,204,389,695",
        "ord": "6",
        "currency": "KRW"
    },
    {
        "rcept_no": "20250317000624",
        "reprt_code": "11011",
        "bsns_year": "2024",
        "corp_code": "00203847",
        "stock_code": "060480",
        "fs_div": "OFS",
        "fs_nm": "재무제표",
        "sj_div": "BS",
        "sj_nm": "재무상태표",
        "account_nm": "유동부채",
        "thstrm_nm": "제 32 기",
        "thstrm_dt": "2024.12.31 현재",
        "thstrm_amount": "2,638,071,473",
        "frmtrm_nm": "제 31 기",
        "frmtrm_dt": "2023.12.31 현재",
        "frmtrm_amount": "858,555,124",
        "bfefrmtrm_nm": "제 30 기",
        "bfefrmtrm_dt": "2022.12.31 현재",
        "bfefrmtrm_amount": "1,322,347,880",
        "ord": "8",
        "currency": "KRW"
    },
    {
        "rcept_no": "20250317000624",
        "reprt_code": "11011",
        "bsns_year": "2024",
        "corp_code": "00203847",
        "stock_code": "060480",
        "fs_div": "OFS",
        "fs_nm": "재무제표",
        "sj_div": "BS",
        "sj_nm": "재무상태표",
        "account_nm": "비유동부채",
        "thstrm_nm": "제 32 기",
        "thstrm_dt": "2024.12.31 현재",
        "thstrm_amount": "2,404,157,569",
        "frmtrm_nm": "제 31 기",
        "frmtrm_dt": "2023.12.31 현재",
        "frmtrm_amount": "2,785,130,170",
        "bfefrmtrm_nm": "제 30 기",
        "bfefrmtrm_dt": "2022.12.31 현재",
        "bfefrmtrm_amount": "2,933,645,312",
        "ord": "10",
        "currency": "KRW"
    },
    {
        "rcept_no": "20250317000624",
        "reprt_code": "11011",
        "bsns_year": "2024",
        "corp_code": "00203847",
        "stock_code": "060480",
        "fs_div": "OFS",
        "fs_nm": "재무제표",
        "sj_div": "BS",
        "sj_nm": "재무상태표",
        "account_nm": "부채총계",
        "thstrm_nm": "제 32 기",
        "thstrm_dt": "2024.12.31 현재",
        "thstrm_amount": "5,042,229,042",
        "frmtrm_nm": "제 31 기",
        "frmtrm_dt": "2023.12.31 현재",
        "frmtrm_amount": "3,643,685,294",
        "bfefrmtrm_nm": "제 30 기",
        "bfefrmtrm_dt": "2022.12.31 현재",
        "bfefrmtrm_amount": "4,255,993,192",
        "ord": "12",
        "currency": "KRW"
    },
    {
        "rcept_no": "20250317000624",
        "reprt_code": "11011",
        "bsns_year": "2024",
        "corp_code": "00203847",
        "stock_code": "060480",
        "fs_div": "OFS",
        "fs_nm": "재무제표",
        "sj_div": "BS",
        "sj_nm": "재무상태표",
        "account_nm": "자본금",
        "thstrm_nm": "제 32 기",
        "thstrm_dt": "2024.12.31 현재",
        "thstrm_amount": "5,545,000,000",
        "frmtrm_nm": "제 31 기",
        "frmtrm_dt": "2023.12.31 현재",
        "frmtrm_amount": "5,545,000,000",
        "bfefrmtrm_nm": "제 30 기",
        "bfefrmtrm_dt": "2022.12.31 현재",
        "bfefrmtrm_amount": "5,545,000,000",
        "ord": "15",
        "currency": "KRW"
    },
    {
        "rcept_no": "20250317000624",
        "reprt_code": "11011",
        "bsns_year": "2024",
        "corp_code": "00203847",
        "stock_code": "060480",
        "fs_div": "OFS",
        "fs_nm": "재무제표",
        "sj_div": "BS",
        "sj_nm": "재무상태표",
        "account_nm": "이익잉여금",
        "thstrm_nm": "제 32 기",
        "thstrm_dt": "2024.12.31 현재",
        "thstrm_amount": "30,172,385,365",
        "frmtrm_nm": "제 31 기",
        "frmtrm_dt": "2023.12.31 현재",
        "frmtrm_amount": "34,014,269,524",
        "bfefrmtrm_nm": "제 30 기",
        "bfefrmtrm_dt": "2022.12.31 현재",
        "bfefrmtrm_amount": "35,791,477,308",
        "ord": "19",
        "currency": "KRW"
    },
    {
        "rcept_no": "20250317000624",
        "reprt_code": "11011",
        "bsns_year": "2024",
        "corp_code": "00203847",
        "stock_code": "060480",
        "fs_div": "OFS",
        "fs_nm": "재무제표",
        "sj_div": "BS",
        "sj_nm": "재무상태표",
        "account_nm": "자본총계",
        "thstrm_nm": "제 32 기",
        "thstrm_dt": "2024.12.31 현재",
        "thstrm_amount": "42,329,304,560",
        "frmtrm_nm": "제 31 기",
        "frmtrm_dt": "2023.12.31 현재",
        "frmtrm_amount": "46,171,188,719",
        "bfefrmtrm_nm": "제 30 기",
        "bfefrmtrm_dt": "2022.12.31 현재",
        "bfefrmtrm_amount": "47,948,396,503",
        "ord": "22",
        "currency": "KRW"
    }
]