[
    {
        "rcept_no": "20230711000372",
        "reprt_code": "11011",
        "bsns_year": "2022",
        "corp_code": "00540429",
        "stock_code": "090710",
        "fs_div": "CFS",
        "fs_nm": "연결재무제표",
        "sj_div": "BS",
        "sj_nm": "재무상태표",
        "account_nm": "유동자산",
        "thstrm_nm": "제 24 기",
        "thstrm_dt": "2022.12.31 현재",
        "thstrm_amount": "49,339,351,956",
        "frmtrm_nm": "제 23 기",
        "frmtrm_dt": "2021.12.31 현재",
        "frmtrm_amount": "26,214,970,934",
        "bfefrmtrm_nm": "제 22 기",
        "bfefrmtrm_dt": "2020.12.31 현재",
        "bfefrmtrm_amount": "43,687,950,794",
        "ord": "1",
        "currency": "KRW"
    },
    {
        "rcept_no": "20230711000372",
        "reprt_code": "11011",
        "bsns_year": "2022",
        "corp_code": "00540429",
        "stock_code": "090710",
        "fs_div": "CFS",
        "fs_nm": "연결재무제표",
        "sj_div": "BS",
        "sj_nm": "재무상태표",
        "account_nm": "비유동자산",
        "thstrm_nm": "제 24 기",
        "thstrm_dt": "2022.12.31 현재",
        "thstrm_amount": "65,144,850,863",
        "frmtrm_nm": "제 23 기",
        "frmtrm_dt": "2021.12.31 현재",
        "frmtrm_amount": "71,114,174,071",
        "bfefrmtrm_nm": "제 22 기",
        "bfefrmtrm_dt": "2020.12.31 현재",
        "bfefrmtrm_amount": "92,052,167,897",
        "ord": "3",
        "currency": "KRW"
    },
    {
        "rcept_no": "20230711000372",
        "reprt_code": "11011",
        "bsns_year": "2022",
        "corp_code": "00540429",
        "stock_code": "090710",
        "fs_div": "CFS",
        "fs_nm": "연결재무제표",
        "sj_div": "BS",
        "sj_nm": "재무상태표",
        "account_nm": "자산총계",
        "thstrm_nm": "제 24 기",
        "thstrm_dt": "2022.12.31 현재",
        "thstrm_amount": "114,484,202,819",
        "frmtrm_nm": "제 23 기",
        "frmtrm_dt": "2021.12.31 현재",
        "frmtrm_amount": "97,329,145,005",
        "bfefrmtrm_nm": "제 22 기",
        "bfefrmtrm_dt": "2020.12.31 현재",
        "bfefrmtrm_amount": "135,740,118,691",
        "ord": "5",
        "currency": "KRW"
    },
    {
        "rcept_no": "20230711000372",
        "reprt_code": "11011",
        "bsns_year": "2022",
        "corp_code": "00540429",
        "stock_code": "090710",
        "fs_div": "CFS",
        "fs_nm": "연결재무제표",
        "sj_div": "BS",
        "sj_nm": "재무상태표",
        "account_nm": "유동부채",
        "thstrm_nm": "제 24 기",
        "thstrm_dt": "2022.12.31 현재",
        "thstrm_amount": "28,568,220,474",
        "frmtrm_nm": "제 23 기",
        "frmtrm_dt": "2021.12.31 현재",
        "frmtrm_amount": "11,988,255,764",
        "bfefrmtrm_nm": "제 22 기",
        "bfefrmtrm_dt": "2020.12.31 현재",
        "bfefrmtrm_amount": "46,495,667,865",
        "ord": "7",
        "currency": "KRW"
    },
    {
        "rcept_no": "20230711000372",
        "reprt_code": "11011",
        "bsns_year": "2022",
        "corp_code": "00540429",
        "stock_code": "090710",
        "fs_div": "CFS",
        "fs_nm": "연결재무제표",
        "sj_div": "BS",
        "sj_nm": "재무상태표",
        "account_nm": "비유동부채",
        "thstrm_nm": "제 24 기",
        "thstrm_dt": "2022.12.31 현재",
        "thstrm_amount": "4,964,961,019",
        "frmtrm_nm": "제 23 기",
        "frmtrm_dt": "2021.12.31 현재",
        "frmtrm_amount": "13,130,062,424",
        "bfefrmtrm_nm": "제 22 기",
        "bfefrmtrm_dt": "2020.12.31 현재",
        "bfefrmtrm_amount": "13,403,014,728",
        "ord": "9",
        "currency": "KRW"
    },
    {
        "rcept_no": "20230711000372",
        "reprt_code": "11011",
        "bsns_year": "2022",
        "corp_code": "00540429",
        "stock_code": "090710",
        "fs_div": "CFS",
        "fs_nm": "연결재무제표",
        "sj_div": "BS",
        "sj_nm": "재무상태표",
        "account_nm": "부채총계",
        "thstrm_nm": "제 24 기",
        "thstrm_dt": "2022.12.31 현재",
        "thstrm_amount": "33,533,181,493",
        "frmtrm_nm": "제 23 기",
        "frmtrm_dt": "2021.12.31 현재",
        "frmtrm_amount": "25,118,318,188",
        "bfefrmtrm_nm": "제 22 기",
        "bfefrmtrm_dt": "2020.12.31 현재",
        "bfefrmtrm_amount": "59,898,682,593",
        "ord": "11",
        "currency": "KRW"
    },
    {
        "rcept_no": "20230711000372",
        "reprt_code": "11011",
        "bsns_year": "2022",
        "corp_code": "00540429",
        "stock_code": "090710",
        "fs_div": "CFS",
        "fs_nm": "연결재무제표",
        "sj_div": "BS",
        "sj_nm": "재무상태표",
        "account_nm": "자본금",
        "thstrm_nm": "제 24 기",
        "thstrm_dt": "2022.12.31 현재",
        "thstrm_amount": "32,755,139,600",
        "frmtrm_nm": "제 23 기",
        "frmtrm_dt": "2021.12.31 현재",
        "frmtrm_amount": "32,594,139,600",
        "bfefrmtrm_nm": "제 22 기",
        "bfefrmtrm_dt": "2020.12.31 현재",
        "bfefrmtrm_amount": "18,677,012,200",
        "ord": "13",
        "currency": "KRW"
    },
    {
        "rcept_no": "20230711000372",
        "reprt_code": "11011",
        "bsns_year": "2022",
        "corp_code": "00540429",
        "stock_code": "090710",
        "fs_div": "CFS",
        "fs_nm": "연결재무제표",
        "sj_div": "BS",
        "sj_nm": "재무상태표",
        "account_nm": "이익잉여금",
        "thstrm_nm": "제 24 기",
        "thstrm_dt": "2022.12.31 현재",
        "thstrm_amount": "-60,786,565,526",
        "frmtrm_nm": "제 23 기",
        "frmtrm_dt": "2021.12.31 현재",
        "frmtrm_amount": "-44,193,246,303",
        "bfefrmtrm_nm": "제 22 기",
        "bfefrmtrm_dt": "2020.12.31 현재",
        "bfefrmtrm_amount": "-5,085,957,312",
        "ord": "17",
        "currency": "KRW"
    },
    {
        "rcept_no": "20230711000372",
        "reprt_code": "11011",
        "bsns_year": "2022",
        "corp_code": "00540429",
        "stock_code": "090710",
        "fs_div": "CFS",
        "fs_nm": "연결재무제표",
        "sj_div": "BS",
        "sj_nm": "재무상태표",
        "account_nm": "자본총계",
        "thstrm_nm": "제 24 기",
        "thstrm_dt": "2022.12.31 현재",
        "thstrm_amount": "80,951,021,326",
        "frmtrm_nm": "제 23 기",
        "frmtrm_dt": "2021.12.31 현재",
        "frmtrm_amount": "72,210,826,817",
        "bfefrmtrm_nm": "제 22 기",
        "bfefrmtrm_dt": "2020.12.31 현재",
        "bfefrmtrm_amount": "75,841,436,098",
        "ord": "21",
        "currency": "KRW"
    },
    {
        "rcept_no": "20230711000372",
        "reprt_code": "11011",
        "bsns_year": "2022",
        "corp_code": "00540429",
        "stock_code": "090710",
        "fs_div": "OFS",
        "fs_nm": "재무제표",
        "sj_div": "BS",
        "sj_nm": "재무상태표",
        "account_nm": "유동자산",
        "thstrm_nm": "제 24 기",
        "thstrm_dt": "2022.12.31 현재",
        "thstrm_amount": "28,914,309,147",
        "frmtrm_nm": "제 23 기",
        "frmtrm_dt": "2021.12.31 현재",
        "frmtrm_amount": "23,677,761,619",
        "bfefrmtrm_nm": "제 22 기",
        "bfefrmtrm_dt": "2020.12.31 현재",
        "bfefrmtrm_amount": "38,638,864,742",
        "ord": "2",
        "currency": "KRW"
    },
    {
        "rcept_no": "20230711000372",
        "reprt_code": "11011",
        "bsns_year": "2022",
        "corp_code": "00540429",
        "stock_code": "090710",
        "fs_div": "OFS",
        "fs_nm": "재무제표",
        "sj_div": "BS",
        "sj_nm": "재무상태표",
        "account_nm": "비유동자산",
        "thstrm_nm": "제 24 기",
        "thstrm_dt": "2022.12.31 현재",
        "thstrm_amount": "45,953,686,896",
        "frmtrm_nm": "제 23 기",
        "frmtrm_dt": "2021.12.31 현재",
        "frmtrm_amount": "59,812,935,321",
        "bfefrmtrm_nm": "제 22 기",
        "bfefrmtrm_dt": "2020.12.31 현재",
        "bfefrmtrm_amount": "90,065,777,457",
        "ord": "4",
        "currency": "KRW"
    },
    {
        "rcept_no": "20230711000372",
        "reprt_code": "11011",
        "bsns_year": "2022",
        "corp_code": "00540429",
        "stock_code": "090710",
        "fs_div": "OFS",
        "fs_nm": "재무제표",
        "sj_div": "BS",
        "sj_nm": "재무상태표",
        "account_nm": "자산총계",
        "thstrm_nm": "제 24 기",
        "thstrm_dt": "2022.12.31 현재",
        "thstrm_amount": "74,867,996,043",
        "frmtrm_nm": "제 23 기",
        "frmtrm_dt": "2021.12.31 현재",
        "frmtrm_amount": "83,490,696,940",
        "bfefrmtrm_nm": "제 22 기",
        "bfefrmtrm_dt": "2020.12.31 현재",
        "bfefrmtrm_amount": "128,704,642,199",
        "ord": "6",
        "currency": "KRW"
    },
    {
        "rcept_no": "20230711000372",
        "reprt_code": "11011",
        "bsns_year": "2022",
        "corp_code": "00540429",
        "stock_code": "090710",
        "fs_div": "OFS",
        "fs_nm": "재무제표",
        "sj_div": "BS",
        "sj_nm": "재무상태표",
        "account_nm": "유동부채",
        "thstrm_nm": "제 24 기",
        "thstrm_dt": "2022.12.31 현재",
        "thstrm_amount": "21,114,058,164",
        "frmtrm_nm": "제 23 기",
        "frmtrm_dt": "2021.12.31 현재",
        "frmtrm_amount": "10,818,316,731",
        "bfefrmtrm_nm": "제 22 기",
        "bfefrmtrm_dt": "2020.12.31 현재",
        "bfefrmtrm_amount": "44,772,222,254",
        "ord": "8",
        "currency": "KRW"
    },
    {
        "rcept_no": "20230711000372",
        "reprt_code": "11011",
        "bsns_year": "2022",
        "corp_code": "00540429",
        "stock_code": "090710",
        "fs_div": "OFS",
        "fs_nm": "재무제표",
        "sj_div": "BS",
        "sj_nm": "재무상태표",
        "account_nm": "비유동부채",
        "thstrm_nm": "제 24 기",
        "thstrm_dt": "2022.12.31 현재",
        "thstrm_amount": "275,089,339",
        "frmtrm_nm": "제 23 기",
        "frmtrm_dt": "2021.12.31 현재",
        "frmtrm_amount": "565,943,924",
        "bfefrmtrm_nm": "제 22 기",
        "bfefrmtrm_dt": "2020.12.31 현재",
        "bfefrmtrm_amount": "8,800,369,611",
        "ord": "10",
        "currency": "KRW"
    },
    {
        "rcept_no": "20230711000372",
        "reprt_code": "11011",
        "bsns_year": "2022",
        "corp_code": "00540429",
        "stock_code": "090710",
        "fs_div": "OFS",
        "fs_nm": "재무제표",
        "sj_div": "BS",
        "sj_nm": "재무상태표",
        "account_nm": "부채총계",
        "thstrm_nm": "제 24 기",
        "thstrm_dt": "2022.12.31 현재",
        "thstrm_amount": "21,389,147,503",
        "frmtrm_nm": "제 23 기",
        "frmtrm_dt": "2021.12.31 현재",
        "frmtrm_amount": "11,384,260,655",
        "bfefrmtrm_nm": "제 22 기",
        "bfefrmtrm_dt": "2020.12.31 현재",
        "bfefrmtrm_amount": "53,572,591,865",
        "ord": "12",
        "currency": "KRW"
    },
    {
        "rcept_no": "20230711000372",
        "reprt_code": "11011",
        "bsns_year": "2022",
        "corp_code": "00540429",
        "stock_code": "090710",
        "fs_div": "OFS",
        "fs_nm": "재무제표",
        "sj_div": "BS",
        "sj_nm": "재무상태표",
        "account_nm": "자본금",
        "thstrm_nm": "제 24 기",
        "thstrm_dt": "2022.12.31 현재",
        "thstrm_amount": "32,755,139,600",
        "frmtrm_nm": "제 23 기",
        "frmtrm_dt": "2021.12.31 현재",
        "frmtrm_amount": "32,594,139,600",
        "bfefrmtrm_nm": "제 22 기",
        "bfefrmtrm_dt": "2020.12.31 현재",
        "bfefrmtrm_amount": "18,677,012,200",
        "ord": "15",
        "currency": "KRW"
    },
    {
        "rcept_no": "20230711000372",
        "reprt_code": "11011",
        "bsns_year": "2022",
        "corp_code": "00540429",
        "stock_code": "090710",
        "fs_div": "OFS",
        "fs_nm": "재무제표",
        "sj_div": "BS",
        "sj_nm": "재무상태표",
        "account_nm": "이익잉여금",
        "thstrm_nm": "제 24 기",
        "thstrm_dt": "2022.12.31 현재",
        "thstrm_amount": "-64,408,644,474",
        "frmtrm_nm": "제 23 기",
        "frmtrm_dt": "2021.12.31 현재",
        "frmtrm_amount": "-44,585,613,566",
        "bfefrmtrm_nm": "제 22 기",
        "bfefrmtrm_dt": "2020.12.31 현재",
        "bfefrmtrm_amount": "-5,890,552,383",
        "ord": "19",
        "currency": "KRW"
    },
    {
        "rcept_no": "20230711000372",
        "reprt_code": "11011",
        "bsns_year": "2022",
        "corp_code": "00540429",
        "stock_code": "090710",
        "fs_div": "OFS",
        "fs_nm": "재무제표",
        "sj_div": "BS",
        "sj_nm": "재무상태표",
        "account_nm": "자본총계",
        "thstrm_nm": "제 24 기",
        "thstrm_dt": "2022.12.31 현재",
        "thstrm_amount": "53,478,848,540",
        "frmtrm_nm": "제 23 기",
        "frmtrm_dt": "2021.12.31 현재",
        "frmtrm_amount": "72,106,436,285",
        "bfefrmtrm_nm": "제 22 기",
        "bfefrmtrm_dt": "2020.12.31 현재",
        "bfefrmtrm_amount": "75,132,050,334",
        "ord": "22",
        "currency": "KRW"
    }
]