[
    {
        "rcept_no": "20230711000372",
        "reprt_code": "11011",
        "bsns_year": "2022",
        "corp_code": "00540429",
        "stock_code": "090710",
        "fs_div": "CFS",
        "fs_nm": "연결재무제표",
        "sj_div": "IS",
        "sj_nm": "손익계산서",
        "account_nm": "매출액",
        "thstrm_nm": "제 24 기",
        "thstrm_dt": "2022.01.01 ~ 2022.12.31",
        "thstrm_amount": "55,474,362,631",
        "frmtrm_nm": "제 23 기",
        "frmtrm_dt": "2021.01.01 ~ 2021.12.31",
        "frmtrm_amount": "27,316,055,223",
        "bfefrmtrm_nm": "제 22 기",
        "bfefrmtrm_dt": "2020.01.01 ~ 2020.12.31",
        "bfefrmtrm_amount": "19,932,344,118",
        "ord": "23",
        "currency": "KRW"
    },
    {
        "rcept_no": "20230711000372",
        "reprt_code": "11011",
        "bsns_year": "2022",
        "corp_code": "00540429",
        "stock_code": "090710",
        "fs_div": "CFS",
        "fs_nm": "연결재무제표",
        "sj_div": "IS",
        "sj_nm": "손익계산서",
        "account_nm": "영업이익",
        "thstrm_nm": "제 24 기",
        "thstrm_dt": "2022.01.01 ~ 2022.12.31",
        "thstrm_amount": "-7,468,016,309",
        "frmtrm_nm": "제 23 기",
        "frmtrm_dt": "2021.01.01 ~ 2021.12.31",
        "frmtrm_amount": "-2,973,849,330",
        "bfefrmtrm_nm": "제 22 기",
        "bfefrmtrm_dt": "2020.01.01 ~ 2020.12.31",
        "bfefrmtrm_amount": "-8,964,543,399",
        "ord": "25",
        "currency": "KRW"
    },
    {
        "rcept_no": "20230711000372",
        "reprt_code": "11011",
        "bsns_year": "2022",
        "corp_code": "00540429",
        "stock_code": "090710",
        "fs_div": "CFS",
        "fs_nm": "연결재무제표",
        "sj_div": "IS",
        "sj_nm": "손익계산서",
        "account_nm": "법인세차감전 순이익",
        "thstrm_nm": "제 24 기",
        "thstrm_dt": "2022.01.01 ~ 2022.12.31",
        "thstrm_amount": "-12,786,823,008",
        "frmtrm_nm": "제 23 기",
        "frmtrm_dt": "2021.01.01 ~ 2021.12.31",
        "frmtrm_amount": "-45,911,883,787",
        "bfefrmtrm_nm": "제 22 기",
        "bfefrmtrm_dt": "2020.01.01 ~ 2020.12.31",
        "bfefrmtrm_amount": "48,522,604,522",
        "ord": "27",
        "currency": "KRW"
    },
    {
        "rcept_no": "20230711000372",
        "reprt_code": "11011",
        "bsns_year": "2022",
        "corp_code": "00540429",
        "stock_code": "090710",
        "fs_div": "CFS",
        "fs_nm": "연결재무제표",
        "sj_div": "IS",
        "sj_nm": "손익계산서",
        "account_nm": "당기순이익",
        "thstrm_nm": "제 24 기",
        "thstrm_dt": "2022.01.01 ~ 2022.12.31",
        "thstrm_amount": "-11,939,139,936",
        "frmtrm_nm": "제 23 기",
        "frmtrm_dt": "2021.01.01 ~ 2021.12.31",
        "frmtrm_amount": "-39,221,439,944",
        "bfefrmtrm_nm": "제 22 기",
        "bfefrmtrm_dt": "2020.01.01 ~ 2020.12.31",
        "bfefrmtrm_amount": "40,983,955,742",
        "ord": "29",
        "currency": "KRW"
    },
    {
        "rcept_no": "20230711000372",
        "reprt_code": "11011",
        "bsns_year": "2022",
        "corp_code": "00540429",
        "stock_code": "090710",
        "fs_div": "CFS",
        "fs_nm": "연결재무제표",
        "sj_div": "IS",
        "sj_nm": "손익계산서",
        "account_nm": "당기순이익(손실)",
        "thstrm_nm": "제 24 기",
        "thstrm_dt": "2022.01.01 ~ 2022.12.31",
        "thstrm_amount": "-11,939,139,936",
        "frmtrm_nm": "제 23 기",
        "frmtrm_dt": "2021.01.01 ~ 2021.12.31",
        "frmtrm_amount": "-39,221,439,944",
        "bfefrmtrm_nm": "제 22 기",
        "bfefrmtrm_dt": "2020.01.01 ~ 2020.12.31",
        "bfefrmtrm_amount": "40,983,955,742",
        "ord": "61",
        "currency": "KRW"
    },
    {
        "rcept_no": "20230711000372",
        "reprt_code": "11011",
        "bsns_year": "2022",
        "corp_code": "00540429",
        "stock_code": "090710",
        "fs_div": "OFS",
        "fs_nm": "재무제표",
        "sj_div": "IS",
        "sj_nm": "손익계산서",
        "account_nm": "매출액",
        "thstrm_nm": "제 24 기",
        "thstrm_dt": "2022.01.01 ~ 2022.12.31",
        "thstrm_amount": "26,736,266,944",
        "frmtrm_nm": "제 23 기",
        "frmtrm_dt": "2021.01.01 ~ 2021.12.31",
        "frmtrm_amount": "26,560,110,843",
        "bfefrmtrm_nm": "제 22 기",
        "bfefrmtrm_dt": "2020.01.01 ~ 2020.12.31",
        "bfefrmtrm_amount": "19,919,797,790",
        "ord": "24",
        "currency": "KRW"
    },
    {
        "rcept_no": "20230711000372",
        "reprt_code": "11011",
        "bsns_year": "2022",
        "corp_code": "00540429",
        "stock_code": "090710",
        "fs_div": "OFS",
        "fs_nm": "재무제표",
        "sj_div": "IS",
        "sj_nm": "손익계산서",
        "account_nm": "영업이익",
        "thstrm_nm": "제 24 기",
        "thstrm_dt": "2022.01.01 ~ 2022.12.31",
        "thstrm_amount": "-5,760,869,571",
        "frmtrm_nm": "제 23 기",
        "frmtrm_dt": "2021.01.01 ~ 2021.12.31",
        "frmtrm_amount": "572,707,982",
        "bfefrmtrm_nm": "제 22 기",
        "bfefrmtrm_dt": "2020.01.01 ~ 2020.12.31",
        "bfefrmtrm_amount": "-6,382,911,104",
        "ord": "26",
        "currency": "KRW"
    },
    {
        "rcept_no": "20230711000372",
        "reprt_code": "11011",
        "bsns_year": "2022",
        "corp_code": "00540429",
        "stock_code": "090710",
        "fs_div": "OFS",
        "fs_nm": "재무제표",
        "sj_div": "IS",
        "sj_nm": "손익계산서",
        "account_nm": "법인세차감전 순이익",
        "thstrm_nm": "제 24 기",
        "thstrm_dt": "2022.01.01 ~ 2022.12.31",
        "thstrm_amount": "-19,953,604,791",
        "frmtrm_nm": "제 23 기",
        "frmtrm_dt": "2021.01.01 ~ 2021.12.31",
        "frmtrm_amount": "-46,177,089,944",
        "bfefrmtrm_nm": "제 22 기",
        "bfefrmtrm_dt": "2020.01.01 ~ 2020.12.31",
        "bfefrmtrm_amount": "48,634,658,451",
        "ord": "28",
        "currency": "KRW"
    },
    {
        "rcept_no": "20230711000372",
        "reprt_code": "11011",
        "bsns_year": "2022",
        "corp_code": "00540429",
        "stock_code": "090710",
        "fs_div": "OFS",
        "fs_nm": "재무제표",
        "sj_div": "IS",
        "sj_nm": "손익계산서",
        "account_nm": "당기순이익",
        "thstrm_nm": "제 24 기",
        "thstrm_dt": "2022.01.01 ~ 2022.12.31",
        "thstrm_amount": "-19,823,030,908",
        "frmtrm_nm": "제 23 기",
        "frmtrm_dt": "2021.01.01 ~ 2021.12.31",
        "frmtrm_amount": "-38,695,061,183",
        "bfefrmtrm_nm": "제 22 기",
        "bfefrmtrm_dt": "2020.01.01 ~ 2020.12.31",
        "bfefrmtrm_amount": "41,087,969,490",
        "ord": "30",
        "currency": "KRW"
    },
    {
        "rcept_no": "20230711000372",
        "reprt_code": "11011",
        "bsns_year": "2022",
        "corp_code": "00540429",
        "stock_code": "090710",
        "fs_div": "OFS",
        "fs_nm": "재무제표",
        "sj_div": "IS",
        "sj_nm": "손익계산서",
        "account_nm": "당기순이익(손실)",
        "thstrm_nm": "제 24 기",
        "thstrm_dt": "2022.01.01 ~ 2022.12.31",
        "thstrm_amount": "-19,823,030,908",
        "frmtrm_nm": "제 23 기",
        "frmtrm_dt": "2021.01.01 ~ 2021.12.31",
        "frmtrm_amount": "-38,695,061,183",
        "bfefrmtrm_nm": "제 22 기",
        "bfefrmtrm_dt": "2020.01.01 ~ 2020.12.31",
        "bfefrmtrm_amount": "41,087,969,490",
        "ord": "62",
        "currency": "KRW"
    }
]