[
    {
        "rcept_no": "20250324000933",
        "reprt_code": "11011",
        "bsns_year": "2024",
        "corp_code": "00540429",
        "stock_code": "090710",
        "fs_div": "CFS",
        "fs_nm": "연결재무제표",
        "sj_div": "BS",
        "sj_nm": "재무상태표",
        "account_nm": "유동자산",
        "thstrm_nm": "제 26 기",
        "thstrm_dt": "2024.12.31 현재",
        "thstrm_amount": "192,287,656,552",
        "frmtrm_nm": "제 25 기",
        "frmtrm_dt": "2023.12.31 현재",
        "frmtrm_amount": "53,883,168,919",
        "bfefrmtrm_nm": "제 24 기",
        "bfefrmtrm_dt": "2022.12.31 현재",
        "bfefrmtrm_amount": "49,339,351,956",
        "ord": "1",
        "currency": "KRW"
    },
    {
        "rcept_no": "20250324000933",
        "reprt_code": "11011",
        "bsns_year": "2024",
        "corp_code": "00540429",
        "stock_code": "090710",
        "fs_div": "CFS",
        "fs_nm": "연결재무제표",
        "sj_div": "BS",
        "sj_nm": "재무상태표",
        "account_nm": "비유동자산",
        "thstrm_nm": "제 26 기",
        "thstrm_dt": "2024.12.31 현재",
        "thstrm_amount": "142,647,775,860",
        "frmtrm_nm": "제 25 기",
        "frmtrm_dt": "2023.12.31 현재",
        "frmtrm_amount": "62,971,011,262",
        "bfefrmtrm_nm": "제 24 기",
        "bfefrmtrm_dt": "2022.12.31 현재",
        "bfefrmtrm_amount": "65,144,850,863",
        "ord": "3",
        "currency": "KRW"
    },
    {
        "rcept_no": "20250324000933",
        "reprt_code": "11011",
        "bsns_year": "2024",
        "corp_code": "00540429",
        "stock_code": "090710",
        "fs_div": "CFS",
        "fs_nm": "연결재무제표",
        "sj_div": "BS",
        "sj_nm": "재무상태표",
        "account_nm": "자산총계",
        "thstrm_nm": "제 26 기",
        "thstrm_dt": "2024.12.31 현재",
        "thstrm_amount": "334,935,432,412",
        "frmtrm_nm": "제 25 기",
        "frmtrm_dt": "2023.12.31 현재",
        "frmtrm_amount": "116,854,180,181",
        "bfefrmtrm_nm": "제 24 기",
        "bfefrmtrm_dt": "2022.12.31 현재",
        "bfefrmtrm_amount": "114,484,202,819",
        "ord": "5",
        "currency": "KRW"
    },
    {
        "rcept_no": "20250324000933",
        "reprt_code": "11011",
        "bsns_year": "2024",
        "corp_code": "00540429",
        "stock_code": "090710",
        "fs_div": "CFS",
        "fs_nm": "연결재무제표",
        "sj_div": "BS",
        "sj_nm": "재무상태표",
        "account_nm": "유동부채",
        "thstrm_nm": "제 26 기",
        "thstrm_dt": "2024.12.31 현재",
        "thstrm_amount": "119,954,924,061",
        "frmtrm_nm": "제 25 기",
        "frmtrm_dt": "2023.12.31 현재",
        "frmtrm_amount": "23,590,780,685",
        "bfefrmtrm_nm": "제 24 기",
        "bfefrmtrm_dt": "2022.12.31 현재",
        "bfefrmtrm_amount": "28,568,220,474",
        "ord": "7",
        "currency": "KRW"
    },
    {
        "rcept_no": "20250324000933",
        "reprt_code": "11011",
        "bsns_year": "2024",
        "corp_code": "00540429",
        "stock_code": "090710",
        "fs_div": "CFS",
        "fs_nm": "연결재무제표",
        "sj_div": "BS",
        "sj_nm": "재무상태표",
        "account_nm": "비유동부채",
        "thstrm_nm": "제 26 기",
        "thstrm_dt": "2024.12.31 현재",
        "thstrm_amount": "2,590,944,305",
        "frmtrm_nm": "제 25 기",
        "frmtrm_dt": "2023.12.31 현재",
        "frmtrm_amount": "1,078,618,687",
        "bfefrmtrm_nm": "제 24 기",
        "bfefrmtrm_dt": "2022.12.31 현재",
        "bfefrmtrm_amount": "4,964,961,019",
        "ord": "9",
        "currency": "KRW"
    },
    {
        "rcept_no": "20250324000933",
        "reprt_code": "11011",
        "bsns_year": "2024",
        "corp_code": "00540429",
        "stock_code": "090710",
        "fs_div": "CFS",
        "fs_nm": "연결재무제표",
        "sj_div": "BS",
        "sj_nm": "재무상태표",
        "account_nm": "부채총계",
        "thstrm_nm": "제 26 기",
        "thstrm_dt": "2024.12.31 현재",
        "thstrm_amount": "122,545,868,366",
        "frmtrm_nm": "제 25 기",
        "frmtrm_dt": "2023.12.31 현재",
        "frmtrm_amount": "24,669,399,372",
        "bfefrmtrm_nm": "제 24 기",
        "bfefrmtrm_dt": "2022.12.31 현재",
        "bfefrmtrm_amount": "33,533,181,493",
        "ord": "11",
        "currency": "KRW"
    },
    {
        "rcept_no": "20250324000933",
        "reprt_code": "11011",
        "bsns_year": "2024",
        "corp_code": "00540429",
        "stock_code": "090710",
        "fs_div": "CFS",
        "fs_nm": "연결재무제표",
        "sj_div": "BS",
        "sj_nm": "재무상태표",
        "account_nm": "자본금",
        "thstrm_nm": "제 26 기",
        "thstrm_dt": "2024.12.31 현재",
        "thstrm_amount": "54,811,582,500",
        "frmtrm_nm": "제 25 기",
        "frmtrm_dt": "2023.12.31 현재",
        "frmtrm_amount": "35,397,147,200",
        "bfefrmtrm_nm": "제 24 기",
        "bfefrmtrm_dt": "2022.12.31 현재",
        "bfefrmtrm_amount": "32,755,139,600",
        "ord": "13",
        "currency": "KRW"
    },
    {
        "rcept_no": "20250324000933",
        "reprt_code": "11011",
        "bsns_year": "2024",
        "corp_code": "00540429",
        "stock_code": "090710",
        "fs_div": "CFS",
        "fs_nm": "연결재무제표",
        "sj_div": "BS",
        "sj_nm": "재무상태표",
        "account_nm": "이익잉여금",
        "thstrm_nm": "제 26 기",
        "thstrm_dt": "2024.12.31 현재",
        "thstrm_amount": "-70,128,425,640",
        "frmtrm_nm": "제 25 기",
        "frmtrm_dt": "2023.12.31 현재",
        "frmtrm_amount": "-64,705,034,728",
        "bfefrmtrm_nm": "제 24 기",
        "bfefrmtrm_dt": "2022.12.31 현재",
        "bfefrmtrm_amount": "-60,786,565,526",
        "ord": "17",
        "currency": "KRW"
    },
    {
        "rcept_no": "20250324000933",
        "reprt_code": "11011",
        "bsns_year": "2024",
        "corp_code": "00540429",
        "stock_code": "090710",
        "fs_div": "CFS",
        "fs_nm": "연결재무제표",
        "sj_div": "BS",
        "sj_nm": "재무상태표",
        "account_nm": "자본총계",
        "thstrm_nm": "제 26 기",
        "thstrm_dt": "2024.12.31 현재",
        "thstrm_amount": "212,389,564,046",
        "frmtrm_nm": "제 25 기",
        "frmtrm_dt": "2023.12.31 현재",
        "frmtrm_amount": "92,184,780,809",
        "bfefrmtrm_nm": "제 24 기",
        "bfefrmtrm_dt": "2022.12.31 현재",
        "bfefrmtrm_amount": "80,951,021,326",
        "ord": "21",
        "currency": "KRW"
    },
    {
        "rcept_no": "20250324000933",
        "reprt_code": "11011",
        "bsns_year": "2024",
        "corp_code": "00540429",
        "stock_code": "090710",
        "fs_div": "OFS",
        "fs_nm": "재무제표",
        "sj_div": "BS",
        "sj_nm": "재무상태표",
        "account_nm": "유동자산",
        "thstrm_nm": "제 26 기",
        "thstrm_dt": "2024.12.31 현재",
        "thstrm_amount": "26,956,698,549",
        "frmtrm_nm": "제 25 기",
        "frmtrm_dt": "2023.12.31 현재",
        "frmtrm_amount": "17,613,721,961",
        "bfefrmtrm_nm": "제 24 기",
        "bfefrmtrm_dt": "2022.12.31 현재",
        "bfefrmtrm_amount": "28,914,309,147",
        "ord": "2",
        "currency": "KRW"
    },
    {
        "rcept_no": "20250324000933",
        "reprt_code": "11011",
        "bsns_year": "2024",
        "corp_code": "00540429",
        "stock_code": "090710",
        "fs_div": "OFS",
        "fs_nm": "재무제표",
        "sj_div": "BS",
        "sj_nm": "재무상태표",
        "account_nm": "비유동자산",
        "thstrm_nm": "제 26 기",
        "thstrm_dt": "2024.12.31 현재",
        "thstrm_amount": "101,117,583,346",
        "frmtrm_nm": "제 25 기",
        "frmtrm_dt": "2023.12.31 현재",
        "frmtrm_amount": "47,754,200,279",
        "bfefrmtrm_nm": "제 24 기",
        "bfefrmtrm_dt": "2022.12.31 현재",
        "bfefrmtrm_amount": "45,953,686,896",
        "ord": "4",
        "currency": "KRW"
    },
    {
        "rcept_no": "20250324000933",
        "reprt_code": "11011",
        "bsns_year": "2024",
        "corp_code": "00540429",
        "stock_code": "090710",
        "fs_div": "OFS",
        "fs_nm": "재무제표",
        "sj_div": "BS",
        "sj_nm": "재무상태표",
        "account_nm": "자산총계",
        "thstrm_nm": "제 26 기",
        "thstrm_dt": "2024.12.31 현재",
        "thstrm_amount": "128,074,281,895",
        "frmtrm_nm": "제 25 기",
        "frmtrm_dt": "2023.12.31 현재",
        "frmtrm_amount": "65,367,922,240",
        "bfefrmtrm_nm": "제 24 기",
        "bfefrmtrm_dt": "2022.12.31 현재",
        "bfefrmtrm_amount": "74,867,996,043",
        "ord": "6",
        "currency": "KRW"
    },
    {
        "rcept_no": "20250324000933",
        "reprt_code": "11011",
        "bsns_year": "2024",
        "corp_code": "00540429",
        "stock_code": "090710",
        "fs_div": "OFS",
        "fs_nm": "재무제표",
        "sj_div": "BS",
        "sj_nm": "재무상태표",
        "account_nm": "유동부채",
        "thstrm_nm": "제 26 기",
        "thstrm_dt": "2024.12.31 현재",
        "thstrm_amount": "19,393,763,572",
        "frmtrm_nm": "제 25 기",
        "frmtrm_dt": "2023.12.31 현재",
        "frmtrm_amount": "8,734,458,691",
        "bfefrmtrm_nm": "제 24 기",
        "bfefrmtrm_dt": "2022.12.31 현재",
        "bfefrmtrm_amount": "21,114,058,164",
        "ord": "8",
        "currency": "KRW"
    },
    {
        "rcept_no": "20250324000933",
        "reprt_code": "11011",
        "bsns_year": "2024",
        "corp_code": "00540429",
        "stock_code": "090710",
        "fs_div": "OFS",
        "fs_nm": "재무제표",
        "sj_div": "BS",
        "sj_nm": "재무상태표",
        "account_nm": "비유동부채",
        "thstrm_nm": "제 26 기",
        "thstrm_dt": "2024.12.31 현재",
        "thstrm_amount": "400,871,621",
        "frmtrm_nm": "제 25 기",
        "frmtrm_dt": "2023.12.31 현재",
        "frmtrm_amount": "44,344,760",
        "bfefrmtrm_nm": "제 24 기",
        "bfefrmtrm_dt": "2022.12.31 현재",
        "bfefrmtrm_amount": "275,089,339",
        "ord": "10",
        "currency": "KRW"
    },
    {
        "rcept_no": "20250324000933",
        "reprt_code": "11011",
        "bsns_year": "2024",
        "corp_code": "00540429",
        "stock_code": "090710",
        "fs_div": "OFS",
        "fs_nm": "재무제표",
        "sj_div": "BS",
        "sj_nm": "재무상태표",
        "account_nm": "부채총계",
        "thstrm_nm": "제 26 기",
        "thstrm_dt": "2024.12.31 현재",
        "thstrm_amount": "19,794,635,193",
        "frmtrm_nm": "제 25 기",
        "frmtrm_dt": "2023.12.31 현재",
        "frmtrm_amount": "8,778,803,451",
        "bfefrmtrm_nm": "제 24 기",
        "bfefrmtrm_dt": "2022.12.31 현재",
        "bfefrmtrm_amount": "21,389,147,503",
        "ord": "12",
        "currency": "KRW"
    },
    {
        "rcept_no": "20250324000933",
        "reprt_code": "11011",
        "bsns_year": "2024",
        "corp_code": "00540429",
        "stock_code": "090710",
        "fs_div": "OFS",
        "fs_nm": "재무제표",
        "sj_div": "BS",
        "sj_nm": "재무상태표",
        "account_nm": "자본금",
        "thstrm_nm": "제 26 기",
        "thstrm_dt": "2024.12.31 현재",
        "thstrm_amount": "54,811,582,500",
        "frmtrm_nm": "제 25 기",
        "frmtrm_dt": "2023.12.31 현재",
        "frmtrm_amount": "35,397,147,200",
        "bfefrmtrm_nm": "제 24 기",
        "bfefrmtrm_dt": "2022.12.31 현재",
        "bfefrmtrm_amount": "32,755,139,600",
        "ord": "15",
        "currency": "KRW"
    },
    {
        "rcept_no": "20250324000933",
        "reprt_code": "11011",
        "bsns_year": "2024",
        "corp_code": "00540429",
        "stock_code": "090710",
        "fs_div": "OFS",
        "fs_nm": "재무제표",
        "sj_div": "BS",
        "sj_nm": "재무상태표",
        "account_nm": "이익잉여금",
        "thstrm_nm": "제 26 기",
        "thstrm_dt": "2024.12.31 현재",
        "thstrm_amount": "-86,956,120,307",
        "frmtrm_nm": "제 25 기",
        "frmtrm_dt": "2023.12.31 현재",
        "frmtrm_amount": "-71,328,697,161",
        "bfefrmtrm_nm": "제 24 기",
        "bfefrmtrm_dt": "2022.12.31 현재",
        "bfefrmtrm_amount": "-64,408,644,474",
        "ord": "19",
        "currency": "KRW"
    },
    {
        "rcept_no": "20250324000933",
        "reprt_code": "11011",
        "bsns_year": "2024",
        "corp_code": "00540429",
        "stock_code": "090710",
        "fs_div": "OFS",
        "fs_nm": "재무제표",
        "sj_div": "BS",
        "sj_nm": "재무상태표",
        "account_nm": "자본총계",
        "thstrm_nm": "제 26 기",
        "thstrm_dt": "2024.12.31 현재",
        "thstrm_amount": "108,279,646,702",
        "frmtrm_nm": "제 25 기",
        "frmtrm_dt": "2023.12.31 현재",
        "frmtrm_amount": "56,589,118,789",
        "bfefrmtrm_nm": "제 24 기",
        "bfefrmtrm_dt": "2022.12.31 현재",
        "bfefrmtrm_amount": "53,478,848,540",
        "ord": "22",
        "currency": "KRW"
    }
]