[
    {
        "rcept_no": "20250324000933",
        "reprt_code": "11011",
        "bsns_year": "2024",
        "corp_code": "00540429",
        "stock_code": "090710",
        "fs_div": "CFS",
        "fs_nm": "연결재무제표",
        "sj_div": "IS",
        "sj_nm": "손익계산서",
        "account_nm": "매출액",
        "thstrm_nm": "제 26 기",
        "thstrm_dt": "2024.01.01 ~ 2024.12.31",
        "thstrm_amount": "133,097,920,524",
        "frmtrm_nm": "제 25 기",
        "frmtrm_dt": "2023.01.01 ~ 2023.12.31",
        "frmtrm_amount": "82,665,225,759",
        "bfefrmtrm_nm": "제 24 기",
        "bfefrmtrm_dt": "2022.01.01 ~ 2022.12.31",
        "bfefrmtrm_amount": "55,474,362,631",
        "ord": "23",
        "currency": "KRW"
    },
    {
        "rcept_no": "20250324000933",
        "reprt_code": "11011",
        "bsns_year": "2024",
        "corp_code": "00540429",
        "stock_code": "090710",
        "fs_div": "CFS",
        "fs_nm": "연결재무제표",
        "sj_div": "IS",
        "sj_nm": "손익계산서",
        "account_nm": "영업이익",
        "thstrm_nm": "제 26 기",
        "thstrm_dt": "2024.01.01 ~ 2024.12.31",
        "thstrm_amount": "-4,938,399,556",
        "frmtrm_nm": "제 25 기",
        "frmtrm_dt": "2023.01.01 ~ 2023.12.31",
        "frmtrm_amount": "-1,862,126,821",
        "bfefrmtrm_nm": "제 24 기",
        "bfefrmtrm_dt": "2022.01.01 ~ 2022.12.31",
        "bfefrmtrm_amount": "-7,468,016,309",
        "ord": "25",
        "currency": "KRW"
    },
    {
        "rcept_no": "20250324000933",
        "reprt_code": "11011",
        "bsns_year": "2024",
        "corp_code": "00540429",
        "stock_code": "090710",
        "fs_div": "CFS",
        "fs_nm": "연결재무제표",
        "sj_div": "IS",
        "sj_nm": "손익계산서",
        "account_nm": "법인세차감전 순이익",
        "thstrm_nm": "제 26 기",
        "thstrm_dt": "2024.01.01 ~ 2024.12.31",
        "thstrm_amount": "2,145,130,289",
        "frmtrm_nm": "제 25 기",
        "frmtrm_dt": "2023.01.01 ~ 2023.12.31",
        "frmtrm_amount": "549,624,007",
        "bfefrmtrm_nm": "제 24 기",
        "bfefrmtrm_dt": "2022.01.01 ~ 2022.12.31",
        "bfefrmtrm_amount": "-12,786,823,008",
        "ord": "27",
        "currency": "KRW"
    },
    {
        "rcept_no": "20250324000933",
        "reprt_code": "11011",
        "bsns_year": "2024",
        "corp_code": "00540429",
        "stock_code": "090710",
        "fs_div": "CFS",
        "fs_nm": "연결재무제표",
        "sj_div": "IS",
        "sj_nm": "손익계산서",
        "account_nm": "당기순이익",
        "thstrm_nm": "제 26 기",
        "thstrm_dt": "2024.01.01 ~ 2024.12.31",
        "thstrm_amount": "-9,391,668,256",
        "frmtrm_nm": "제 25 기",
        "frmtrm_dt": "2023.01.01 ~ 2023.12.31",
        "frmtrm_amount": "681,571,531",
        "bfefrmtrm_nm": "제 24 기",
        "bfefrmtrm_dt": "2022.01.01 ~ 2022.12.31",
        "bfefrmtrm_amount": "-11,939,139,936",
        "ord": "29",
        "currency": "KRW"
    },
    {
        "rcept_no": "20250324000933",
        "reprt_code": "11011",
        "bsns_year": "2024",
        "corp_code": "00540429",
        "stock_code": "090710",
        "fs_div": "CFS",
        "fs_nm": "연결재무제표",
        "sj_div": "IS",
        "sj_nm": "손익계산서",
        "account_nm": "당기순이익(손실)",
        "thstrm_nm": "제 26 기",
        "thstrm_dt": "2024.01.01 ~ 2024.12.31",
        "thstrm_amount": "-9,391,668,256",
        "frmtrm_nm": "제 25 기",
        "frmtrm_dt": "2023.01.01 ~ 2023.12.31",
        "frmtrm_amount": "681,571,531",
        "bfefrmtrm_nm": "제 24 기",
        "bfefrmtrm_dt": "2022.01.01 ~ 2022.12.31",
        "bfefrmtrm_amount": "-11,939,139,936",
        "ord": "61",
        "currency": "KRW"
    },
    {
        "rcept_no": "20250324000933",
        "reprt_code": "11011",
        "bsns_year": "2024",
        "corp_code": "00540429",
        "stock_code": "090710",
        "fs_div": "CFS",
        "fs_nm": "연결재무제표",
        "sj_div": "IS",
        "sj_nm": "손익계산서",
        "account_nm": "총포괄손익",
        "thstrm_nm": "제 26 기",
        "thstrm_dt": "2024.01.01 ~ 2024.12.31",
        "thstrm_amount": "-8,570,916,100",
        "frmtrm_nm": "제 25 기",
        "frmtrm_dt": "2023.01.01 ~ 2023.12.31",
        "frmtrm_amount": "544,050,115",
        "bfefrmtrm_nm": "제 24 기",
        "bfefrmtrm_dt": "2022.01.01 ~ 2022.12.31",
        "bfefrmtrm_amount": "-12,033,749,480",
        "ord": "63",
        "currency": "KRW"
    },
    {
        "rcept_no": "20250324000933",
        "reprt_code": "11011",
        "bsns_year": "2024",
        "corp_code": "00540429",
        "stock_code": "090710",
        "fs_div": "OFS",
        "fs_nm": "재무제표",
        "sj_div": "IS",
        "sj_nm": "손익계산서",
        "account_nm": "매출액",
        "thstrm_nm": "제 26 기",
        "thstrm_dt": "2024.01.01 ~ 2024.12.31",
        "thstrm_amount": "14,186,119,286",
        "frmtrm_nm": "제 25 기",
        "frmtrm_dt": "2023.01.01 ~ 2023.12.31",
        "frmtrm_amount": "19,031,924,101",
        "bfefrmtrm_nm": "제 24 기",
        "bfefrmtrm_dt": "2022.01.01 ~ 2022.12.31",
        "bfefrmtrm_amount": "26,736,266,944",
        "ord": "24",
        "currency": "KRW"
    },
    {
        "rcept_no": "20250324000933",
        "reprt_code": "11011",
        "bsns_year": "2024",
        "corp_code": "00540429",
        "stock_code": "090710",
        "fs_div": "OFS",
        "fs_nm": "재무제표",
        "sj_div": "IS",
        "sj_nm": "손익계산서",
        "account_nm": "영업이익",
        "thstrm_nm": "제 26 기",
        "thstrm_dt": "2024.01.01 ~ 2024.12.31",
        "thstrm_amount": "-7,087,840,644",
        "frmtrm_nm": "제 25 기",
        "frmtrm_dt": "2023.01.01 ~ 2023.12.31",
        "frmtrm_amount": "-4,920,062,030",
        "bfefrmtrm_nm": "제 24 기",
        "bfefrmtrm_dt": "2022.01.01 ~ 2022.12.31",
        "bfefrmtrm_amount": "-5,760,869,571",
        "ord": "26",
        "currency": "KRW"
    },
    {
        "rcept_no": "20250324000933",
        "reprt_code": "11011",
        "bsns_year": "2024",
        "corp_code": "00540429",
        "stock_code": "090710",
        "fs_div": "OFS",
        "fs_nm": "재무제표",
        "sj_div": "IS",
        "sj_nm": "손익계산서",
        "account_nm": "법인세차감전 순이익",
        "thstrm_nm": "제 26 기",
        "thstrm_dt": "2024.01.01 ~ 2024.12.31",
        "thstrm_amount": "-15,705,613,076",
        "frmtrm_nm": "제 25 기",
        "frmtrm_dt": "2023.01.01 ~ 2023.12.31",
        "frmtrm_amount": "-6,920,052,687",
        "bfefrmtrm_nm": "제 24 기",
        "bfefrmtrm_dt": "2022.01.01 ~ 2022.12.31",
        "bfefrmtrm_amount": "-19,953,604,791",
        "ord": "28",
        "currency": "KRW"
    },
    {
        "rcept_no": "20250324000933",
        "reprt_code": "11011",
        "bsns_year": "2024",
        "corp_code": "00540429",
        "stock_code": "090710",
        "fs_div": "OFS",
        "fs_nm": "재무제표",
        "sj_div": "IS",
        "sj_nm": "손익계산서",
        "account_nm": "당기순이익",
        "thstrm_nm": "제 26 기",
        "thstrm_dt": "2024.01.01 ~ 2024.12.31",
        "thstrm_amount": "-15,627,423,146",
        "frmtrm_nm": "제 25 기",
        "frmtrm_dt": "2023.01.01 ~ 2023.12.31",
        "frmtrm_amount": "-6,920,052,687",
        "bfefrmtrm_nm": "제 24 기",
        "bfefrmtrm_dt": "2022.01.01 ~ 2022.12.31",
        "bfefrmtrm_amount": "-19,823,030,908",
        "ord": "30",
        "currency": "KRW"
    },
    {
        "rcept_no": "20250324000933",
        "reprt_code": "11011",
        "bsns_year": "2024",
        "corp_code": "00540429",
        "stock_code": "090710",
        "fs_div": "OFS",
        "fs_nm": "재무제표",
        "sj_div": "IS",
        "sj_nm": "손익계산서",
        "account_nm": "당기순이익(손실)",
        "thstrm_nm": "제 26 기",
        "thstrm_dt": "2024.01.01 ~ 2024.12.31",
        "thstrm_amount": "-15,627,423,146",
        "frmtrm_nm": "제 25 기",
        "frmtrm_dt": "2023.01.01 ~ 2023.12.31",
        "frmtrm_amount": "-6,920,052,687",
        "bfefrmtrm_nm": "제 24 기",
        "bfefrmtrm_dt": "2022.01.01 ~ 2022.12.31",
        "bfefrmtrm_amount": "-19,823,030,908",
        "ord": "62",
        "currency": "KRW"
    },
    {
        "rcept_no": "20250324000933",
        "reprt_code": "11011",
        "bsns_year": "2024",
        "corp_code": "00540429",
        "stock_code": "090710",
        "fs_div": "OFS",
        "fs_nm": "재무제표",
        "sj_div": "IS",
        "sj_nm": "손익계산서",
        "account_nm": "총포괄손익",
        "thstrm_nm": "제 26 기",
        "thstrm_dt": "2024.01.01 ~ 2024.12.31",
        "thstrm_amount": "-15,656,833,412",
        "frmtrm_nm": "제 25 기",
        "frmtrm_dt": "2023.01.01 ~ 2023.12.31",
        "frmtrm_amount": "-6,871,265,647",
        "bfefrmtrm_nm": "제 24 기",
        "bfefrmtrm_dt": "2022.01.01 ~ 2022.12.31",
        "bfefrmtrm_amount": "-19,842,407,682",
        "ord": "64",
        "currency": "KRW"
    }
]