[
    {
        "rcept_no": "20240321001842",
        "reprt_code": "11011",
        "bsns_year": "2023",
        "corp_code": "00540429",
        "stock_code": "090710",
        "fs_div": "CFS",
        "fs_nm": "연결재무제표",
        "sj_div": "BS",
        "sj_nm": "재무상태표",
        "account_nm": "유동자산",
        "thstrm_nm": "제 25 기",
        "thstrm_dt": "2023.12.31 현재",
        "thstrm_amount": "53,883,168,919",
        "frmtrm_nm": "제 24 기",
        "frmtrm_dt": "2022.12.31 현재",
        "frmtrm_amount": "49,339,351,956",
        "bfefrmtrm_nm": "제 23 기",
        "bfefrmtrm_dt": "2021.12.31 현재",
        "bfefrmtrm_amount": "26,214,970,934",
        "ord": "1",
        "currency": "KRW"
    },
    {
        "rcept_no": "20240321001842",
        "reprt_code": "11011",
        "bsns_year": "2023",
        "corp_code": "00540429",
        "stock_code": "090710",
        "fs_div": "CFS",
        "fs_nm": "연결재무제표",
        "sj_div": "BS",
        "sj_nm": "재무상태표",
        "account_nm": "비유동자산",
        "thstrm_nm": "제 25 기",
        "thstrm_dt": "2023.12.31 현재",
        "thstrm_amount": "62,971,011,262",
        "frmtrm_nm": "제 24 기",
        "frmtrm_dt": "2022.12.31 현재",
        "frmtrm_amount": "65,144,850,863",
        "bfefrmtrm_nm": "제 23 기",
        "bfefrmtrm_dt": "2021.12.31 현재",
        "bfefrmtrm_amount": "71,114,174,071",
        "ord": "3",
        "currency": "KRW"
    },
    {
        "rcept_no": "20240321001842",
        "reprt_code": "11011",
        "bsns_year": "2023",
        "corp_code": "00540429",
        "stock_code": "090710",
        "fs_div": "CFS",
        "fs_nm": "연결재무제표",
        "sj_div": "BS",
        "sj_nm": "재무상태표",
        "account_nm": "자산총계",
        "thstrm_nm": "제 25 기",
        "thstrm_dt": "2023.12.31 현재",
        "thstrm_amount": "116,854,180,181",
        "frmtrm_nm": "제 24 기",
        "frmtrm_dt": "2022.12.31 현재",
        "frmtrm_amount": "114,484,202,819",
        "bfefrmtrm_nm": "제 23 기",
        "bfefrmtrm_dt": "2021.12.31 현재",
        "bfefrmtrm_amount": "97,329,145,005",
        "ord": "5",
        "currency": "KRW"
    },
    {
        "rcept_no": "20240321001842",
        "reprt_code": "11011",
        "bsns_year": "2023",
        "corp_code": "00540429",
        "stock_code": "090710",
        "fs_div": "CFS",
        "fs_nm": "연결재무제표",
        "sj_div": "BS",
        "sj_nm": "재무상태표",
        "account_nm": "유동부채",
        "thstrm_nm": "제 25 기",
        "thstrm_dt": "2023.12.31 현재",
        "thstrm_amount": "23,590,780,685",
        "frmtrm_nm": "제 24 기",
        "frmtrm_dt": "2022.12.31 현재",
        "frmtrm_amount": "28,568,220,474",
        "bfefrmtrm_nm": "제 23 기",
        "bfefrmtrm_dt": "2021.12.31 현재",
        "bfefrmtrm_amount": "11,988,255,764",
        "ord": "7",
        "currency": "KRW"
    },
    {
        "rcept_no": "20240321001842",
        "reprt_code": "11011",
        "bsns_year": "2023",
        "corp_code": "00540429",
        "stock_code": "090710",
        "fs_div": "CFS",
        "fs_nm": "연결재무제표",
        "sj_div": "BS",
        "sj_nm": "재무상태표",
        "account_nm": "비유동부채",
        "thstrm_nm": "제 25 기",
        "thstrm_dt": "2023.12.31 현재",
        "thstrm_amount": "1,078,618,687",
        "frmtrm_nm": "제 24 기",
        "frmtrm_dt": "2022.12.31 현재",
        "frmtrm_amount": "4,964,961,019",
        "bfefrmtrm_nm": "제 23 기",
        "bfefrmtrm_dt": "2021.12.31 현재",
        "bfefrmtrm_amount": "13,130,062,424",
        "ord": "9",
        "currency": "KRW"
    },
    {
        "rcept_no": "20240321001842",
        "reprt_code": "11011",
        "bsns_year": "2023",
        "corp_code": "00540429",
        "stock_code": "090710",
        "fs_div": "CFS",
        "fs_nm": "연결재무제표",
        "sj_div": "BS",
        "sj_nm": "재무상태표",
        "account_nm": "부채총계",
        "thstrm_nm": "제 25 기",
        "thstrm_dt": "2023.12.31 현재",
        "thstrm_amount": "24,669,399,372",
        "frmtrm_nm": "제 24 기",
        "frmtrm_dt": "2022.12.31 현재",
        "frmtrm_amount": "33,533,181,493",
        "bfefrmtrm_nm": "제 23 기",
        "bfefrmtrm_dt": "2021.12.31 현재",
        "bfefrmtrm_amount": "25,118,318,188",
        "ord": "11",
        "currency": "KRW"
    },
    {
        "rcept_no": "20240321001842",
        "reprt_code": "11011",
        "bsns_year": "2023",
        "corp_code": "00540429",
        "stock_code": "090710",
        "fs_div": "CFS",
        "fs_nm": "연결재무제표",
        "sj_div": "BS",
        "sj_nm": "재무상태표",
        "account_nm": "자본금",
        "thstrm_nm": "제 25 기",
        "thstrm_dt": "2023.12.31 현재",
        "thstrm_amount": "35,397,147,200",
        "frmtrm_nm": "제 24 기",
        "frmtrm_dt": "2022.12.31 현재",
        "frmtrm_amount": "32,755,139,600",
        "bfefrmtrm_nm": "제 23 기",
        "bfefrmtrm_dt": "2021.12.31 현재",
        "bfefrmtrm_amount": "32,594,139,600",
        "ord": "13",
        "currency": "KRW"
    },
    {
        "rcept_no": "20240321001842",
        "reprt_code": "11011",
        "bsns_year": "2023",
        "corp_code": "00540429",
        "stock_code": "090710",
        "fs_div": "CFS",
        "fs_nm": "연결재무제표",
        "sj_div": "BS",
        "sj_nm": "재무상태표",
        "account_nm": "이익잉여금",
        "thstrm_nm": "제 25 기",
        "thstrm_dt": "2023.12.31 현재",
        "thstrm_amount": "-64,705,034,728",
        "frmtrm_nm": "제 24 기",
        "frmtrm_dt": "2022.12.31 현재",
        "frmtrm_amount": "-60,786,565,526",
        "bfefrmtrm_nm": "제 23 기",
        "bfefrmtrm_dt": "2021.12.31 현재",
        "bfefrmtrm_amount": "-44,193,246,303",
        "ord": "17",
        "currency": "KRW"
    },
    {
        "rcept_no": "20240321001842",
        "reprt_code": "11011",
        "bsns_year": "2023",
        "corp_code": "00540429",
        "stock_code": "090710",
        "fs_div": "CFS",
        "fs_nm": "연결재무제표",
        "sj_div": "BS",
        "sj_nm": "재무상태표",
        "account_nm": "자본총계",
        "thstrm_nm": "제 25 기",
        "thstrm_dt": "2023.12.31 현재",
        "thstrm_amount": "92,184,780,809",
        "frmtrm_nm": "제 24 기",
        "frmtrm_dt": "2022.12.31 현재",
        "frmtrm_amount": "80,951,021,326",
        "bfefrmtrm_nm": "제 23 기",
        "bfefrmtrm_dt": "2021.12.31 현재",
        "bfefrmtrm_amount": "72,210,826,817",
        "ord": "21",
        "currency": "KRW"
    },
    {
        "rcept_no": "20240321001842",
        "reprt_code": "11011",
        "bsns_year": "2023",
        "corp_code": "00540429",
        "stock_code": "090710",
        "fs_div": "OFS",
        "fs_nm": "재무제표",
        "sj_div": "BS",
        "sj_nm": "재무상태표",
        "account_nm": "유동자산",
        "thstrm_nm": "제 25 기",
        "thstrm_dt": "2023.12.31 현재",
        "thstrm_amount": "17,613,721,961",
        "frmtrm_nm": "제 24 기",
        "frmtrm_dt": "2022.12.31 현재",
        "frmtrm_amount": "28,914,309,147",
        "bfefrmtrm_nm": "제 23 기",
        "bfefrmtrm_dt": "2021.12.31 현재",
        "bfefrmtrm_amount": "23,677,761,619",
        "ord": "2",
        "currency": "KRW"
    },
    {
        "rcept_no": "20240321001842",
        "reprt_code": "11011",
        "bsns_year": "2023",
        "corp_code": "00540429",
        "stock_code": "090710",
        "fs_div": "OFS",
        "fs_nm": "재무제표",
        "sj_div": "BS",
        "sj_nm": "재무상태표",
        "account_nm": "비유동자산",
        "thstrm_nm": "제 25 기",
        "thstrm_dt": "2023.12.31 현재",
        "thstrm_amount": "47,754,200,279",
        "frmtrm_nm": "제 24 기",
        "frmtrm_dt": "2022.12.31 현재",
        "frmtrm_amount": "45,953,686,896",
        "bfefrmtrm_nm": "제 23 기",
        "bfefrmtrm_dt": "2021.12.31 현재",
        "bfefrmtrm_amount": "59,812,935,321",
        "ord": "4",
        "currency": "KRW"
    },
    {
        "rcept_no": "20240321001842",
        "reprt_code": "11011",
        "bsns_year": "2023",
        "corp_code": "00540429",
        "stock_code": "090710",
        "fs_div": "OFS",
        "fs_nm": "재무제표",
        "sj_div": "BS",
        "sj_nm": "재무상태표",
        "account_nm": "자산총계",
        "thstrm_nm": "제 25 기",
        "thstrm_dt": "2023.12.31 현재",
        "thstrm_amount": "65,367,922,240",
        "frmtrm_nm": "제 24 기",
        "frmtrm_dt": "2022.12.31 현재",
        "frmtrm_amount": "74,867,996,043",
        "bfefrmtrm_nm": "제 23 기",
        "bfefrmtrm_dt": "2021.12.31 현재",
        "bfefrmtrm_amount": "83,490,696,940",
        "ord": "6",
        "currency": "KRW"
    },
    {
        "rcept_no": "20240321001842",
        "reprt_code": "11011",
        "bsns_year": "2023",
        "corp_code": "00540429",
        "stock_code": "090710",
        "fs_div": "OFS",
        "fs_nm": "재무제표",
        "sj_div": "BS",
        "sj_nm": "재무상태표",
        "account_nm": "유동부채",
        "thstrm_nm": "제 25 기",
        "thstrm_dt": "2023.12.31 현재",
        "thstrm_amount": "8,734,458,691",
        "frmtrm_nm": "제 24 기",
        "frmtrm_dt": "2022.12.31 현재",
        "frmtrm_amount": "21,114,058,164",
        "bfefrmtrm_nm": "제 23 기",
        "bfefrmtrm_dt": "2021.12.31 현재",
        "bfefrmtrm_amount": "10,818,316,731",
        "ord": "8",
        "currency": "KRW"
    },
    {
        "rcept_no": "20240321001842",
        "reprt_code": "11011",
        "bsns_year": "2023",
        "corp_code": "00540429",
        "stock_code": "090710",
        "fs_div": "OFS",
        "fs_nm": "재무제표",
        "sj_div": "BS",
        "sj_nm": "재무상태표",
        "account_nm": "비유동부채",
        "thstrm_nm": "제 25 기",
        "thstrm_dt": "2023.12.31 현재",
        "thstrm_amount": "44,344,760",
        "frmtrm_nm": "제 24 기",
        "frmtrm_dt": "2022.12.31 현재",
        "frmtrm_amount": "275,089,339",
        "bfefrmtrm_nm": "제 23 기",
        "bfefrmtrm_dt": "2021.12.31 현재",
        "bfefrmtrm_amount": "565,943,924",
        "ord": "10",
        "currency": "KRW"
    },
    {
        "rcept_no": "20240321001842",
        "reprt_code": "11011",
        "bsns_year": "2023",
        "corp_code": "00540429",
        "stock_code": "090710",
        "fs_div": "OFS",
        "fs_nm": "재무제표",
        "sj_div": "BS",
        "sj_nm": "재무상태표",
        "account_nm": "부채총계",
        "thstrm_nm": "제 25 기",
        "thstrm_dt": "2023.12.31 현재",
        "thstrm_amount": "8,778,803,451",
        "frmtrm_nm": "제 24 기",
        "frmtrm_dt": "2022.12.31 현재",
        "frmtrm_amount": "21,389,147,503",
        "bfefrmtrm_nm": "제 23 기",
        "bfefrmtrm_dt": "2021.12.31 현재",
        "bfefrmtrm_amount": "11,384,260,655",
        "ord": "12",
        "currency": "KRW"
    },
    {
        "rcept_no": "20240321001842",
        "reprt_code": "11011",
        "bsns_year": "2023",
        "corp_code": "00540429",
        "stock_code": "090710",
        "fs_div": "OFS",
        "fs_nm": "재무제표",
        "sj_div": "BS",
        "sj_nm": "재무상태표",
        "account_nm": "자본금",
        "thstrm_nm": "제 25 기",
        "thstrm_dt": "2023.12.31 현재",
        "thstrm_amount": "35,397,147,200",
        "frmtrm_nm": "제 24 기",
        "frmtrm_dt": "2022.12.31 현재",
        "frmtrm_amount": "32,755,139,600",
        "bfefrmtrm_nm": "제 23 기",
        "bfefrmtrm_dt": "2021.12.31 현재",
        "bfefrmtrm_amount": "32,594,139,600",
        "ord": "15",
        "currency": "KRW"
    },
    {
        "rcept_no": "20240321001842",
        "reprt_code": "11011",
        "bsns_year": "2023",
        "corp_code": "00540429",
        "stock_code": "090710",
        "fs_div": "OFS",
        "fs_nm": "재무제표",
        "sj_div": "BS",
        "sj_nm": "재무상태표",
        "account_nm": "이익잉여금",
        "thstrm_nm": "제 25 기",
        "thstrm_dt": "2023.12.31 현재",
        "thstrm_amount": "-71,328,697,161",
        "frmtrm_nm": "제 24 기",
        "frmtrm_dt": "2022.12.31 현재",
        "frmtrm_amount": "-64,408,644,474",
        "bfefrmtrm_nm": "제 23 기",
        "bfefrmtrm_dt": "2021.12.31 현재",
        "bfefrmtrm_amount": "-44,585,613,566",
        "ord": "19",
        "currency": "KRW"
    },
    {
        "rcept_no": "20240321001842",
        "reprt_code": "11011",
        "bsns_year": "2023",
        "corp_code": "00540429",
        "stock_code": "090710",
        "fs_div": "OFS",
        "fs_nm": "재무제표",
        "sj_div": "BS",
        "sj_nm": "재무상태표",
        "account_nm": "자본총계",
        "thstrm_nm": "제 25 기",
        "thstrm_dt": "2023.12.31 현재",
        "thstrm_amount": "56,589,118,789",
        "frmtrm_nm": "제 24 기",
        "frmtrm_dt": "2022.12.31 현재",
        "frmtrm_amount": "53,478,848,540",
        "bfefrmtrm_nm": "제 23 기",
        "bfefrmtrm_dt": "2021.12.31 현재",
        "bfefrmtrm_amount": "72,106,436,285",
        "ord": "22",
        "currency": "KRW"
    }
]