[
    {
        "rcept_no": "20240321001842",
        "reprt_code": "11011",
        "bsns_year": "2023",
        "corp_code": "00540429",
        "stock_code": "090710",
        "fs_div": "CFS",
        "fs_nm": "연결재무제표",
        "sj_div": "IS",
        "sj_nm": "손익계산서",
        "account_nm": "매출액",
        "thstrm_nm": "제 25 기",
        "thstrm_dt": "2023.01.01 ~ 2023.12.31",
        "thstrm_amount": "82,665,225,759",
        "frmtrm_nm": "제 24 기",
        "frmtrm_dt": "2022.01.01 ~ 2022.12.31",
        "frmtrm_amount": "55,474,362,631",
        "bfefrmtrm_nm": "제 23 기",
        "bfefrmtrm_dt": "2021.01.01 ~ 2021.12.31",
        "bfefrmtrm_amount": "27,316,055,223",
        "ord": "23",
        "currency": "KRW"
    },
    {
        "rcept_no": "20240321001842",
        "reprt_code": "11011",
        "bsns_year": "2023",
        "corp_code": "00540429",
        "stock_code": "090710",
        "fs_div": "CFS",
        "fs_nm": "연결재무제표",
        "sj_div": "IS",
        "sj_nm": "손익계산서",
        "account_nm": "영업이익",
        "thstrm_nm": "제 25 기",
        "thstrm_dt": "2023.01.01 ~ 2023.12.31",
        "thstrm_amount": "-1,862,126,821",
        "frmtrm_nm": "제 24 기",
        "frmtrm_dt": "2022.01.01 ~ 2022.12.31",
        "frmtrm_amount": "-7,468,016,309",
        "bfefrmtrm_nm": "제 23 기",
        "bfefrmtrm_dt": "2021.01.01 ~ 2021.12.31",
        "bfefrmtrm_amount": "-2,973,849,330",
        "ord": "25",
        "currency": "KRW"
    },
    {
        "rcept_no": "20240321001842",
        "reprt_code": "11011",
        "bsns_year": "2023",
        "corp_code": "00540429",
        "stock_code": "090710",
        "fs_div": "CFS",
        "fs_nm": "연결재무제표",
        "sj_div": "IS",
        "sj_nm": "손익계산서",
        "account_nm": "법인세차감전 순이익",
        "thstrm_nm": "제 25 기",
        "thstrm_dt": "2023.01.01 ~ 2023.12.31",
        "thstrm_amount": "549,624,007",
        "frmtrm_nm": "제 24 기",
        "frmtrm_dt": "2022.01.01 ~ 2022.12.31",
        "frmtrm_amount": "-12,786,823,008",
        "bfefrmtrm_nm": "제 23 기",
        "bfefrmtrm_dt": "2021.01.01 ~ 2021.12.31",
        "bfefrmtrm_amount": "-45,911,883,787",
        "ord": "27",
        "currency": "KRW"
    },
    {
        "rcept_no": "20240321001842",
        "reprt_code": "11011",
        "bsns_year": "2023",
        "corp_code": "00540429",
        "stock_code": "090710",
        "fs_div": "CFS",
        "fs_nm": "연결재무제표",
        "sj_div": "IS",
        "sj_nm": "손익계산서",
        "account_nm": "당기순이익",
        "thstrm_nm": "제 25 기",
        "thstrm_dt": "2023.01.01 ~ 2023.12.31",
        "thstrm_amount": "681,571,531",
        "frmtrm_nm": "제 24 기",
        "frmtrm_dt": "2022.01.01 ~ 2022.12.31",
        "frmtrm_amount": "-11,939,139,936",
        "bfefrmtrm_nm": "제 23 기",
        "bfefrmtrm_dt": "2021.01.01 ~ 2021.12.31",
        "bfefrmtrm_amount": "-39,221,439,944",
        "ord": "29",
        "currency": "KRW"
    },
    {
        "rcept_no": "20240321001842",
        "reprt_code": "11011",
        "bsns_year": "2023",
        "corp_code": "00540429",
        "stock_code": "090710",
        "fs_div": "CFS",
        "fs_nm": "연결재무제표",
        "sj_div": "IS",
        "sj_nm": "손익계산서",
        "account_nm": "당기순이익(손실)",
        "thstrm_nm": "제 25 기",
        "thstrm_dt": "2023.01.01 ~ 2023.12.31",
        "thstrm_amount": "681,571,531",
        "frmtrm_nm": "제 24 기",
        "frmtrm_dt": "2022.01.01 ~ 2022.12.31",
        "frmtrm_amount": "-11,939,139,936",
        "bfefrmtrm_nm": "제 23 기",
        "bfefrmtrm_dt": "2021.01.01 ~ 2021.12.31",
        "bfefrmtrm_amount": "-39,221,439,944",
        "ord": "61",
        "currency": "KRW"
    },
    {
        "rcept_no": "20240321001842",
        "reprt_code": "11011",
        "bsns_year": "2023",
        "corp_code": "00540429",
        "stock_code": "090710",
        "fs_div": "CFS",
        "fs_nm": "연결재무제표",
        "sj_div": "IS",
        "sj_nm": "손익계산서",
        "account_nm": "총포괄손익",
        "thstrm_nm": "제 25 기",
        "thstrm_dt": "2023.01.01 ~ 2023.12.31",
        "thstrm_amount": "544,050,115",
        "frmtrm_nm": "제 24 기",
        "frmtrm_dt": "2022.01.01 ~ 2022.12.31",
        "frmtrm_amount": "-12,033,749,480",
        "bfefrmtrm_nm": "제 23 기",
        "bfefrmtrm_dt": "2021.01.01 ~ 2021.12.31",
        "bfefrmtrm_amount": "-39,309,016,581",
        "ord": "63",
        "currency": "KRW"
    },
    {
        "rcept_no": "20240321001842",
        "reprt_code": "11011",
        "bsns_year": "2023",
        "corp_code": "00540429",
        "stock_code": "090710",
        "fs_div": "OFS",
        "fs_nm": "재무제표",
        "sj_div": "IS",
        "sj_nm": "손익계산서",
        "account_nm": "매출액",
        "thstrm_nm": "제 25 기",
        "thstrm_dt": "2023.01.01 ~ 2023.12.31",
        "thstrm_amount": "19,031,924,101",
        "frmtrm_nm": "제 24 기",
        "frmtrm_dt": "2022.01.01 ~ 2022.12.31",
        "frmtrm_amount": "26,736,266,944",
        "bfefrmtrm_nm": "제 23 기",
        "bfefrmtrm_dt": "2021.01.01 ~ 2021.12.31",
        "bfefrmtrm_amount": "26,560,110,843",
        "ord": "24",
        "currency": "KRW"
    },
    {
        "rcept_no": "20240321001842",
        "reprt_code": "11011",
        "bsns_year": "2023",
        "corp_code": "00540429",
        "stock_code": "090710",
        "fs_div": "OFS",
        "fs_nm": "재무제표",
        "sj_div": "IS",
        "sj_nm": "손익계산서",
        "account_nm": "영업이익",
        "thstrm_nm": "제 25 기",
        "thstrm_dt": "2023.01.01 ~ 2023.12.31",
        "thstrm_amount": "-4,920,062,030",
        "frmtrm_nm": "제 24 기",
        "frmtrm_dt": "2022.01.01 ~ 2022.12.31",
        "frmtrm_amount": "-5,760,869,571",
        "bfefrmtrm_nm": "제 23 기",
        "bfefrmtrm_dt": "2021.01.01 ~ 2021.12.31",
        "bfefrmtrm_amount": "572,707,982",
        "ord": "26",
        "currency": "KRW"
    },
    {
        "rcept_no": "20240321001842",
        "reprt_code": "11011",
        "bsns_year": "2023",
        "corp_code": "00540429",
        "stock_code": "090710",
        "fs_div": "OFS",
        "fs_nm": "재무제표",
        "sj_div": "IS",
        "sj_nm": "손익계산서",
        "account_nm": "법인세차감전 순이익",
        "thstrm_nm": "제 25 기",
        "thstrm_dt": "2023.01.01 ~ 2023.12.31",
        "thstrm_amount": "-6,920,052,687",
        "frmtrm_nm": "제 24 기",
        "frmtrm_dt": "2022.01.01 ~ 2022.12.31",
        "frmtrm_amount": "-19,953,604,791",
        "bfefrmtrm_nm": "제 23 기",
        "bfefrmtrm_dt": "2021.01.01 ~ 2021.12.31",
        "bfefrmtrm_amount": "-46,177,089,944",
        "ord": "28",
        "currency": "KRW"
    },
    {
        "rcept_no": "20240321001842",
        "reprt_code": "11011",
        "bsns_year": "2023",
        "corp_code": "00540429",
        "stock_code": "090710",
        "fs_div": "OFS",
        "fs_nm": "재무제표",
        "sj_div": "IS",
        "sj_nm": "손익계산서",
        "account_nm": "당기순이익",
        "thstrm_nm": "제 25 기",
        "thstrm_dt": "2023.01.01 ~ 2023.12.31",
        "thstrm_amount": "-6,920,052,687",
        "frmtrm_nm": "제 24 기",
        "frmtrm_dt": "2022.01.01 ~ 2022.12.31",
        "frmtrm_amount": "-19,823,030,908",
        "bfefrmtrm_nm": "제 23 기",
        "bfefrmtrm_dt": "2021.01.01 ~ 2021.12.31",
        "bfefrmtrm_amount": "-38,695,061,183",
        "ord": "30",
        "currency": "KRW"
    },
    {
        "rcept_no": "20240321001842",
        "reprt_code": "11011",
        "bsns_year": "2023",
        "corp_code": "00540429",
        "stock_code": "090710",
        "fs_div": "OFS",
        "fs_nm": "재무제표",
        "sj_div": "IS",
        "sj_nm": "손익계산서",
        "account_nm": "당기순이익(손실)",
        "thstrm_nm": "제 25 기",
        "thstrm_dt": "2023.01.01 ~ 2023.12.31",
        "thstrm_amount": "-6,920,052,687",
        "frmtrm_nm": "제 24 기",
        "frmtrm_dt": "2022.01.01 ~ 2022.12.31",
        "frmtrm_amount": "-19,823,030,908",
        "bfefrmtrm_nm": "제 23 기",
        "bfefrmtrm_dt": "2021.01.01 ~ 2021.12.31",
        "bfefrmtrm_amount": "-38,695,061,183",
        "ord": "62",
        "currency": "KRW"
    },
    {
        "rcept_no": "20240321001842",
        "reprt_code": "11011",
        "bsns_year": "2023",
        "corp_code": "00540429",
        "stock_code": "090710",
        "fs_div": "OFS",
        "fs_nm": "재무제표",
        "sj_div": "IS",
        "sj_nm": "손익계산서",
        "account_nm": "총포괄손익",
        "thstrm_nm": "제 25 기",
        "thstrm_dt": "2023.01.01 ~ 2023.12.31",
        "thstrm_amount": "-6,871,265,647",
        "frmtrm_nm": "제 24 기",
        "frmtrm_dt": "2022.01.01 ~ 2022.12.31",
        "frmtrm_amount": "-19,842,407,682",
        "bfefrmtrm_nm": "제 23 기",
        "bfefrmtrm_dt": "2021.01.01 ~ 2021.12.31",
        "bfefrmtrm_amount": "-38,704,021,349",
        "ord": "64",
        "currency": "KRW"
    }
]