[
    {
        "rcept_no": "20250321000597",
        "reprt_code": "11011",
        "bsns_year": "2024",
        "corp_code": "00666064",
        "stock_code": "108860",
        "fs_div": "CFS",
        "fs_nm": "연결재무제표",
        "sj_div": "IS",
        "sj_nm": "손익계산서",
        "account_nm": "매출액",
        "thstrm_nm": "제 26 기",
        "thstrm_dt": "2024.01.01 ~ 2024.12.31",
        "thstrm_amount": "112,454,363,009",
        "frmtrm_nm": "제 25 기",
        "frmtrm_dt": "2023.01.01 ~ 2023.12.31",
        "frmtrm_amount": "53,011,546,842",
        "bfefrmtrm_nm": "제 24 기",
        "bfefrmtrm_dt": "2022.01.01 ~ 2022.12.31",
        "bfefrmtrm_amount": "50,869,207,977",
        "ord": "23",
        "currency": "KRW"
    },
    {
        "rcept_no": "20250321000597",
        "reprt_code": "11011",
        "bsns_year": "2024",
        "corp_code": "00666064",
        "stock_code": "108860",
        "fs_div": "CFS",
        "fs_nm": "연결재무제표",
        "sj_div": "IS",
        "sj_nm": "손익계산서",
        "account_nm": "영업이익",
        "thstrm_nm": "제 26 기",
        "thstrm_dt": "2024.01.01 ~ 2024.12.31",
        "thstrm_amount": "799,960,142",
        "frmtrm_nm": "제 25 기",
        "frmtrm_dt": "2023.01.01 ~ 2023.12.31",
        "frmtrm_amount": "4,086,696,337",
        "bfefrmtrm_nm": "제 24 기",
        "bfefrmtrm_dt": "2022.01.01 ~ 2022.12.31",
        "bfefrmtrm_amount": "5,154,506,648",
        "ord": "25",
        "currency": "KRW"
    },
    {
        "rcept_no": "20250321000597",
        "reprt_code": "11011",
        "bsns_year": "2024",
        "corp_code": "00666064",
        "stock_code": "108860",
        "fs_div": "CFS",
        "fs_nm": "연결재무제표",
        "sj_div": "IS",
        "sj_nm": "손익계산서",
        "account_nm": "법인세차감전 순이익",
        "thstrm_nm": "제 26 기",
        "thstrm_dt": "2024.01.01 ~ 2024.12.31",
        "thstrm_amount": "1,111,165,801",
        "frmtrm_nm": "제 25 기",
        "frmtrm_dt": "2023.01.01 ~ 2023.12.31",
        "frmtrm_amount": "-610,911,096",
        "bfefrmtrm_nm": "제 24 기",
        "bfefrmtrm_dt": "2022.01.01 ~ 2022.12.31",
        "bfefrmtrm_amount": "7,803,840,830",
        "ord": "27",
        "currency": "KRW"
    },
    {
        "rcept_no": "20250321000597",
        "reprt_code": "11011",
        "bsns_year": "2024",
        "corp_code": "00666064",
        "stock_code": "108860",
        "fs_div": "CFS",
        "fs_nm": "연결재무제표",
        "sj_div": "IS",
        "sj_nm": "손익계산서",
        "account_nm": "당기순이익",
        "thstrm_nm": "제 26 기",
        "thstrm_dt": "2024.01.01 ~ 2024.12.31",
        "thstrm_amount": "-1,020,940,783",
        "frmtrm_nm": "제 25 기",
        "frmtrm_dt": "2023.01.01 ~ 2023.12.31",
        "frmtrm_amount": "-125,084,596",
        "bfefrmtrm_nm": "제 24 기",
        "bfefrmtrm_dt": "2022.01.01 ~ 2022.12.31",
        "bfefrmtrm_amount": "7,888,821,991",
        "ord": "29",
        "currency": "KRW"
    },
    {
        "rcept_no": "20250321000597",
        "reprt_code": "11011",
        "bsns_year": "2024",
        "corp_code": "00666064",
        "stock_code": "108860",
        "fs_div": "CFS",
        "fs_nm": "연결재무제표",
        "sj_div": "IS",
        "sj_nm": "손익계산서",
        "account_nm": "당기순이익(손실)",
        "thstrm_nm": "제 26 기",
        "thstrm_dt": "2024.01.01 ~ 2024.12.31",
        "thstrm_amount": "-1,020,940,783",
        "frmtrm_nm": "제 25 기",
        "frmtrm_dt": "2023.01.01 ~ 2023.12.31",
        "frmtrm_amount": "-125,084,596",
        "bfefrmtrm_nm": "제 24 기",
        "bfefrmtrm_dt": "2022.01.01 ~ 2022.12.31",
        "bfefrmtrm_amount": "7,888,821,991",
        "ord": "61",
        "currency": "KRW"
    },
    {
        "rcept_no": "20250321000597",
        "reprt_code": "11011",
        "bsns_year": "2024",
        "corp_code": "00666064",
        "stock_code": "108860",
        "fs_div": "CFS",
        "fs_nm": "연결재무제표",
        "sj_div": "IS",
        "sj_nm": "손익계산서",
        "account_nm": "총포괄손익",
        "thstrm_nm": "제 26 기",
        "thstrm_dt": "2024.01.01 ~ 2024.12.31",
        "thstrm_amount": "-44,669,723",
        "frmtrm_nm": "제 25 기",
        "frmtrm_dt": "2023.01.01 ~ 2023.12.31",
        "frmtrm_amount": "-197,518,077",
        "bfefrmtrm_nm": "제 24 기",
        "bfefrmtrm_dt": "2022.01.01 ~ 2022.12.31",
        "bfefrmtrm_amount": "12,395,687,484",
        "ord": "63",
        "currency": "KRW"
    },
    {
        "rcept_no": "20250321000597",
        "reprt_code": "11011",
        "bsns_year": "2024",
        "corp_code": "00666064",
        "stock_code": "108860",
        "fs_div": "OFS",
        "fs_nm": "재무제표",
        "sj_div": "IS",
        "sj_nm": "손익계산서",
        "account_nm": "매출액",
        "thstrm_nm": "제 26 기",
        "thstrm_dt": "2024.01.01 ~ 2024.12.31",
        "thstrm_amount": "24,377,480,860",
        "frmtrm_nm": "제 25 기",
        "frmtrm_dt": "2023.01.01 ~ 2023.12.31",
        "frmtrm_amount": "23,355,310,927",
        "bfefrmtrm_nm": "제 24 기",
        "bfefrmtrm_dt": "2022.01.01 ~ 2022.12.31",
        "bfefrmtrm_amount": "23,491,021,085",
        "ord": "24",
        "currency": "KRW"
    },
    {
        "rcept_no": "20250321000597",
        "reprt_code": "11011",
        "bsns_year": "2024",
        "corp_code": "00666064",
        "stock_code": "108860",
        "fs_div": "OFS",
        "fs_nm": "재무제표",
        "sj_div": "IS",
        "sj_nm": "손익계산서",
        "account_nm": "영업이익",
        "thstrm_nm": "제 26 기",
        "thstrm_dt": "2024.01.01 ~ 2024.12.31",
        "thstrm_amount": "2,108,184,671",
        "frmtrm_nm": "제 25 기",
        "frmtrm_dt": "2023.01.01 ~ 2023.12.31",
        "frmtrm_amount": "1,284,989,903",
        "bfefrmtrm_nm": "제 24 기",
        "bfefrmtrm_dt": "2022.01.01 ~ 2022.12.31",
        "bfefrmtrm_amount": "3,086,057,102",
        "ord": "26",
        "currency": "KRW"
    },
    {
        "rcept_no": "20250321000597",
        "reprt_code": "11011",
        "bsns_year": "2024",
        "corp_code": "00666064",
        "stock_code": "108860",
        "fs_div": "OFS",
        "fs_nm": "재무제표",
        "sj_div": "IS",
        "sj_nm": "손익계산서",
        "account_nm": "법인세차감전 순이익",
        "thstrm_nm": "제 26 기",
        "thstrm_dt": "2024.01.01 ~ 2024.12.31",
        "thstrm_amount": "-4,585,171,895",
        "frmtrm_nm": "제 25 기",
        "frmtrm_dt": "2023.01.01 ~ 2023.12.31",
        "frmtrm_amount": "10,011,891,795",
        "bfefrmtrm_nm": "제 24 기",
        "bfefrmtrm_dt": "2022.01.01 ~ 2022.12.31",
        "bfefrmtrm_amount": "3,335,936,242",
        "ord": "28",
        "currency": "KRW"
    },
    {
        "rcept_no": "20250321000597",
        "reprt_code": "11011",
        "bsns_year": "2024",
        "corp_code": "00666064",
        "stock_code": "108860",
        "fs_div": "OFS",
        "fs_nm": "재무제표",
        "sj_div": "IS",
        "sj_nm": "손익계산서",
        "account_nm": "당기순이익",
        "thstrm_nm": "제 26 기",
        "thstrm_dt": "2024.01.01 ~ 2024.12.31",
        "thstrm_amount": "-5,178,538,970",
        "frmtrm_nm": "제 25 기",
        "frmtrm_dt": "2023.01.01 ~ 2023.12.31",
        "frmtrm_amount": "9,092,773,349",
        "bfefrmtrm_nm": "제 24 기",
        "bfefrmtrm_dt": "2022.01.01 ~ 2022.12.31",
        "bfefrmtrm_amount": "3,335,936,242",
        "ord": "30",
        "currency": "KRW"
    },
    {
        "rcept_no": "20250321000597",
        "reprt_code": "11011",
        "bsns_year": "2024",
        "corp_code": "00666064",
        "stock_code": "108860",
        "fs_div": "OFS",
        "fs_nm": "재무제표",
        "sj_div": "IS",
        "sj_nm": "손익계산서",
        "account_nm": "당기순이익(손실)",
        "thstrm_nm": "제 26 기",
        "thstrm_dt": "2024.01.01 ~ 2024.12.31",
        "thstrm_amount": "-5,178,538,970",
        "frmtrm_nm": "제 25 기",
        "frmtrm_dt": "2023.01.01 ~ 2023.12.31",
        "frmtrm_amount": "9,092,773,349",
        "bfefrmtrm_nm": "제 24 기",
        "bfefrmtrm_dt": "2022.01.01 ~ 2022.12.31",
        "bfefrmtrm_amount": "3,335,936,242",
        "ord": "62",
        "currency": "KRW"
    },
    {
        "rcept_no": "20250321000597",
        "reprt_code": "11011",
        "bsns_year": "2024",
        "corp_code": "00666064",
        "stock_code": "108860",
        "fs_div": "OFS",
        "fs_nm": "재무제표",
        "sj_div": "IS",
        "sj_nm": "손익계산서",
        "account_nm": "총포괄손익",
        "thstrm_nm": "제 26 기",
        "thstrm_dt": "2024.01.01 ~ 2024.12.31",
        "thstrm_amount": "-7,883,982,856",
        "frmtrm_nm": "제 25 기",
        "frmtrm_dt": "2023.01.01 ~ 2023.12.31",
        "frmtrm_amount": "8,995,244,796",
        "bfefrmtrm_nm": "제 24 기",
        "bfefrmtrm_dt": "2022.01.01 ~ 2022.12.31",
        "bfefrmtrm_amount": "5,952,559,846",
        "ord": "64",
        "currency": "KRW"
    }
]