[
    {
        "rcept_no": "20240320001677",
        "reprt_code": "11011",
        "bsns_year": "2023",
        "corp_code": "00666064",
        "stock_code": "108860",
        "fs_div": "CFS",
        "fs_nm": "연결재무제표",
        "sj_div": "IS",
        "sj_nm": "손익계산서",
        "account_nm": "매출액",
        "thstrm_nm": "제 25 기",
        "thstrm_dt": "2023.01.01 ~ 2023.12.31",
        "thstrm_amount": "53,011,546,842",
        "frmtrm_nm": "제 24 기",
        "frmtrm_dt": "2022.01.01 ~ 2022.12.31",
        "frmtrm_amount": "50,869,207,977",
        "bfefrmtrm_nm": "제 23 기",
        "bfefrmtrm_dt": "2021.01.01 ~ 2021.12.31",
        "bfefrmtrm_amount": "48,578,321,915",
        "ord": "23",
        "currency": "KRW"
    },
    {
        "rcept_no": "20240320001677",
        "reprt_code": "11011",
        "bsns_year": "2023",
        "corp_code": "00666064",
        "stock_code": "108860",
        "fs_div": "CFS",
        "fs_nm": "연결재무제표",
        "sj_div": "IS",
        "sj_nm": "손익계산서",
        "account_nm": "영업이익",
        "thstrm_nm": "제 25 기",
        "thstrm_dt": "2023.01.01 ~ 2023.12.31",
        "thstrm_amount": "4,086,696,337",
        "frmtrm_nm": "제 24 기",
        "frmtrm_dt": "2022.01.01 ~ 2022.12.31",
        "frmtrm_amount": "5,154,506,648",
        "bfefrmtrm_nm": "제 23 기",
        "bfefrmtrm_dt": "2021.01.01 ~ 2021.12.31",
        "bfefrmtrm_amount": "5,594,283,545",
        "ord": "25",
        "currency": "KRW"
    },
    {
        "rcept_no": "20240320001677",
        "reprt_code": "11011",
        "bsns_year": "2023",
        "corp_code": "00666064",
        "stock_code": "108860",
        "fs_div": "CFS",
        "fs_nm": "연결재무제표",
        "sj_div": "IS",
        "sj_nm": "손익계산서",
        "account_nm": "법인세차감전 순이익",
        "thstrm_nm": "제 25 기",
        "thstrm_dt": "2023.01.01 ~ 2023.12.31",
        "thstrm_amount": "-610,911,096",
        "frmtrm_nm": "제 24 기",
        "frmtrm_dt": "2022.01.01 ~ 2022.12.31",
        "frmtrm_amount": "7,803,840,830",
        "bfefrmtrm_nm": "제 23 기",
        "bfefrmtrm_dt": "2021.01.01 ~ 2021.12.31",
        "bfefrmtrm_amount": "4,634,133,123",
        "ord": "27",
        "currency": "KRW"
    },
    {
        "rcept_no": "20240320001677",
        "reprt_code": "11011",
        "bsns_year": "2023",
        "corp_code": "00666064",
        "stock_code": "108860",
        "fs_div": "CFS",
        "fs_nm": "연결재무제표",
        "sj_div": "IS",
        "sj_nm": "손익계산서",
        "account_nm": "당기순이익",
        "thstrm_nm": "제 25 기",
        "thstrm_dt": "2023.01.01 ~ 2023.12.31",
        "thstrm_amount": "-125,084,596",
        "frmtrm_nm": "제 24 기",
        "frmtrm_dt": "2022.01.01 ~ 2022.12.31",
        "frmtrm_amount": "7,888,821,991",
        "bfefrmtrm_nm": "제 23 기",
        "bfefrmtrm_dt": "2021.01.01 ~ 2021.12.31",
        "bfefrmtrm_amount": "4,810,732,485",
        "ord": "29",
        "currency": "KRW"
    },
    {
        "rcept_no": "20240320001677",
        "reprt_code": "11011",
        "bsns_year": "2023",
        "corp_code": "00666064",
        "stock_code": "108860",
        "fs_div": "CFS",
        "fs_nm": "연결재무제표",
        "sj_div": "IS",
        "sj_nm": "손익계산서",
        "account_nm": "당기순이익(손실)",
        "thstrm_nm": "제 25 기",
        "thstrm_dt": "2023.01.01 ~ 2023.12.31",
        "thstrm_amount": "-125,084,596",
        "frmtrm_nm": "제 24 기",
        "frmtrm_dt": "2022.01.01 ~ 2022.12.31",
        "frmtrm_amount": "7,888,821,991",
        "bfefrmtrm_nm": "제 23 기",
        "bfefrmtrm_dt": "2021.01.01 ~ 2021.12.31",
        "bfefrmtrm_amount": "4,810,732,485",
        "ord": "61",
        "currency": "KRW"
    },
    {
        "rcept_no": "20240320001677",
        "reprt_code": "11011",
        "bsns_year": "2023",
        "corp_code": "00666064",
        "stock_code": "108860",
        "fs_div": "CFS",
        "fs_nm": "연결재무제표",
        "sj_div": "IS",
        "sj_nm": "손익계산서",
        "account_nm": "총포괄손익",
        "thstrm_nm": "제 25 기",
        "thstrm_dt": "2023.01.01 ~ 2023.12.31",
        "thstrm_amount": "-197,518,077",
        "frmtrm_nm": "제 24 기",
        "frmtrm_dt": "2022.01.01 ~ 2022.12.31",
        "frmtrm_amount": "12,395,687,484",
        "bfefrmtrm_nm": "제 23 기",
        "bfefrmtrm_dt": "2021.01.01 ~ 2021.12.31",
        "bfefrmtrm_amount": "6,554,239,959",
        "ord": "63",
        "currency": "KRW"
    },
    {
        "rcept_no": "20240320001677",
        "reprt_code": "11011",
        "bsns_year": "2023",
        "corp_code": "00666064",
        "stock_code": "108860",
        "fs_div": "OFS",
        "fs_nm": "재무제표",
        "sj_div": "IS",
        "sj_nm": "손익계산서",
        "account_nm": "매출액",
        "thstrm_nm": "제 25 기",
        "thstrm_dt": "2023.01.01 ~ 2023.12.31",
        "thstrm_amount": "23,355,310,927",
        "frmtrm_nm": "제 24 기",
        "frmtrm_dt": "2022.01.01 ~ 2022.12.31",
        "frmtrm_amount": "23,491,021,085",
        "bfefrmtrm_nm": "제 23 기",
        "bfefrmtrm_dt": "2021.01.01 ~ 2021.12.31",
        "bfefrmtrm_amount": "19,507,072,832",
        "ord": "24",
        "currency": "KRW"
    },
    {
        "rcept_no": "20240320001677",
        "reprt_code": "11011",
        "bsns_year": "2023",
        "corp_code": "00666064",
        "stock_code": "108860",
        "fs_div": "OFS",
        "fs_nm": "재무제표",
        "sj_div": "IS",
        "sj_nm": "손익계산서",
        "account_nm": "영업이익",
        "thstrm_nm": "제 25 기",
        "thstrm_dt": "2023.01.01 ~ 2023.12.31",
        "thstrm_amount": "1,284,989,903",
        "frmtrm_nm": "제 24 기",
        "frmtrm_dt": "2022.01.01 ~ 2022.12.31",
        "frmtrm_amount": "3,086,057,102",
        "bfefrmtrm_nm": "제 23 기",
        "bfefrmtrm_dt": "2021.01.01 ~ 2021.12.31",
        "bfefrmtrm_amount": "2,593,087,503",
        "ord": "26",
        "currency": "KRW"
    },
    {
        "rcept_no": "20240320001677",
        "reprt_code": "11011",
        "bsns_year": "2023",
        "corp_code": "00666064",
        "stock_code": "108860",
        "fs_div": "OFS",
        "fs_nm": "재무제표",
        "sj_div": "IS",
        "sj_nm": "손익계산서",
        "account_nm": "법인세차감전 순이익",
        "thstrm_nm": "제 25 기",
        "thstrm_dt": "2023.01.01 ~ 2023.12.31",
        "thstrm_amount": "10,011,891,795",
        "frmtrm_nm": "제 24 기",
        "frmtrm_dt": "2022.01.01 ~ 2022.12.31",
        "frmtrm_amount": "3,335,936,242",
        "bfefrmtrm_nm": "제 23 기",
        "bfefrmtrm_dt": "2021.01.01 ~ 2021.12.31",
        "bfefrmtrm_amount": "2,537,627,209",
        "ord": "28",
        "currency": "KRW"
    },
    {
        "rcept_no": "20240320001677",
        "reprt_code": "11011",
        "bsns_year": "2023",
        "corp_code": "00666064",
        "stock_code": "108860",
        "fs_div": "OFS",
        "fs_nm": "재무제표",
        "sj_div": "IS",
        "sj_nm": "손익계산서",
        "account_nm": "당기순이익",
        "thstrm_nm": "제 25 기",
        "thstrm_dt": "2023.01.01 ~ 2023.12.31",
        "thstrm_amount": "9,092,773,349",
        "frmtrm_nm": "제 24 기",
        "frmtrm_dt": "2022.01.01 ~ 2022.12.31",
        "frmtrm_amount": "3,335,936,242",
        "bfefrmtrm_nm": "제 23 기",
        "bfefrmtrm_dt": "2021.01.01 ~ 2021.12.31",
        "bfefrmtrm_amount": "2,684,679,283",
        "ord": "30",
        "currency": "KRW"
    },
    {
        "rcept_no": "20240320001677",
        "reprt_code": "11011",
        "bsns_year": "2023",
        "corp_code": "00666064",
        "stock_code": "108860",
        "fs_div": "OFS",
        "fs_nm": "재무제표",
        "sj_div": "IS",
        "sj_nm": "손익계산서",
        "account_nm": "당기순이익(손실)",
        "thstrm_nm": "제 25 기",
        "thstrm_dt": "2023.01.01 ~ 2023.12.31",
        "thstrm_amount": "9,092,773,349",
        "frmtrm_nm": "제 24 기",
        "frmtrm_dt": "2022.01.01 ~ 2022.12.31",
        "frmtrm_amount": "3,335,936,242",
        "bfefrmtrm_nm": "제 23 기",
        "bfefrmtrm_dt": "2021.01.01 ~ 2021.12.31",
        "bfefrmtrm_amount": "2,684,679,283",
        "ord": "62",
        "currency": "KRW"
    },
    {
        "rcept_no": "20240320001677",
        "reprt_code": "11011",
        "bsns_year": "2023",
        "corp_code": "00666064",
        "stock_code": "108860",
        "fs_div": "OFS",
        "fs_nm": "재무제표",
        "sj_div": "IS",
        "sj_nm": "손익계산서",
        "account_nm": "총포괄손익",
        "thstrm_nm": "제 25 기",
        "thstrm_dt": "2023.01.01 ~ 2023.12.31",
        "thstrm_amount": "8,995,244,796",
        "frmtrm_nm": "제 24 기",
        "frmtrm_dt": "2022.01.01 ~ 2022.12.31",
        "frmtrm_amount": "5,952,559,846",
        "bfefrmtrm_nm": "제 23 기",
        "bfefrmtrm_dt": "2021.01.01 ~ 2021.12.31",
        "bfefrmtrm_amount": "3,732,792,642",
        "ord": "64",
        "currency": "KRW"
    }
]