[
    {
        "rcept_no": "20230421000558",
        "reprt_code": "11011",
        "bsns_year": "2022",
        "corp_code": "00666064",
        "stock_code": "108860",
        "fs_div": "CFS",
        "fs_nm": "연결재무제표",
        "sj_div": "IS",
        "sj_nm": "손익계산서",
        "account_nm": "매출액",
        "thstrm_nm": "제 24 기",
        "thstrm_dt": "2022.01.01 ~ 2022.12.31",
        "thstrm_amount": "50,869,207,977",
        "frmtrm_nm": "제 23 기",
        "frmtrm_dt": "2021.01.01 ~ 2021.12.31",
        "frmtrm_amount": "48,578,321,915",
        "bfefrmtrm_nm": "제 22 기",
        "bfefrmtrm_dt": "2020.01.01 ~ 2020.12.31",
        "bfefrmtrm_amount": "34,790,558,634",
        "ord": "23",
        "currency": "KRW"
    },
    {
        "rcept_no": "20230421000558",
        "reprt_code": "11011",
        "bsns_year": "2022",
        "corp_code": "00666064",
        "stock_code": "108860",
        "fs_div": "CFS",
        "fs_nm": "연결재무제표",
        "sj_div": "IS",
        "sj_nm": "손익계산서",
        "account_nm": "영업이익",
        "thstrm_nm": "제 24 기",
        "thstrm_dt": "2022.01.01 ~ 2022.12.31",
        "thstrm_amount": "4,991,403,673",
        "frmtrm_nm": "제 23 기",
        "frmtrm_dt": "2021.01.01 ~ 2021.12.31",
        "frmtrm_amount": "5,594,283,545",
        "bfefrmtrm_nm": "제 22 기",
        "bfefrmtrm_dt": "2020.01.01 ~ 2020.12.31",
        "bfefrmtrm_amount": "-1,530,056,408",
        "ord": "25",
        "currency": "KRW"
    },
    {
        "rcept_no": "20230421000558",
        "reprt_code": "11011",
        "bsns_year": "2022",
        "corp_code": "00666064",
        "stock_code": "108860",
        "fs_div": "CFS",
        "fs_nm": "연결재무제표",
        "sj_div": "IS",
        "sj_nm": "손익계산서",
        "account_nm": "법인세차감전 순이익",
        "thstrm_nm": "제 24 기",
        "thstrm_dt": "2022.01.01 ~ 2022.12.31",
        "thstrm_amount": "7,641,361,382",
        "frmtrm_nm": "제 23 기",
        "frmtrm_dt": "2021.01.01 ~ 2021.12.31",
        "frmtrm_amount": "4,634,133,123",
        "bfefrmtrm_nm": "제 22 기",
        "bfefrmtrm_dt": "2020.01.01 ~ 2020.12.31",
        "bfefrmtrm_amount": "4,172,471,528",
        "ord": "27",
        "currency": "KRW"
    },
    {
        "rcept_no": "20230421000558",
        "reprt_code": "11011",
        "bsns_year": "2022",
        "corp_code": "00666064",
        "stock_code": "108860",
        "fs_div": "CFS",
        "fs_nm": "연결재무제표",
        "sj_div": "IS",
        "sj_nm": "손익계산서",
        "account_nm": "당기순이익",
        "thstrm_nm": "제 24 기",
        "thstrm_dt": "2022.01.01 ~ 2022.12.31",
        "thstrm_amount": "7,726,342,543",
        "frmtrm_nm": "제 23 기",
        "frmtrm_dt": "2021.01.01 ~ 2021.12.31",
        "frmtrm_amount": "4,810,732,485",
        "bfefrmtrm_nm": "제 22 기",
        "bfefrmtrm_dt": "2020.01.01 ~ 2020.12.31",
        "bfefrmtrm_amount": "4,284,014,359",
        "ord": "29",
        "currency": "KRW"
    },
    {
        "rcept_no": "20230421000558",
        "reprt_code": "11011",
        "bsns_year": "2022",
        "corp_code": "00666064",
        "stock_code": "108860",
        "fs_div": "CFS",
        "fs_nm": "연결재무제표",
        "sj_div": "IS",
        "sj_nm": "손익계산서",
        "account_nm": "당기순이익(손실)",
        "thstrm_nm": "제 24 기",
        "thstrm_dt": "2022.01.01 ~ 2022.12.31",
        "thstrm_amount": "7,726,342,543",
        "frmtrm_nm": "제 23 기",
        "frmtrm_dt": "2021.01.01 ~ 2021.12.31",
        "frmtrm_amount": "4,810,732,485",
        "bfefrmtrm_nm": "제 22 기",
        "bfefrmtrm_dt": "2020.01.01 ~ 2020.12.31",
        "bfefrmtrm_amount": "4,284,014,359",
        "ord": "61",
        "currency": "KRW"
    },
    {
        "rcept_no": "20230421000558",
        "reprt_code": "11011",
        "bsns_year": "2022",
        "corp_code": "00666064",
        "stock_code": "108860",
        "fs_div": "OFS",
        "fs_nm": "재무제표",
        "sj_div": "IS",
        "sj_nm": "손익계산서",
        "account_nm": "매출액",
        "thstrm_nm": "제 24 기",
        "thstrm_dt": "2022.01.01 ~ 2022.12.31",
        "thstrm_amount": "23,491,021,085",
        "frmtrm_nm": "제 23 기",
        "frmtrm_dt": "2021.01.01 ~ 2021.12.31",
        "frmtrm_amount": "19,507,072,832",
        "bfefrmtrm_nm": "제 22 기",
        "bfefrmtrm_dt": "2020.01.01 ~ 2020.12.31",
        "bfefrmtrm_amount": "13,673,080,437",
        "ord": "24",
        "currency": "KRW"
    },
    {
        "rcept_no": "20230421000558",
        "reprt_code": "11011",
        "bsns_year": "2022",
        "corp_code": "00666064",
        "stock_code": "108860",
        "fs_div": "OFS",
        "fs_nm": "재무제표",
        "sj_div": "IS",
        "sj_nm": "손익계산서",
        "account_nm": "영업이익",
        "thstrm_nm": "제 24 기",
        "thstrm_dt": "2022.01.01 ~ 2022.12.31",
        "thstrm_amount": "3,086,057,102",
        "frmtrm_nm": "제 23 기",
        "frmtrm_dt": "2021.01.01 ~ 2021.12.31",
        "frmtrm_amount": "2,593,087,503",
        "bfefrmtrm_nm": "제 22 기",
        "bfefrmtrm_dt": "2020.01.01 ~ 2020.12.31",
        "bfefrmtrm_amount": "-2,677,907,367",
        "ord": "26",
        "currency": "KRW"
    },
    {
        "rcept_no": "20230421000558",
        "reprt_code": "11011",
        "bsns_year": "2022",
        "corp_code": "00666064",
        "stock_code": "108860",
        "fs_div": "OFS",
        "fs_nm": "재무제표",
        "sj_div": "IS",
        "sj_nm": "손익계산서",
        "account_nm": "법인세차감전 순이익",
        "thstrm_nm": "제 24 기",
        "thstrm_dt": "2022.01.01 ~ 2022.12.31",
        "thstrm_amount": "3,335,936,242",
        "frmtrm_nm": "제 23 기",
        "frmtrm_dt": "2021.01.01 ~ 2021.12.31",
        "frmtrm_amount": "2,537,627,209",
        "bfefrmtrm_nm": "제 22 기",
        "bfefrmtrm_dt": "2020.01.01 ~ 2020.12.31",
        "bfefrmtrm_amount": "2,829,586,959",
        "ord": "28",
        "currency": "KRW"
    },
    {
        "rcept_no": "20230421000558",
        "reprt_code": "11011",
        "bsns_year": "2022",
        "corp_code": "00666064",
        "stock_code": "108860",
        "fs_div": "OFS",
        "fs_nm": "재무제표",
        "sj_div": "IS",
        "sj_nm": "손익계산서",
        "account_nm": "당기순이익",
        "thstrm_nm": "제 24 기",
        "thstrm_dt": "2022.01.01 ~ 2022.12.31",
        "thstrm_amount": "3,335,936,242",
        "frmtrm_nm": "제 23 기",
        "frmtrm_dt": "2021.01.01 ~ 2021.12.31",
        "frmtrm_amount": "2,684,679,283",
        "bfefrmtrm_nm": "제 22 기",
        "bfefrmtrm_dt": "2020.01.01 ~ 2020.12.31",
        "bfefrmtrm_amount": "2,832,928,003",
        "ord": "30",
        "currency": "KRW"
    },
    {
        "rcept_no": "20230421000558",
        "reprt_code": "11011",
        "bsns_year": "2022",
        "corp_code": "00666064",
        "stock_code": "108860",
        "fs_div": "OFS",
        "fs_nm": "재무제표",
        "sj_div": "IS",
        "sj_nm": "손익계산서",
        "account_nm": "당기순이익(손실)",
        "thstrm_nm": "제 24 기",
        "thstrm_dt": "2022.01.01 ~ 2022.12.31",
        "thstrm_amount": "3,335,936,242",
        "frmtrm_nm": "제 23 기",
        "frmtrm_dt": "2021.01.01 ~ 2021.12.31",
        "frmtrm_amount": "2,684,679,283",
        "bfefrmtrm_nm": "제 22 기",
        "bfefrmtrm_dt": "2020.01.01 ~ 2020.12.31",
        "bfefrmtrm_amount": "2,832,928,003",
        "ord": "62",
        "currency": "KRW"
    }
]