[
    {
        "rcept_no": "20240320001677",
        "reprt_code": "11011",
        "bsns_year": "2023",
        "corp_code": "00666064",
        "stock_code": "108860",
        "fs_div": "CFS",
        "fs_nm": "연결재무제표",
        "sj_div": "BS",
        "sj_nm": "재무상태표",
        "account_nm": "유동자산",
        "thstrm_nm": "제 25 기",
        "thstrm_dt": "2023.12.31 현재",
        "thstrm_amount": "123,610,574,610",
        "frmtrm_nm": "제 24 기",
        "frmtrm_dt": "2022.12.31 현재",
        "frmtrm_amount": "47,671,620,907",
        "bfefrmtrm_nm": "제 23 기",
        "bfefrmtrm_dt": "2021.12.31 현재",
        "bfefrmtrm_amount": "53,539,901,807",
        "ord": "1",
        "currency": "KRW"
    },
    {
        "rcept_no": "20240320001677",
        "reprt_code": "11011",
        "bsns_year": "2023",
        "corp_code": "00666064",
        "stock_code": "108860",
        "fs_div": "CFS",
        "fs_nm": "연결재무제표",
        "sj_div": "BS",
        "sj_nm": "재무상태표",
        "account_nm": "비유동자산",
        "thstrm_nm": "제 25 기",
        "thstrm_dt": "2023.12.31 현재",
        "thstrm_amount": "69,180,349,861",
        "frmtrm_nm": "제 24 기",
        "frmtrm_dt": "2022.12.31 현재",
        "frmtrm_amount": "59,834,820,832",
        "bfefrmtrm_nm": "제 23 기",
        "bfefrmtrm_dt": "2021.12.31 현재",
        "bfefrmtrm_amount": "44,865,718,702",
        "ord": "3",
        "currency": "KRW"
    },
    {
        "rcept_no": "20240320001677",
        "reprt_code": "11011",
        "bsns_year": "2023",
        "corp_code": "00666064",
        "stock_code": "108860",
        "fs_div": "CFS",
        "fs_nm": "연결재무제표",
        "sj_div": "BS",
        "sj_nm": "재무상태표",
        "account_nm": "자산총계",
        "thstrm_nm": "제 25 기",
        "thstrm_dt": "2023.12.31 현재",
        "thstrm_amount": "192,790,924,471",
        "frmtrm_nm": "제 24 기",
        "frmtrm_dt": "2022.12.31 현재",
        "frmtrm_amount": "107,506,441,739",
        "bfefrmtrm_nm": "제 23 기",
        "bfefrmtrm_dt": "2021.12.31 현재",
        "bfefrmtrm_amount": "98,405,620,509",
        "ord": "5",
        "currency": "KRW"
    },
    {
        "rcept_no": "20240320001677",
        "reprt_code": "11011",
        "bsns_year": "2023",
        "corp_code": "00666064",
        "stock_code": "108860",
        "fs_div": "CFS",
        "fs_nm": "연결재무제표",
        "sj_div": "BS",
        "sj_nm": "재무상태표",
        "account_nm": "유동부채",
        "thstrm_nm": "제 25 기",
        "thstrm_dt": "2023.12.31 현재",
        "thstrm_amount": "17,195,015,950",
        "frmtrm_nm": "제 24 기",
        "frmtrm_dt": "2022.12.31 현재",
        "frmtrm_amount": "19,004,025,269",
        "bfefrmtrm_nm": "제 23 기",
        "bfefrmtrm_dt": "2021.12.31 현재",
        "bfefrmtrm_amount": "24,590,010,736",
        "ord": "7",
        "currency": "KRW"
    },
    {
        "rcept_no": "20240320001677",
        "reprt_code": "11011",
        "bsns_year": "2023",
        "corp_code": "00666064",
        "stock_code": "108860",
        "fs_div": "CFS",
        "fs_nm": "연결재무제표",
        "sj_div": "BS",
        "sj_nm": "재무상태표",
        "account_nm": "비유동부채",
        "thstrm_nm": "제 25 기",
        "thstrm_dt": "2023.12.31 현재",
        "thstrm_amount": "7,076,450,001",
        "frmtrm_nm": "제 24 기",
        "frmtrm_dt": "2022.12.31 현재",
        "frmtrm_amount": "16,101,402,648",
        "bfefrmtrm_nm": "제 23 기",
        "bfefrmtrm_dt": "2021.12.31 현재",
        "bfefrmtrm_amount": "17,803,219,042",
        "ord": "9",
        "currency": "KRW"
    },
    {
        "rcept_no": "20240320001677",
        "reprt_code": "11011",
        "bsns_year": "2023",
        "corp_code": "00666064",
        "stock_code": "108860",
        "fs_div": "CFS",
        "fs_nm": "연결재무제표",
        "sj_div": "BS",
        "sj_nm": "재무상태표",
        "account_nm": "부채총계",
        "thstrm_nm": "제 25 기",
        "thstrm_dt": "2023.12.31 현재",
        "thstrm_amount": "24,271,465,951",
        "frmtrm_nm": "제 24 기",
        "frmtrm_dt": "2022.12.31 현재",
        "frmtrm_amount": "35,105,427,917",
        "bfefrmtrm_nm": "제 23 기",
        "bfefrmtrm_dt": "2021.12.31 현재",
        "bfefrmtrm_amount": "42,393,229,778",
        "ord": "11",
        "currency": "KRW"
    },
    {
        "rcept_no": "20240320001677",
        "reprt_code": "11011",
        "bsns_year": "2023",
        "corp_code": "00666064",
        "stock_code": "108860",
        "fs_div": "CFS",
        "fs_nm": "연결재무제표",
        "sj_div": "BS",
        "sj_nm": "재무상태표",
        "account_nm": "자본금",
        "thstrm_nm": "제 25 기",
        "thstrm_dt": "2023.12.31 현재",
        "thstrm_amount": "13,457,395,000",
        "frmtrm_nm": "제 24 기",
        "frmtrm_dt": "2022.12.31 현재",
        "frmtrm_amount": "11,255,130,000",
        "bfefrmtrm_nm": "제 23 기",
        "bfefrmtrm_dt": "2021.12.31 현재",
        "bfefrmtrm_amount": "11,027,972,500",
        "ord": "13",
        "currency": "KRW"
    },
    {
        "rcept_no": "20240320001677",
        "reprt_code": "11011",
        "bsns_year": "2023",
        "corp_code": "00666064",
        "stock_code": "108860",
        "fs_div": "CFS",
        "fs_nm": "연결재무제표",
        "sj_div": "BS",
        "sj_nm": "재무상태표",
        "account_nm": "이익잉여금",
        "thstrm_nm": "제 25 기",
        "thstrm_dt": "2023.12.31 현재",
        "thstrm_amount": "-30,174,670,086",
        "frmtrm_nm": "제 24 기",
        "frmtrm_dt": "2022.12.31 현재",
        "frmtrm_amount": "-27,569,401,323",
        "bfefrmtrm_nm": "제 23 기",
        "bfefrmtrm_dt": "2021.12.31 현재",
        "bfefrmtrm_amount": "-35,412,283,075",
        "ord": "17",
        "currency": "KRW"
    },
    {
        "rcept_no": "20240320001677",
        "reprt_code": "11011",
        "bsns_year": "2023",
        "corp_code": "00666064",
        "stock_code": "108860",
        "fs_div": "CFS",
        "fs_nm": "연결재무제표",
        "sj_div": "BS",
        "sj_nm": "재무상태표",
        "account_nm": "자본총계",
        "thstrm_nm": "제 25 기",
        "thstrm_dt": "2023.12.31 현재",
        "thstrm_amount": "168,519,458,520",
        "frmtrm_nm": "제 24 기",
        "frmtrm_dt": "2022.12.31 현재",
        "frmtrm_amount": "72,401,013,822",
        "bfefrmtrm_nm": "제 23 기",
        "bfefrmtrm_dt": "2021.12.31 현재",
        "bfefrmtrm_amount": "56,012,390,731",
        "ord": "21",
        "currency": "KRW"
    },
    {
        "rcept_no": "20240320001677",
        "reprt_code": "11011",
        "bsns_year": "2023",
        "corp_code": "00666064",
        "stock_code": "108860",
        "fs_div": "OFS",
        "fs_nm": "재무제표",
        "sj_div": "BS",
        "sj_nm": "재무상태표",
        "account_nm": "유동자산",
        "thstrm_nm": "제 25 기",
        "thstrm_dt": "2023.12.31 현재",
        "thstrm_amount": "82,844,066,698",
        "frmtrm_nm": "제 24 기",
        "frmtrm_dt": "2022.12.31 현재",
        "frmtrm_amount": "24,392,687,354",
        "bfefrmtrm_nm": "제 23 기",
        "bfefrmtrm_dt": "2021.12.31 현재",
        "bfefrmtrm_amount": "25,462,609,161",
        "ord": "2",
        "currency": "KRW"
    },
    {
        "rcept_no": "20240320001677",
        "reprt_code": "11011",
        "bsns_year": "2023",
        "corp_code": "00666064",
        "stock_code": "108860",
        "fs_div": "OFS",
        "fs_nm": "재무제표",
        "sj_div": "BS",
        "sj_nm": "재무상태표",
        "account_nm": "비유동자산",
        "thstrm_nm": "제 25 기",
        "thstrm_dt": "2023.12.31 현재",
        "thstrm_amount": "66,936,723,446",
        "frmtrm_nm": "제 24 기",
        "frmtrm_dt": "2022.12.31 현재",
        "frmtrm_amount": "56,896,992,040",
        "bfefrmtrm_nm": "제 23 기",
        "bfefrmtrm_dt": "2021.12.31 현재",
        "bfefrmtrm_amount": "45,325,474,655",
        "ord": "4",
        "currency": "KRW"
    },
    {
        "rcept_no": "20240320001677",
        "reprt_code": "11011",
        "bsns_year": "2023",
        "corp_code": "00666064",
        "stock_code": "108860",
        "fs_div": "OFS",
        "fs_nm": "재무제표",
        "sj_div": "BS",
        "sj_nm": "재무상태표",
        "account_nm": "자산총계",
        "thstrm_nm": "제 25 기",
        "thstrm_dt": "2023.12.31 현재",
        "thstrm_amount": "149,780,790,144",
        "frmtrm_nm": "제 24 기",
        "frmtrm_dt": "2022.12.31 현재",
        "frmtrm_amount": "81,289,679,394",
        "bfefrmtrm_nm": "제 23 기",
        "bfefrmtrm_dt": "2021.12.31 현재",
        "bfefrmtrm_amount": "70,788,083,816",
        "ord": "6",
        "currency": "KRW"
    },
    {
        "rcept_no": "20240320001677",
        "reprt_code": "11011",
        "bsns_year": "2023",
        "corp_code": "00666064",
        "stock_code": "108860",
        "fs_div": "OFS",
        "fs_nm": "재무제표",
        "sj_div": "BS",
        "sj_nm": "재무상태표",
        "account_nm": "유동부채",
        "thstrm_nm": "제 25 기",
        "thstrm_dt": "2023.12.31 현재",
        "thstrm_amount": "11,123,070,310",
        "frmtrm_nm": "제 24 기",
        "frmtrm_dt": "2022.12.31 현재",
        "frmtrm_amount": "10,235,188,420",
        "bfefrmtrm_nm": "제 23 기",
        "bfefrmtrm_dt": "2021.12.31 현재",
        "bfefrmtrm_amount": "7,708,968,430",
        "ord": "8",
        "currency": "KRW"
    },
    {
        "rcept_no": "20240320001677",
        "reprt_code": "11011",
        "bsns_year": "2023",
        "corp_code": "00666064",
        "stock_code": "108860",
        "fs_div": "OFS",
        "fs_nm": "재무제표",
        "sj_div": "BS",
        "sj_nm": "재무상태표",
        "account_nm": "비유동부채",
        "thstrm_nm": "제 25 기",
        "thstrm_dt": "2023.12.31 현재",
        "thstrm_amount": "6,111,031,933",
        "frmtrm_nm": "제 24 기",
        "frmtrm_dt": "2022.12.31 현재",
        "frmtrm_amount": "12,083,232,230",
        "bfefrmtrm_nm": "제 23 기",
        "bfefrmtrm_dt": "2021.12.31 현재",
        "bfefrmtrm_amount": "13,057,424,060",
        "ord": "10",
        "currency": "KRW"
    },
    {
        "rcept_no": "20240320001677",
        "reprt_code": "11011",
        "bsns_year": "2023",
        "corp_code": "00666064",
        "stock_code": "108860",
        "fs_div": "OFS",
        "fs_nm": "재무제표",
        "sj_div": "BS",
        "sj_nm": "재무상태표",
        "account_nm": "부채총계",
        "thstrm_nm": "제 25 기",
        "thstrm_dt": "2023.12.31 현재",
        "thstrm_amount": "17,234,102,243",
        "frmtrm_nm": "제 24 기",
        "frmtrm_dt": "2022.12.31 현재",
        "frmtrm_amount": "22,318,420,650",
        "bfefrmtrm_nm": "제 23 기",
        "bfefrmtrm_dt": "2021.12.31 현재",
        "bfefrmtrm_amount": "20,766,392,490",
        "ord": "12",
        "currency": "KRW"
    },
    {
        "rcept_no": "20240320001677",
        "reprt_code": "11011",
        "bsns_year": "2023",
        "corp_code": "00666064",
        "stock_code": "108860",
        "fs_div": "OFS",
        "fs_nm": "재무제표",
        "sj_div": "BS",
        "sj_nm": "재무상태표",
        "account_nm": "자본금",
        "thstrm_nm": "제 25 기",
        "thstrm_dt": "2023.12.31 현재",
        "thstrm_amount": "13,457,395,000",
        "frmtrm_nm": "제 24 기",
        "frmtrm_dt": "2022.12.31 현재",
        "frmtrm_amount": "11,255,130,000",
        "bfefrmtrm_nm": "제 23 기",
        "bfefrmtrm_dt": "2021.12.31 현재",
        "bfefrmtrm_amount": "11,027,972,500",
        "ord": "15",
        "currency": "KRW"
    },
    {
        "rcept_no": "20240320001677",
        "reprt_code": "11011",
        "bsns_year": "2023",
        "corp_code": "00666064",
        "stock_code": "108860",
        "fs_div": "OFS",
        "fs_nm": "재무제표",
        "sj_div": "BS",
        "sj_nm": "재무상태표",
        "account_nm": "이익잉여금",
        "thstrm_nm": "제 25 기",
        "thstrm_dt": "2023.12.31 현재",
        "thstrm_amount": "11,868,723,166",
        "frmtrm_nm": "제 24 기",
        "frmtrm_dt": "2022.12.31 현재",
        "frmtrm_amount": "2,974,285,023",
        "bfefrmtrm_nm": "제 23 기",
        "bfefrmtrm_dt": "2021.12.31 현재",
        "bfefrmtrm_amount": "-1,109,097,848",
        "ord": "19",
        "currency": "KRW"
    },
    {
        "rcept_no": "20240320001677",
        "reprt_code": "11011",
        "bsns_year": "2023",
        "corp_code": "00666064",
        "stock_code": "108860",
        "fs_div": "OFS",
        "fs_nm": "재무제표",
        "sj_div": "BS",
        "sj_nm": "재무상태표",
        "account_nm": "자본총계",
        "thstrm_nm": "제 25 기",
        "thstrm_dt": "2023.12.31 현재",
        "thstrm_amount": "132,546,687,901",
        "frmtrm_nm": "제 24 기",
        "frmtrm_dt": "2022.12.31 현재",
        "frmtrm_amount": "58,971,258,744",
        "bfefrmtrm_nm": "제 23 기",
        "bfefrmtrm_dt": "2021.12.31 현재",
        "bfefrmtrm_amount": "50,021,691,326",
        "ord": "22",
        "currency": "KRW"
    }
]