[
    {
        "rcept_no": "20250321000597",
        "reprt_code": "11011",
        "bsns_year": "2024",
        "corp_code": "00666064",
        "stock_code": "108860",
        "fs_div": "CFS",
        "fs_nm": "연결재무제표",
        "sj_div": "BS",
        "sj_nm": "재무상태표",
        "account_nm": "유동자산",
        "thstrm_nm": "제 26 기",
        "thstrm_dt": "2024.12.31 현재",
        "thstrm_amount": "171,475,046,744",
        "frmtrm_nm": "제 25 기",
        "frmtrm_dt": "2023.12.31 현재",
        "frmtrm_amount": "123,610,574,610",
        "bfefrmtrm_nm": "제 24 기",
        "bfefrmtrm_dt": "2022.12.31 현재",
        "bfefrmtrm_amount": "47,671,620,907",
        "ord": "1",
        "currency": "KRW"
    },
    {
        "rcept_no": "20250321000597",
        "reprt_code": "11011",
        "bsns_year": "2024",
        "corp_code": "00666064",
        "stock_code": "108860",
        "fs_div": "CFS",
        "fs_nm": "연결재무제표",
        "sj_div": "BS",
        "sj_nm": "재무상태표",
        "account_nm": "비유동자산",
        "thstrm_nm": "제 26 기",
        "thstrm_dt": "2024.12.31 현재",
        "thstrm_amount": "140,661,138,975",
        "frmtrm_nm": "제 25 기",
        "frmtrm_dt": "2023.12.31 현재",
        "frmtrm_amount": "69,180,349,861",
        "bfefrmtrm_nm": "제 24 기",
        "bfefrmtrm_dt": "2022.12.31 현재",
        "bfefrmtrm_amount": "59,834,820,832",
        "ord": "3",
        "currency": "KRW"
    },
    {
        "rcept_no": "20250321000597",
        "reprt_code": "11011",
        "bsns_year": "2024",
        "corp_code": "00666064",
        "stock_code": "108860",
        "fs_div": "CFS",
        "fs_nm": "연결재무제표",
        "sj_div": "BS",
        "sj_nm": "재무상태표",
        "account_nm": "자산총계",
        "thstrm_nm": "제 26 기",
        "thstrm_dt": "2024.12.31 현재",
        "thstrm_amount": "312,136,185,719",
        "frmtrm_nm": "제 25 기",
        "frmtrm_dt": "2023.12.31 현재",
        "frmtrm_amount": "192,790,924,471",
        "bfefrmtrm_nm": "제 24 기",
        "bfefrmtrm_dt": "2022.12.31 현재",
        "bfefrmtrm_amount": "107,506,441,739",
        "ord": "5",
        "currency": "KRW"
    },
    {
        "rcept_no": "20250321000597",
        "reprt_code": "11011",
        "bsns_year": "2024",
        "corp_code": "00666064",
        "stock_code": "108860",
        "fs_div": "CFS",
        "fs_nm": "연결재무제표",
        "sj_div": "BS",
        "sj_nm": "재무상태표",
        "account_nm": "유동부채",
        "thstrm_nm": "제 26 기",
        "thstrm_dt": "2024.12.31 현재",
        "thstrm_amount": "37,668,765,734",
        "frmtrm_nm": "제 25 기",
        "frmtrm_dt": "2023.12.31 현재",
        "frmtrm_amount": "17,195,015,950",
        "bfefrmtrm_nm": "제 24 기",
        "bfefrmtrm_dt": "2022.12.31 현재",
        "bfefrmtrm_amount": "19,004,025,269",
        "ord": "7",
        "currency": "KRW"
    },
    {
        "rcept_no": "20250321000597",
        "reprt_code": "11011",
        "bsns_year": "2024",
        "corp_code": "00666064",
        "stock_code": "108860",
        "fs_div": "CFS",
        "fs_nm": "연결재무제표",
        "sj_div": "BS",
        "sj_nm": "재무상태표",
        "account_nm": "비유동부채",
        "thstrm_nm": "제 26 기",
        "thstrm_dt": "2024.12.31 현재",
        "thstrm_amount": "11,555,314,361",
        "frmtrm_nm": "제 25 기",
        "frmtrm_dt": "2023.12.31 현재",
        "frmtrm_amount": "7,076,450,001",
        "bfefrmtrm_nm": "제 24 기",
        "bfefrmtrm_dt": "2022.12.31 현재",
        "bfefrmtrm_amount": "16,101,402,648",
        "ord": "9",
        "currency": "KRW"
    },
    {
        "rcept_no": "20250321000597",
        "reprt_code": "11011",
        "bsns_year": "2024",
        "corp_code": "00666064",
        "stock_code": "108860",
        "fs_div": "CFS",
        "fs_nm": "연결재무제표",
        "sj_div": "BS",
        "sj_nm": "재무상태표",
        "account_nm": "부채총계",
        "thstrm_nm": "제 26 기",
        "thstrm_dt": "2024.12.31 현재",
        "thstrm_amount": "49,224,080,095",
        "frmtrm_nm": "제 25 기",
        "frmtrm_dt": "2023.12.31 현재",
        "frmtrm_amount": "24,271,465,951",
        "bfefrmtrm_nm": "제 24 기",
        "bfefrmtrm_dt": "2022.12.31 현재",
        "bfefrmtrm_amount": "35,105,427,917",
        "ord": "11",
        "currency": "KRW"
    },
    {
        "rcept_no": "20250321000597",
        "reprt_code": "11011",
        "bsns_year": "2024",
        "corp_code": "00666064",
        "stock_code": "108860",
        "fs_div": "CFS",
        "fs_nm": "연결재무제표",
        "sj_div": "BS",
        "sj_nm": "재무상태표",
        "account_nm": "자본금",
        "thstrm_nm": "제 26 기",
        "thstrm_dt": "2024.12.31 현재",
        "thstrm_amount": "13,457,395,000",
        "frmtrm_nm": "제 25 기",
        "frmtrm_dt": "2023.12.31 현재",
        "frmtrm_amount": "13,457,395,000",
        "bfefrmtrm_nm": "제 24 기",
        "bfefrmtrm_dt": "2022.12.31 현재",
        "bfefrmtrm_amount": "11,255,130,000",
        "ord": "13",
        "currency": "KRW"
    },
    {
        "rcept_no": "20250321000597",
        "reprt_code": "11011",
        "bsns_year": "2024",
        "corp_code": "00666064",
        "stock_code": "108860",
        "fs_div": "CFS",
        "fs_nm": "연결재무제표",
        "sj_div": "BS",
        "sj_nm": "재무상태표",
        "account_nm": "이익잉여금",
        "thstrm_nm": "제 26 기",
        "thstrm_dt": "2024.12.31 현재",
        "thstrm_amount": "-35,070,840,794",
        "frmtrm_nm": "제 25 기",
        "frmtrm_dt": "2023.12.31 현재",
        "frmtrm_amount": "-30,174,670,086",
        "bfefrmtrm_nm": "제 24 기",
        "bfefrmtrm_dt": "2022.12.31 현재",
        "bfefrmtrm_amount": "-27,569,401,323",
        "ord": "17",
        "currency": "KRW"
    },
    {
        "rcept_no": "20250321000597",
        "reprt_code": "11011",
        "bsns_year": "2024",
        "corp_code": "00666064",
        "stock_code": "108860",
        "fs_div": "CFS",
        "fs_nm": "연결재무제표",
        "sj_div": "BS",
        "sj_nm": "재무상태표",
        "account_nm": "자본총계",
        "thstrm_nm": "제 26 기",
        "thstrm_dt": "2024.12.31 현재",
        "thstrm_amount": "262,912,105,624",
        "frmtrm_nm": "제 25 기",
        "frmtrm_dt": "2023.12.31 현재",
        "frmtrm_amount": "168,519,458,520",
        "bfefrmtrm_nm": "제 24 기",
        "bfefrmtrm_dt": "2022.12.31 현재",
        "bfefrmtrm_amount": "72,401,013,822",
        "ord": "21",
        "currency": "KRW"
    },
    {
        "rcept_no": "20250321000597",
        "reprt_code": "11011",
        "bsns_year": "2024",
        "corp_code": "00666064",
        "stock_code": "108860",
        "fs_div": "OFS",
        "fs_nm": "재무제표",
        "sj_div": "BS",
        "sj_nm": "재무상태표",
        "account_nm": "유동자산",
        "thstrm_nm": "제 26 기",
        "thstrm_dt": "2024.12.31 현재",
        "thstrm_amount": "15,131,535,407",
        "frmtrm_nm": "제 25 기",
        "frmtrm_dt": "2023.12.31 현재",
        "frmtrm_amount": "82,844,066,698",
        "bfefrmtrm_nm": "제 24 기",
        "bfefrmtrm_dt": "2022.12.31 현재",
        "bfefrmtrm_amount": "24,392,687,354",
        "ord": "2",
        "currency": "KRW"
    },
    {
        "rcept_no": "20250321000597",
        "reprt_code": "11011",
        "bsns_year": "2024",
        "corp_code": "00666064",
        "stock_code": "108860",
        "fs_div": "OFS",
        "fs_nm": "재무제표",
        "sj_div": "BS",
        "sj_nm": "재무상태표",
        "account_nm": "비유동자산",
        "thstrm_nm": "제 26 기",
        "thstrm_dt": "2024.12.31 현재",
        "thstrm_amount": "132,162,349,949",
        "frmtrm_nm": "제 25 기",
        "frmtrm_dt": "2023.12.31 현재",
        "frmtrm_amount": "66,936,723,446",
        "bfefrmtrm_nm": "제 24 기",
        "bfefrmtrm_dt": "2022.12.31 현재",
        "bfefrmtrm_amount": "56,896,992,040",
        "ord": "4",
        "currency": "KRW"
    },
    {
        "rcept_no": "20250321000597",
        "reprt_code": "11011",
        "bsns_year": "2024",
        "corp_code": "00666064",
        "stock_code": "108860",
        "fs_div": "OFS",
        "fs_nm": "재무제표",
        "sj_div": "BS",
        "sj_nm": "재무상태표",
        "account_nm": "자산총계",
        "thstrm_nm": "제 26 기",
        "thstrm_dt": "2024.12.31 현재",
        "thstrm_amount": "147,293,885,356",
        "frmtrm_nm": "제 25 기",
        "frmtrm_dt": "2023.12.31 현재",
        "frmtrm_amount": "149,780,790,144",
        "bfefrmtrm_nm": "제 24 기",
        "bfefrmtrm_dt": "2022.12.31 현재",
        "bfefrmtrm_amount": "81,289,679,394",
        "ord": "6",
        "currency": "KRW"
    },
    {
        "rcept_no": "20250321000597",
        "reprt_code": "11011",
        "bsns_year": "2024",
        "corp_code": "00666064",
        "stock_code": "108860",
        "fs_div": "OFS",
        "fs_nm": "재무제표",
        "sj_div": "BS",
        "sj_nm": "재무상태표",
        "account_nm": "유동부채",
        "thstrm_nm": "제 26 기",
        "thstrm_dt": "2024.12.31 현재",
        "thstrm_amount": "22,026,457,942",
        "frmtrm_nm": "제 25 기",
        "frmtrm_dt": "2023.12.31 현재",
        "frmtrm_amount": "11,123,070,310",
        "bfefrmtrm_nm": "제 24 기",
        "bfefrmtrm_dt": "2022.12.31 현재",
        "bfefrmtrm_amount": "10,235,188,420",
        "ord": "8",
        "currency": "KRW"
    },
    {
        "rcept_no": "20250321000597",
        "reprt_code": "11011",
        "bsns_year": "2024",
        "corp_code": "00666064",
        "stock_code": "108860",
        "fs_div": "OFS",
        "fs_nm": "재무제표",
        "sj_div": "BS",
        "sj_nm": "재무상태표",
        "account_nm": "비유동부채",
        "thstrm_nm": "제 26 기",
        "thstrm_dt": "2024.12.31 현재",
        "thstrm_amount": "604,722,369",
        "frmtrm_nm": "제 25 기",
        "frmtrm_dt": "2023.12.31 현재",
        "frmtrm_amount": "6,111,031,933",
        "bfefrmtrm_nm": "제 24 기",
        "bfefrmtrm_dt": "2022.12.31 현재",
        "bfefrmtrm_amount": "12,083,232,230",
        "ord": "10",
        "currency": "KRW"
    },
    {
        "rcept_no": "20250321000597",
        "reprt_code": "11011",
        "bsns_year": "2024",
        "corp_code": "00666064",
        "stock_code": "108860",
        "fs_div": "OFS",
        "fs_nm": "재무제표",
        "sj_div": "BS",
        "sj_nm": "재무상태표",
        "account_nm": "부채총계",
        "thstrm_nm": "제 26 기",
        "thstrm_dt": "2024.12.31 현재",
        "thstrm_amount": "22,631,180,311",
        "frmtrm_nm": "제 25 기",
        "frmtrm_dt": "2023.12.31 현재",
        "frmtrm_amount": "17,234,102,243",
        "bfefrmtrm_nm": "제 24 기",
        "bfefrmtrm_dt": "2022.12.31 현재",
        "bfefrmtrm_amount": "22,318,420,650",
        "ord": "12",
        "currency": "KRW"
    },
    {
        "rcept_no": "20250321000597",
        "reprt_code": "11011",
        "bsns_year": "2024",
        "corp_code": "00666064",
        "stock_code": "108860",
        "fs_div": "OFS",
        "fs_nm": "재무제표",
        "sj_div": "BS",
        "sj_nm": "재무상태표",
        "account_nm": "자본금",
        "thstrm_nm": "제 26 기",
        "thstrm_dt": "2024.12.31 현재",
        "thstrm_amount": "13,457,395,000",
        "frmtrm_nm": "제 25 기",
        "frmtrm_dt": "2023.12.31 현재",
        "frmtrm_amount": "13,457,395,000",
        "bfefrmtrm_nm": "제 24 기",
        "bfefrmtrm_dt": "2022.12.31 현재",
        "bfefrmtrm_amount": "11,255,130,000",
        "ord": "15",
        "currency": "KRW"
    },
    {
        "rcept_no": "20250321000597",
        "reprt_code": "11011",
        "bsns_year": "2024",
        "corp_code": "00666064",
        "stock_code": "108860",
        "fs_div": "OFS",
        "fs_nm": "재무제표",
        "sj_div": "BS",
        "sj_nm": "재무상태표",
        "account_nm": "이익잉여금",
        "thstrm_nm": "제 26 기",
        "thstrm_dt": "2024.12.31 현재",
        "thstrm_amount": "6,477,450,622",
        "frmtrm_nm": "제 25 기",
        "frmtrm_dt": "2023.12.31 현재",
        "frmtrm_amount": "11,868,723,166",
        "bfefrmtrm_nm": "제 24 기",
        "bfefrmtrm_dt": "2022.12.31 현재",
        "bfefrmtrm_amount": "2,974,285,023",
        "ord": "19",
        "currency": "KRW"
    },
    {
        "rcept_no": "20250321000597",
        "reprt_code": "11011",
        "bsns_year": "2024",
        "corp_code": "00666064",
        "stock_code": "108860",
        "fs_div": "OFS",
        "fs_nm": "재무제표",
        "sj_div": "BS",
        "sj_nm": "재무상태표",
        "account_nm": "자본총계",
        "thstrm_nm": "제 26 기",
        "thstrm_dt": "2024.12.31 현재",
        "thstrm_amount": "124,662,705,045",
        "frmtrm_nm": "제 25 기",
        "frmtrm_dt": "2023.12.31 현재",
        "frmtrm_amount": "132,546,687,901",
        "bfefrmtrm_nm": "제 24 기",
        "bfefrmtrm_dt": "2022.12.31 현재",
        "bfefrmtrm_amount": "58,971,258,744",
        "ord": "22",
        "currency": "KRW"
    }
]