[
    {
        "rcept_no": "20230421000558",
        "reprt_code": "11011",
        "bsns_year": "2022",
        "corp_code": "00666064",
        "stock_code": "108860",
        "fs_div": "CFS",
        "fs_nm": "연결재무제표",
        "sj_div": "BS",
        "sj_nm": "재무상태표",
        "account_nm": "유동자산",
        "thstrm_nm": "제 24 기",
        "thstrm_dt": "2022.12.31 현재",
        "thstrm_amount": "46,745,131,726",
        "frmtrm_nm": "제 23 기",
        "frmtrm_dt": "2021.12.31 현재",
        "frmtrm_amount": "53,539,901,807",
        "bfefrmtrm_nm": "제 22 기",
        "bfefrmtrm_dt": "2020.12.31 현재",
        "bfefrmtrm_amount": "39,096,921,999",
        "ord": "1",
        "currency": "KRW"
    },
    {
        "rcept_no": "20230421000558",
        "reprt_code": "11011",
        "bsns_year": "2022",
        "corp_code": "00666064",
        "stock_code": "108860",
        "fs_div": "CFS",
        "fs_nm": "연결재무제표",
        "sj_div": "BS",
        "sj_nm": "재무상태표",
        "account_nm": "비유동자산",
        "thstrm_nm": "제 24 기",
        "thstrm_dt": "2022.12.31 현재",
        "thstrm_amount": "59,834,820,832",
        "frmtrm_nm": "제 23 기",
        "frmtrm_dt": "2021.12.31 현재",
        "frmtrm_amount": "44,865,718,702",
        "bfefrmtrm_nm": "제 22 기",
        "bfefrmtrm_dt": "2020.12.31 현재",
        "bfefrmtrm_amount": "52,447,317,207",
        "ord": "3",
        "currency": "KRW"
    },
    {
        "rcept_no": "20230421000558",
        "reprt_code": "11011",
        "bsns_year": "2022",
        "corp_code": "00666064",
        "stock_code": "108860",
        "fs_div": "CFS",
        "fs_nm": "연결재무제표",
        "sj_div": "BS",
        "sj_nm": "재무상태표",
        "account_nm": "자산총계",
        "thstrm_nm": "제 24 기",
        "thstrm_dt": "2022.12.31 현재",
        "thstrm_amount": "106,579,952,558",
        "frmtrm_nm": "제 23 기",
        "frmtrm_dt": "2021.12.31 현재",
        "frmtrm_amount": "98,405,620,509",
        "bfefrmtrm_nm": "제 22 기",
        "bfefrmtrm_dt": "2020.12.31 현재",
        "bfefrmtrm_amount": "91,544,239,206",
        "ord": "5",
        "currency": "KRW"
    },
    {
        "rcept_no": "20230421000558",
        "reprt_code": "11011",
        "bsns_year": "2022",
        "corp_code": "00666064",
        "stock_code": "108860",
        "fs_div": "CFS",
        "fs_nm": "연결재무제표",
        "sj_div": "BS",
        "sj_nm": "재무상태표",
        "account_nm": "유동부채",
        "thstrm_nm": "제 24 기",
        "thstrm_dt": "2022.12.31 현재",
        "thstrm_amount": "18,942,332,427",
        "frmtrm_nm": "제 23 기",
        "frmtrm_dt": "2021.12.31 현재",
        "frmtrm_amount": "24,590,010,736",
        "bfefrmtrm_nm": "제 22 기",
        "bfefrmtrm_dt": "2020.12.31 현재",
        "bfefrmtrm_amount": "22,790,027,028",
        "ord": "7",
        "currency": "KRW"
    },
    {
        "rcept_no": "20230421000558",
        "reprt_code": "11011",
        "bsns_year": "2022",
        "corp_code": "00666064",
        "stock_code": "108860",
        "fs_div": "CFS",
        "fs_nm": "연결재무제표",
        "sj_div": "BS",
        "sj_nm": "재무상태표",
        "account_nm": "비유동부채",
        "thstrm_nm": "제 24 기",
        "thstrm_dt": "2022.12.31 현재",
        "thstrm_amount": "16,101,402,648",
        "frmtrm_nm": "제 23 기",
        "frmtrm_dt": "2021.12.31 현재",
        "frmtrm_amount": "17,803,219,042",
        "bfefrmtrm_nm": "제 22 기",
        "bfefrmtrm_dt": "2020.12.31 현재",
        "bfefrmtrm_amount": "19,296,061,406",
        "ord": "9",
        "currency": "KRW"
    },
    {
        "rcept_no": "20230421000558",
        "reprt_code": "11011",
        "bsns_year": "2022",
        "corp_code": "00666064",
        "stock_code": "108860",
        "fs_div": "CFS",
        "fs_nm": "연결재무제표",
        "sj_div": "BS",
        "sj_nm": "재무상태표",
        "account_nm": "부채총계",
        "thstrm_nm": "제 24 기",
        "thstrm_dt": "2022.12.31 현재",
        "thstrm_amount": "35,043,735,075",
        "frmtrm_nm": "제 23 기",
        "frmtrm_dt": "2021.12.31 현재",
        "frmtrm_amount": "42,393,229,778",
        "bfefrmtrm_nm": "제 22 기",
        "bfefrmtrm_dt": "2020.12.31 현재",
        "bfefrmtrm_amount": "42,086,088,434",
        "ord": "11",
        "currency": "KRW"
    },
    {
        "rcept_no": "20230421000558",
        "reprt_code": "11011",
        "bsns_year": "2022",
        "corp_code": "00666064",
        "stock_code": "108860",
        "fs_div": "CFS",
        "fs_nm": "연결재무제표",
        "sj_div": "BS",
        "sj_nm": "재무상태표",
        "account_nm": "이익잉여금",
        "thstrm_nm": "제 24 기",
        "thstrm_dt": "2022.12.31 현재",
        "thstrm_amount": "-28,020,038,973",
        "frmtrm_nm": "제 23 기",
        "frmtrm_dt": "2021.12.31 현재",
        "frmtrm_amount": "-35,412,283,075",
        "bfefrmtrm_nm": "제 22 기",
        "bfefrmtrm_dt": "2020.12.31 현재",
        "bfefrmtrm_amount": "-39,436,433,509",
        "ord": "17",
        "currency": "KRW"
    },
    {
        "rcept_no": "20230421000558",
        "reprt_code": "11011",
        "bsns_year": "2022",
        "corp_code": "00666064",
        "stock_code": "108860",
        "fs_div": "CFS",
        "fs_nm": "연결재무제표",
        "sj_div": "BS",
        "sj_nm": "재무상태표",
        "account_nm": "자본총계",
        "thstrm_nm": "제 24 기",
        "thstrm_dt": "2022.12.31 현재",
        "thstrm_amount": "71,536,217,483",
        "frmtrm_nm": "제 23 기",
        "frmtrm_dt": "2021.12.31 현재",
        "frmtrm_amount": "56,012,390,731",
        "bfefrmtrm_nm": "제 22 기",
        "bfefrmtrm_dt": "2020.12.31 현재",
        "bfefrmtrm_amount": "49,458,150,772",
        "ord": "21",
        "currency": "KRW"
    },
    {
        "rcept_no": "20230421000558",
        "reprt_code": "11011",
        "bsns_year": "2022",
        "corp_code": "00666064",
        "stock_code": "108860",
        "fs_div": "OFS",
        "fs_nm": "재무제표",
        "sj_div": "BS",
        "sj_nm": "재무상태표",
        "account_nm": "유동자산",
        "thstrm_nm": "제 24 기",
        "thstrm_dt": "2022.12.31 현재",
        "thstrm_amount": "24,392,687,354",
        "frmtrm_nm": "제 23 기",
        "frmtrm_dt": "2021.12.31 현재",
        "frmtrm_amount": "25,462,609,161",
        "bfefrmtrm_nm": "제 22 기",
        "bfefrmtrm_dt": "2020.12.31 현재",
        "bfefrmtrm_amount": "14,877,123,137",
        "ord": "2",
        "currency": "KRW"
    },
    {
        "rcept_no": "20230421000558",
        "reprt_code": "11011",
        "bsns_year": "2022",
        "corp_code": "00666064",
        "stock_code": "108860",
        "fs_div": "OFS",
        "fs_nm": "재무제표",
        "sj_div": "BS",
        "sj_nm": "재무상태표",
        "account_nm": "비유동자산",
        "thstrm_nm": "제 24 기",
        "thstrm_dt": "2022.12.31 현재",
        "thstrm_amount": "56,896,992,040",
        "frmtrm_nm": "제 23 기",
        "frmtrm_dt": "2021.12.31 현재",
        "frmtrm_amount": "45,325,474,655",
        "bfefrmtrm_nm": "제 22 기",
        "bfefrmtrm_dt": "2020.12.31 현재",
        "bfefrmtrm_amount": "52,437,913,980",
        "ord": "4",
        "currency": "KRW"
    },
    {
        "rcept_no": "20230421000558",
        "reprt_code": "11011",
        "bsns_year": "2022",
        "corp_code": "00666064",
        "stock_code": "108860",
        "fs_div": "OFS",
        "fs_nm": "재무제표",
        "sj_div": "BS",
        "sj_nm": "재무상태표",
        "account_nm": "자산총계",
        "thstrm_nm": "제 24 기",
        "thstrm_dt": "2022.12.31 현재",
        "thstrm_amount": "81,289,679,394",
        "frmtrm_nm": "제 23 기",
        "frmtrm_dt": "2021.12.31 현재",
        "frmtrm_amount": "70,788,083,816",
        "bfefrmtrm_nm": "제 22 기",
        "bfefrmtrm_dt": "2020.12.31 현재",
        "bfefrmtrm_amount": "67,315,037,117",
        "ord": "6",
        "currency": "KRW"
    },
    {
        "rcept_no": "20230421000558",
        "reprt_code": "11011",
        "bsns_year": "2022",
        "corp_code": "00666064",
        "stock_code": "108860",
        "fs_div": "OFS",
        "fs_nm": "재무제표",
        "sj_div": "BS",
        "sj_nm": "재무상태표",
        "account_nm": "유동부채",
        "thstrm_nm": "제 24 기",
        "thstrm_dt": "2022.12.31 현재",
        "thstrm_amount": "10,235,188,420",
        "frmtrm_nm": "제 23 기",
        "frmtrm_dt": "2021.12.31 현재",
        "frmtrm_amount": "7,708,968,430",
        "bfefrmtrm_nm": "제 22 기",
        "bfefrmtrm_dt": "2020.12.31 현재",
        "bfefrmtrm_amount": "7,552,781,690",
        "ord": "8",
        "currency": "KRW"
    },
    {
        "rcept_no": "20230421000558",
        "reprt_code": "11011",
        "bsns_year": "2022",
        "corp_code": "00666064",
        "stock_code": "108860",
        "fs_div": "OFS",
        "fs_nm": "재무제표",
        "sj_div": "BS",
        "sj_nm": "재무상태표",
        "account_nm": "비유동부채",
        "thstrm_nm": "제 24 기",
        "thstrm_dt": "2022.12.31 현재",
        "thstrm_amount": "12,083,232,230",
        "frmtrm_nm": "제 23 기",
        "frmtrm_dt": "2021.12.31 현재",
        "frmtrm_amount": "13,057,424,060",
        "bfefrmtrm_nm": "제 22 기",
        "bfefrmtrm_dt": "2020.12.31 현재",
        "bfefrmtrm_amount": "13,473,356,743",
        "ord": "10",
        "currency": "KRW"
    },
    {
        "rcept_no": "20230421000558",
        "reprt_code": "11011",
        "bsns_year": "2022",
        "corp_code": "00666064",
        "stock_code": "108860",
        "fs_div": "OFS",
        "fs_nm": "재무제표",
        "sj_div": "BS",
        "sj_nm": "재무상태표",
        "account_nm": "부채총계",
        "thstrm_nm": "제 24 기",
        "thstrm_dt": "2022.12.31 현재",
        "thstrm_amount": "22,318,420,650",
        "frmtrm_nm": "제 23 기",
        "frmtrm_dt": "2021.12.31 현재",
        "frmtrm_amount": "20,766,392,490",
        "bfefrmtrm_nm": "제 22 기",
        "bfefrmtrm_dt": "2020.12.31 현재",
        "bfefrmtrm_amount": "21,026,138,433",
        "ord": "12",
        "currency": "KRW"
    },
    {
        "rcept_no": "20230421000558",
        "reprt_code": "11011",
        "bsns_year": "2022",
        "corp_code": "00666064",
        "stock_code": "108860",
        "fs_div": "OFS",
        "fs_nm": "재무제표",
        "sj_div": "BS",
        "sj_nm": "재무상태표",
        "account_nm": "자본금",
        "thstrm_nm": "제 24 기",
        "thstrm_dt": "2022.12.31 현재",
        "thstrm_amount": "11,255,130,000",
        "frmtrm_nm": "제 23 기",
        "frmtrm_dt": "2021.12.31 현재",
        "frmtrm_amount": "11,027,972,500",
        "bfefrmtrm_nm": "제 22 기",
        "bfefrmtrm_dt": "2020.12.31 현재",
        "bfefrmtrm_amount": "11,027,972,500",
        "ord": "15",
        "currency": "KRW"
    },
    {
        "rcept_no": "20230421000558",
        "reprt_code": "11011",
        "bsns_year": "2022",
        "corp_code": "00666064",
        "stock_code": "108860",
        "fs_div": "OFS",
        "fs_nm": "재무제표",
        "sj_div": "BS",
        "sj_nm": "재무상태표",
        "account_nm": "이익잉여금",
        "thstrm_nm": "제 24 기",
        "thstrm_dt": "2022.12.31 현재",
        "thstrm_amount": "2,974,285,023",
        "frmtrm_nm": "제 23 기",
        "frmtrm_dt": "2021.12.31 현재",
        "frmtrm_amount": "-1,109,097,848",
        "bfefrmtrm_nm": "제 22 기",
        "bfefrmtrm_dt": "2020.12.31 현재",
        "bfefrmtrm_amount": "-4,030,019,517",
        "ord": "19",
        "currency": "KRW"
    },
    {
        "rcept_no": "20230421000558",
        "reprt_code": "11011",
        "bsns_year": "2022",
        "corp_code": "00666064",
        "stock_code": "108860",
        "fs_div": "OFS",
        "fs_nm": "재무제표",
        "sj_div": "BS",
        "sj_nm": "재무상태표",
        "account_nm": "자본총계",
        "thstrm_nm": "제 24 기",
        "thstrm_dt": "2022.12.31 현재",
        "thstrm_amount": "58,971,258,744",
        "frmtrm_nm": "제 23 기",
        "frmtrm_dt": "2021.12.31 현재",
        "frmtrm_amount": "50,021,691,326",
        "bfefrmtrm_nm": "제 22 기",
        "bfefrmtrm_dt": "2020.12.31 현재",
        "bfefrmtrm_amount": "46,288,898,684",
        "ord": "22",
        "currency": "KRW"
    }
]