[
    {
        "rcept_no": "20240318000953",
        "reprt_code": "11011",
        "bsns_year": "2023",
        "corp_code": "00808022",
        "stock_code": "140410",
        "fs_div": "CFS",
        "fs_nm": "연결재무제표",
        "sj_div": "BS",
        "sj_nm": "재무상태표",
        "account_nm": "유동자산",
        "thstrm_nm": "제 22 기",
        "thstrm_dt": "2023.12.31 현재",
        "thstrm_amount": "74,243,516,264",
        "frmtrm_nm": "제 21 기",
        "frmtrm_dt": "2022.12.31 현재",
        "frmtrm_amount": "45,897,006,835",
        "bfefrmtrm_nm": "제 20 기",
        "bfefrmtrm_dt": "2021.12.31 현재",
        "bfefrmtrm_amount": "64,174,204,948",
        "ord": "1",
        "currency": "KRW"
    },
    {
        "rcept_no": "20240318000953",
        "reprt_code": "11011",
        "bsns_year": "2023",
        "corp_code": "00808022",
        "stock_code": "140410",
        "fs_div": "CFS",
        "fs_nm": "연결재무제표",
        "sj_div": "BS",
        "sj_nm": "재무상태표",
        "account_nm": "비유동자산",
        "thstrm_nm": "제 22 기",
        "thstrm_dt": "2023.12.31 현재",
        "thstrm_amount": "17,905,837,611",
        "frmtrm_nm": "제 21 기",
        "frmtrm_dt": "2022.12.31 현재",
        "frmtrm_amount": "8,124,834,622",
        "bfefrmtrm_nm": "제 20 기",
        "bfefrmtrm_dt": "2021.12.31 현재",
        "bfefrmtrm_amount": "19,760,368,726",
        "ord": "3",
        "currency": "KRW"
    },
    {
        "rcept_no": "20240318000953",
        "reprt_code": "11011",
        "bsns_year": "2023",
        "corp_code": "00808022",
        "stock_code": "140410",
        "fs_div": "CFS",
        "fs_nm": "연결재무제표",
        "sj_div": "BS",
        "sj_nm": "재무상태표",
        "account_nm": "자산총계",
        "thstrm_nm": "제 22 기",
        "thstrm_dt": "2023.12.31 현재",
        "thstrm_amount": "92,149,353,875",
        "frmtrm_nm": "제 21 기",
        "frmtrm_dt": "2022.12.31 현재",
        "frmtrm_amount": "54,021,841,457",
        "bfefrmtrm_nm": "제 20 기",
        "bfefrmtrm_dt": "2021.12.31 현재",
        "bfefrmtrm_amount": "83,934,573,674",
        "ord": "5",
        "currency": "KRW"
    },
    {
        "rcept_no": "20240318000953",
        "reprt_code": "11011",
        "bsns_year": "2023",
        "corp_code": "00808022",
        "stock_code": "140410",
        "fs_div": "CFS",
        "fs_nm": "연결재무제표",
        "sj_div": "BS",
        "sj_nm": "재무상태표",
        "account_nm": "유동부채",
        "thstrm_nm": "제 22 기",
        "thstrm_dt": "2023.12.31 현재",
        "thstrm_amount": "29,615,262,759",
        "frmtrm_nm": "제 21 기",
        "frmtrm_dt": "2022.12.31 현재",
        "frmtrm_amount": "26,080,010,640",
        "bfefrmtrm_nm": "제 20 기",
        "bfefrmtrm_dt": "2021.12.31 현재",
        "bfefrmtrm_amount": "18,496,574,941",
        "ord": "7",
        "currency": "KRW"
    },
    {
        "rcept_no": "20240318000953",
        "reprt_code": "11011",
        "bsns_year": "2023",
        "corp_code": "00808022",
        "stock_code": "140410",
        "fs_div": "CFS",
        "fs_nm": "연결재무제표",
        "sj_div": "BS",
        "sj_nm": "재무상태표",
        "account_nm": "비유동부채",
        "thstrm_nm": "제 22 기",
        "thstrm_dt": "2023.12.31 현재",
        "thstrm_amount": "1,089,728,249",
        "frmtrm_nm": "제 21 기",
        "frmtrm_dt": "2022.12.31 현재",
        "frmtrm_amount": "1,701,778,010",
        "bfefrmtrm_nm": "제 20 기",
        "bfefrmtrm_dt": "2021.12.31 현재",
        "bfefrmtrm_amount": "2,644,500,476",
        "ord": "9",
        "currency": "KRW"
    },
    {
        "rcept_no": "20240318000953",
        "reprt_code": "11011",
        "bsns_year": "2023",
        "corp_code": "00808022",
        "stock_code": "140410",
        "fs_div": "CFS",
        "fs_nm": "연결재무제표",
        "sj_div": "BS",
        "sj_nm": "재무상태표",
        "account_nm": "부채총계",
        "thstrm_nm": "제 22 기",
        "thstrm_dt": "2023.12.31 현재",
        "thstrm_amount": "30,704,991,008",
        "frmtrm_nm": "제 21 기",
        "frmtrm_dt": "2022.12.31 현재",
        "frmtrm_amount": "27,781,788,650",
        "bfefrmtrm_nm": "제 20 기",
        "bfefrmtrm_dt": "2021.12.31 현재",
        "bfefrmtrm_amount": "21,141,075,417",
        "ord": "11",
        "currency": "KRW"
    },
    {
        "rcept_no": "20240318000953",
        "reprt_code": "11011",
        "bsns_year": "2023",
        "corp_code": "00808022",
        "stock_code": "140410",
        "fs_div": "CFS",
        "fs_nm": "연결재무제표",
        "sj_div": "BS",
        "sj_nm": "재무상태표",
        "account_nm": "자본금",
        "thstrm_nm": "제 22 기",
        "thstrm_dt": "2023.12.31 현재",
        "thstrm_amount": "14,803,694,500",
        "frmtrm_nm": "제 21 기",
        "frmtrm_dt": "2022.12.31 현재",
        "frmtrm_amount": "13,371,009,000",
        "bfefrmtrm_nm": "제 20 기",
        "bfefrmtrm_dt": "2021.12.31 현재",
        "bfefrmtrm_amount": "4,450,503,000",
        "ord": "13",
        "currency": "KRW"
    },
    {
        "rcept_no": "20240318000953",
        "reprt_code": "11011",
        "bsns_year": "2023",
        "corp_code": "00808022",
        "stock_code": "140410",
        "fs_div": "CFS",
        "fs_nm": "연결재무제표",
        "sj_div": "BS",
        "sj_nm": "재무상태표",
        "account_nm": "이익잉여금",
        "thstrm_nm": "제 22 기",
        "thstrm_dt": "2023.12.31 현재",
        "thstrm_amount": "-123,723,165,441",
        "frmtrm_nm": "제 21 기",
        "frmtrm_dt": "2022.12.31 현재",
        "frmtrm_amount": "-111,052,472,621",
        "bfefrmtrm_nm": "제 20 기",
        "bfefrmtrm_dt": "2021.12.31 현재",
        "bfefrmtrm_amount": "-74,788,578,927",
        "ord": "17",
        "currency": "KRW"
    },
    {
        "rcept_no": "20240318000953",
        "reprt_code": "11011",
        "bsns_year": "2023",
        "corp_code": "00808022",
        "stock_code": "140410",
        "fs_div": "CFS",
        "fs_nm": "연결재무제표",
        "sj_div": "BS",
        "sj_nm": "재무상태표",
        "account_nm": "자본총계",
        "thstrm_nm": "제 22 기",
        "thstrm_dt": "2023.12.31 현재",
        "thstrm_amount": "61,444,362,867",
        "frmtrm_nm": "제 21 기",
        "frmtrm_dt": "2022.12.31 현재",
        "frmtrm_amount": "26,240,052,807",
        "bfefrmtrm_nm": "제 20 기",
        "bfefrmtrm_dt": "2021.12.31 현재",
        "bfefrmtrm_amount": "62,793,498,257",
        "ord": "21",
        "currency": "KRW"
    },
    {
        "rcept_no": "20240318000953",
        "reprt_code": "11011",
        "bsns_year": "2023",
        "corp_code": "00808022",
        "stock_code": "140410",
        "fs_div": "OFS",
        "fs_nm": "재무제표",
        "sj_div": "BS",
        "sj_nm": "재무상태표",
        "account_nm": "유동자산",
        "thstrm_nm": "제 22 기",
        "thstrm_dt": "2023.12.31 현재",
        "thstrm_amount": "67,243,968,915",
        "frmtrm_nm": "제 21 기",
        "frmtrm_dt": "2022.12.31 현재",
        "frmtrm_amount": "44,012,688,363",
        "bfefrmtrm_nm": "제 20 기",
        "bfefrmtrm_dt": "2021.12.31 현재",
        "bfefrmtrm_amount": "59,523,225,621",
        "ord": "2",
        "currency": "KRW"
    },
    {
        "rcept_no": "20240318000953",
        "reprt_code": "11011",
        "bsns_year": "2023",
        "corp_code": "00808022",
        "stock_code": "140410",
        "fs_div": "OFS",
        "fs_nm": "재무제표",
        "sj_div": "BS",
        "sj_nm": "재무상태표",
        "account_nm": "비유동자산",
        "thstrm_nm": "제 22 기",
        "thstrm_dt": "2023.12.31 현재",
        "thstrm_amount": "7,834,085,348",
        "frmtrm_nm": "제 21 기",
        "frmtrm_dt": "2022.12.31 현재",
        "frmtrm_amount": "7,165,783,567",
        "bfefrmtrm_nm": "제 20 기",
        "bfefrmtrm_dt": "2021.12.31 현재",
        "bfefrmtrm_amount": "11,833,337,308",
        "ord": "4",
        "currency": "KRW"
    },
    {
        "rcept_no": "20240318000953",
        "reprt_code": "11011",
        "bsns_year": "2023",
        "corp_code": "00808022",
        "stock_code": "140410",
        "fs_div": "OFS",
        "fs_nm": "재무제표",
        "sj_div": "BS",
        "sj_nm": "재무상태표",
        "account_nm": "자산총계",
        "thstrm_nm": "제 22 기",
        "thstrm_dt": "2023.12.31 현재",
        "thstrm_amount": "75,078,054,263",
        "frmtrm_nm": "제 21 기",
        "frmtrm_dt": "2022.12.31 현재",
        "frmtrm_amount": "51,178,471,930",
        "bfefrmtrm_nm": "제 20 기",
        "bfefrmtrm_dt": "2021.12.31 현재",
        "bfefrmtrm_amount": "71,356,562,929",
        "ord": "6",
        "currency": "KRW"
    },
    {
        "rcept_no": "20240318000953",
        "reprt_code": "11011",
        "bsns_year": "2023",
        "corp_code": "00808022",
        "stock_code": "140410",
        "fs_div": "OFS",
        "fs_nm": "재무제표",
        "sj_div": "BS",
        "sj_nm": "재무상태표",
        "account_nm": "유동부채",
        "thstrm_nm": "제 22 기",
        "thstrm_dt": "2023.12.31 현재",
        "thstrm_amount": "7,580,140,319",
        "frmtrm_nm": "제 21 기",
        "frmtrm_dt": "2022.12.31 현재",
        "frmtrm_amount": "19,993,418,443",
        "bfefrmtrm_nm": "제 20 기",
        "bfefrmtrm_dt": "2021.12.31 현재",
        "bfefrmtrm_amount": "11,785,327,611",
        "ord": "8",
        "currency": "KRW"
    },
    {
        "rcept_no": "20240318000953",
        "reprt_code": "11011",
        "bsns_year": "2023",
        "corp_code": "00808022",
        "stock_code": "140410",
        "fs_div": "OFS",
        "fs_nm": "재무제표",
        "sj_div": "BS",
        "sj_nm": "재무상태표",
        "account_nm": "비유동부채",
        "thstrm_nm": "제 22 기",
        "thstrm_dt": "2023.12.31 현재",
        "thstrm_amount": "6,408,330,015",
        "frmtrm_nm": "제 21 기",
        "frmtrm_dt": "2022.12.31 현재",
        "frmtrm_amount": "1,635,884,746",
        "bfefrmtrm_nm": "제 20 기",
        "bfefrmtrm_dt": "2021.12.31 현재",
        "bfefrmtrm_amount": "2,761,506,789",
        "ord": "10",
        "currency": "KRW"
    },
    {
        "rcept_no": "20240318000953",
        "reprt_code": "11011",
        "bsns_year": "2023",
        "corp_code": "00808022",
        "stock_code": "140410",
        "fs_div": "OFS",
        "fs_nm": "재무제표",
        "sj_div": "BS",
        "sj_nm": "재무상태표",
        "account_nm": "부채총계",
        "thstrm_nm": "제 22 기",
        "thstrm_dt": "2023.12.31 현재",
        "thstrm_amount": "13,988,470,334",
        "frmtrm_nm": "제 21 기",
        "frmtrm_dt": "2022.12.31 현재",
        "frmtrm_amount": "21,629,303,189",
        "bfefrmtrm_nm": "제 20 기",
        "bfefrmtrm_dt": "2021.12.31 현재",
        "bfefrmtrm_amount": "14,546,834,400",
        "ord": "12",
        "currency": "KRW"
    },
    {
        "rcept_no": "20240318000953",
        "reprt_code": "11011",
        "bsns_year": "2023",
        "corp_code": "00808022",
        "stock_code": "140410",
        "fs_div": "OFS",
        "fs_nm": "재무제표",
        "sj_div": "BS",
        "sj_nm": "재무상태표",
        "account_nm": "자본금",
        "thstrm_nm": "제 22 기",
        "thstrm_dt": "2023.12.31 현재",
        "thstrm_amount": "14,803,694,500",
        "frmtrm_nm": "제 21 기",
        "frmtrm_dt": "2022.12.31 현재",
        "frmtrm_amount": "13,371,009,000",
        "bfefrmtrm_nm": "제 20 기",
        "bfefrmtrm_dt": "2021.12.31 현재",
        "bfefrmtrm_amount": "4,446,353,000",
        "ord": "15",
        "currency": "KRW"
    },
    {
        "rcept_no": "20240318000953",
        "reprt_code": "11011",
        "bsns_year": "2023",
        "corp_code": "00808022",
        "stock_code": "140410",
        "fs_div": "OFS",
        "fs_nm": "재무제표",
        "sj_div": "BS",
        "sj_nm": "재무상태표",
        "account_nm": "이익잉여금",
        "thstrm_nm": "제 22 기",
        "thstrm_dt": "2023.12.31 현재",
        "thstrm_amount": "-124,077,944,379",
        "frmtrm_nm": "제 21 기",
        "frmtrm_dt": "2022.12.31 현재",
        "frmtrm_amount": "-107,743,356,687",
        "bfefrmtrm_nm": "제 20 기",
        "bfefrmtrm_dt": "2021.12.31 현재",
        "bfefrmtrm_amount": "-61,166,477,881",
        "ord": "19",
        "currency": "KRW"
    },
    {
        "rcept_no": "20240318000953",
        "reprt_code": "11011",
        "bsns_year": "2023",
        "corp_code": "00808022",
        "stock_code": "140410",
        "fs_div": "OFS",
        "fs_nm": "재무제표",
        "sj_div": "BS",
        "sj_nm": "재무상태표",
        "account_nm": "자본총계",
        "thstrm_nm": "제 22 기",
        "thstrm_dt": "2023.12.31 현재",
        "thstrm_amount": "61,089,583,929",
        "frmtrm_nm": "제 21 기",
        "frmtrm_dt": "2022.12.31 현재",
        "frmtrm_amount": "29,549,168,741",
        "bfefrmtrm_nm": "제 20 기",
        "bfefrmtrm_dt": "2021.12.31 현재",
        "bfefrmtrm_amount": "56,809,728,529",
        "ord": "22",
        "currency": "KRW"
    }
]