[
    {
        "rcept_no": "20250320001584",
        "reprt_code": "11011",
        "bsns_year": "2024",
        "corp_code": "00808022",
        "stock_code": "140410",
        "fs_div": "CFS",
        "fs_nm": "연결재무제표",
        "sj_div": "BS",
        "sj_nm": "재무상태표",
        "account_nm": "유동자산",
        "thstrm_nm": "제 23 기",
        "thstrm_dt": "2024.12.31 현재",
        "thstrm_amount": "41,925,551,798",
        "frmtrm_nm": "제 22 기",
        "frmtrm_dt": "2023.12.31 현재",
        "frmtrm_amount": "74,243,516,264",
        "bfefrmtrm_nm": "제 21 기",
        "bfefrmtrm_dt": "2022.12.31 현재",
        "bfefrmtrm_amount": "45,897,006,835",
        "ord": "1",
        "currency": "KRW"
    },
    {
        "rcept_no": "20250320001584",
        "reprt_code": "11011",
        "bsns_year": "2024",
        "corp_code": "00808022",
        "stock_code": "140410",
        "fs_div": "CFS",
        "fs_nm": "연결재무제표",
        "sj_div": "BS",
        "sj_nm": "재무상태표",
        "account_nm": "비유동자산",
        "thstrm_nm": "제 23 기",
        "thstrm_dt": "2024.12.31 현재",
        "thstrm_amount": "32,072,126,918",
        "frmtrm_nm": "제 22 기",
        "frmtrm_dt": "2023.12.31 현재",
        "frmtrm_amount": "17,905,837,611",
        "bfefrmtrm_nm": "제 21 기",
        "bfefrmtrm_dt": "2022.12.31 현재",
        "bfefrmtrm_amount": "8,124,834,622",
        "ord": "3",
        "currency": "KRW"
    },
    {
        "rcept_no": "20250320001584",
        "reprt_code": "11011",
        "bsns_year": "2024",
        "corp_code": "00808022",
        "stock_code": "140410",
        "fs_div": "CFS",
        "fs_nm": "연결재무제표",
        "sj_div": "BS",
        "sj_nm": "재무상태표",
        "account_nm": "자산총계",
        "thstrm_nm": "제 23 기",
        "thstrm_dt": "2024.12.31 현재",
        "thstrm_amount": "73,997,678,716",
        "frmtrm_nm": "제 22 기",
        "frmtrm_dt": "2023.12.31 현재",
        "frmtrm_amount": "92,149,353,875",
        "bfefrmtrm_nm": "제 21 기",
        "bfefrmtrm_dt": "2022.12.31 현재",
        "bfefrmtrm_amount": "54,021,841,457",
        "ord": "5",
        "currency": "KRW"
    },
    {
        "rcept_no": "20250320001584",
        "reprt_code": "11011",
        "bsns_year": "2024",
        "corp_code": "00808022",
        "stock_code": "140410",
        "fs_div": "CFS",
        "fs_nm": "연결재무제표",
        "sj_div": "BS",
        "sj_nm": "재무상태표",
        "account_nm": "유동부채",
        "thstrm_nm": "제 23 기",
        "thstrm_dt": "2024.12.31 현재",
        "thstrm_amount": "26,670,294,572",
        "frmtrm_nm": "제 22 기",
        "frmtrm_dt": "2023.12.31 현재",
        "frmtrm_amount": "29,615,262,759",
        "bfefrmtrm_nm": "제 21 기",
        "bfefrmtrm_dt": "2022.12.31 현재",
        "bfefrmtrm_amount": "26,080,010,640",
        "ord": "7",
        "currency": "KRW"
    },
    {
        "rcept_no": "20250320001584",
        "reprt_code": "11011",
        "bsns_year": "2024",
        "corp_code": "00808022",
        "stock_code": "140410",
        "fs_div": "CFS",
        "fs_nm": "연결재무제표",
        "sj_div": "BS",
        "sj_nm": "재무상태표",
        "account_nm": "비유동부채",
        "thstrm_nm": "제 23 기",
        "thstrm_dt": "2024.12.31 현재",
        "thstrm_amount": "1,264,872,341",
        "frmtrm_nm": "제 22 기",
        "frmtrm_dt": "2023.12.31 현재",
        "frmtrm_amount": "1,089,728,249",
        "bfefrmtrm_nm": "제 21 기",
        "bfefrmtrm_dt": "2022.12.31 현재",
        "bfefrmtrm_amount": "1,701,778,010",
        "ord": "9",
        "currency": "KRW"
    },
    {
        "rcept_no": "20250320001584",
        "reprt_code": "11011",
        "bsns_year": "2024",
        "corp_code": "00808022",
        "stock_code": "140410",
        "fs_div": "CFS",
        "fs_nm": "연결재무제표",
        "sj_div": "BS",
        "sj_nm": "재무상태표",
        "account_nm": "부채총계",
        "thstrm_nm": "제 23 기",
        "thstrm_dt": "2024.12.31 현재",
        "thstrm_amount": "27,935,166,913",
        "frmtrm_nm": "제 22 기",
        "frmtrm_dt": "2023.12.31 현재",
        "frmtrm_amount": "30,704,991,008",
        "bfefrmtrm_nm": "제 21 기",
        "bfefrmtrm_dt": "2022.12.31 현재",
        "bfefrmtrm_amount": "27,781,788,650",
        "ord": "11",
        "currency": "KRW"
    },
    {
        "rcept_no": "20250320001584",
        "reprt_code": "11011",
        "bsns_year": "2024",
        "corp_code": "00808022",
        "stock_code": "140410",
        "fs_div": "CFS",
        "fs_nm": "연결재무제표",
        "sj_div": "BS",
        "sj_nm": "재무상태표",
        "account_nm": "자본금",
        "thstrm_nm": "제 23 기",
        "thstrm_dt": "2024.12.31 현재",
        "thstrm_amount": "14,981,668,500",
        "frmtrm_nm": "제 22 기",
        "frmtrm_dt": "2023.12.31 현재",
        "frmtrm_amount": "14,803,694,500",
        "bfefrmtrm_nm": "제 21 기",
        "bfefrmtrm_dt": "2022.12.31 현재",
        "bfefrmtrm_amount": "13,371,009,000",
        "ord": "13",
        "currency": "KRW"
    },
    {
        "rcept_no": "20250320001584",
        "reprt_code": "11011",
        "bsns_year": "2024",
        "corp_code": "00808022",
        "stock_code": "140410",
        "fs_div": "CFS",
        "fs_nm": "연결재무제표",
        "sj_div": "BS",
        "sj_nm": "재무상태표",
        "account_nm": "이익잉여금",
        "thstrm_nm": "제 23 기",
        "thstrm_dt": "2024.12.31 현재",
        "thstrm_amount": "-143,148,358,267",
        "frmtrm_nm": "제 22 기",
        "frmtrm_dt": "2023.12.31 현재",
        "frmtrm_amount": "-123,723,165,441",
        "bfefrmtrm_nm": "제 21 기",
        "bfefrmtrm_dt": "2022.12.31 현재",
        "bfefrmtrm_amount": "-111,052,472,621",
        "ord": "17",
        "currency": "KRW"
    },
    {
        "rcept_no": "20250320001584",
        "reprt_code": "11011",
        "bsns_year": "2024",
        "corp_code": "00808022",
        "stock_code": "140410",
        "fs_div": "CFS",
        "fs_nm": "연결재무제표",
        "sj_div": "BS",
        "sj_nm": "재무상태표",
        "account_nm": "자본총계",
        "thstrm_nm": "제 23 기",
        "thstrm_dt": "2024.12.31 현재",
        "thstrm_amount": "46,062,511,803",
        "frmtrm_nm": "제 22 기",
        "frmtrm_dt": "2023.12.31 현재",
        "frmtrm_amount": "61,444,362,867",
        "bfefrmtrm_nm": "제 21 기",
        "bfefrmtrm_dt": "2022.12.31 현재",
        "bfefrmtrm_amount": "26,240,052,807",
        "ord": "21",
        "currency": "KRW"
    },
    {
        "rcept_no": "20250320001584",
        "reprt_code": "11011",
        "bsns_year": "2024",
        "corp_code": "00808022",
        "stock_code": "140410",
        "fs_div": "OFS",
        "fs_nm": "재무제표",
        "sj_div": "BS",
        "sj_nm": "재무상태표",
        "account_nm": "유동자산",
        "thstrm_nm": "제 23 기",
        "thstrm_dt": "2024.12.31 현재",
        "thstrm_amount": "35,074,620,928",
        "frmtrm_nm": "제 22 기",
        "frmtrm_dt": "2023.12.31 현재",
        "frmtrm_amount": "67,243,968,915",
        "bfefrmtrm_nm": "제 21 기",
        "bfefrmtrm_dt": "2022.12.31 현재",
        "bfefrmtrm_amount": "44,012,688,363",
        "ord": "2",
        "currency": "KRW"
    },
    {
        "rcept_no": "20250320001584",
        "reprt_code": "11011",
        "bsns_year": "2024",
        "corp_code": "00808022",
        "stock_code": "140410",
        "fs_div": "OFS",
        "fs_nm": "재무제표",
        "sj_div": "BS",
        "sj_nm": "재무상태표",
        "account_nm": "비유동자산",
        "thstrm_nm": "제 23 기",
        "thstrm_dt": "2024.12.31 현재",
        "thstrm_amount": "27,096,756,225",
        "frmtrm_nm": "제 22 기",
        "frmtrm_dt": "2023.12.31 현재",
        "frmtrm_amount": "7,834,085,348",
        "bfefrmtrm_nm": "제 21 기",
        "bfefrmtrm_dt": "2022.12.31 현재",
        "bfefrmtrm_amount": "7,165,783,567",
        "ord": "4",
        "currency": "KRW"
    },
    {
        "rcept_no": "20250320001584",
        "reprt_code": "11011",
        "bsns_year": "2024",
        "corp_code": "00808022",
        "stock_code": "140410",
        "fs_div": "OFS",
        "fs_nm": "재무제표",
        "sj_div": "BS",
        "sj_nm": "재무상태표",
        "account_nm": "자산총계",
        "thstrm_nm": "제 23 기",
        "thstrm_dt": "2024.12.31 현재",
        "thstrm_amount": "62,171,377,153",
        "frmtrm_nm": "제 22 기",
        "frmtrm_dt": "2023.12.31 현재",
        "frmtrm_amount": "75,078,054,263",
        "bfefrmtrm_nm": "제 21 기",
        "bfefrmtrm_dt": "2022.12.31 현재",
        "bfefrmtrm_amount": "51,178,471,930",
        "ord": "6",
        "currency": "KRW"
    },
    {
        "rcept_no": "20250320001584",
        "reprt_code": "11011",
        "bsns_year": "2024",
        "corp_code": "00808022",
        "stock_code": "140410",
        "fs_div": "OFS",
        "fs_nm": "재무제표",
        "sj_div": "BS",
        "sj_nm": "재무상태표",
        "account_nm": "유동부채",
        "thstrm_nm": "제 23 기",
        "thstrm_dt": "2024.12.31 현재",
        "thstrm_amount": "7,465,608,184",
        "frmtrm_nm": "제 22 기",
        "frmtrm_dt": "2023.12.31 현재",
        "frmtrm_amount": "7,580,140,319",
        "bfefrmtrm_nm": "제 21 기",
        "bfefrmtrm_dt": "2022.12.31 현재",
        "bfefrmtrm_amount": "19,993,418,443",
        "ord": "8",
        "currency": "KRW"
    },
    {
        "rcept_no": "20250320001584",
        "reprt_code": "11011",
        "bsns_year": "2024",
        "corp_code": "00808022",
        "stock_code": "140410",
        "fs_div": "OFS",
        "fs_nm": "재무제표",
        "sj_div": "BS",
        "sj_nm": "재무상태표",
        "account_nm": "비유동부채",
        "thstrm_nm": "제 23 기",
        "thstrm_dt": "2024.12.31 현재",
        "thstrm_amount": "9,443,303,300",
        "frmtrm_nm": "제 22 기",
        "frmtrm_dt": "2023.12.31 현재",
        "frmtrm_amount": "6,408,330,015",
        "bfefrmtrm_nm": "제 21 기",
        "bfefrmtrm_dt": "2022.12.31 현재",
        "bfefrmtrm_amount": "1,635,884,746",
        "ord": "10",
        "currency": "KRW"
    },
    {
        "rcept_no": "20250320001584",
        "reprt_code": "11011",
        "bsns_year": "2024",
        "corp_code": "00808022",
        "stock_code": "140410",
        "fs_div": "OFS",
        "fs_nm": "재무제표",
        "sj_div": "BS",
        "sj_nm": "재무상태표",
        "account_nm": "부채총계",
        "thstrm_nm": "제 23 기",
        "thstrm_dt": "2024.12.31 현재",
        "thstrm_amount": "16,908,911,484",
        "frmtrm_nm": "제 22 기",
        "frmtrm_dt": "2023.12.31 현재",
        "frmtrm_amount": "13,988,470,334",
        "bfefrmtrm_nm": "제 21 기",
        "bfefrmtrm_dt": "2022.12.31 현재",
        "bfefrmtrm_amount": "21,629,303,189",
        "ord": "12",
        "currency": "KRW"
    },
    {
        "rcept_no": "20250320001584",
        "reprt_code": "11011",
        "bsns_year": "2024",
        "corp_code": "00808022",
        "stock_code": "140410",
        "fs_div": "OFS",
        "fs_nm": "재무제표",
        "sj_div": "BS",
        "sj_nm": "재무상태표",
        "account_nm": "자본금",
        "thstrm_nm": "제 23 기",
        "thstrm_dt": "2024.12.31 현재",
        "thstrm_amount": "14,981,668,500",
        "frmtrm_nm": "제 22 기",
        "frmtrm_dt": "2023.12.31 현재",
        "frmtrm_amount": "14,803,694,500",
        "bfefrmtrm_nm": "제 21 기",
        "bfefrmtrm_dt": "2022.12.31 현재",
        "bfefrmtrm_amount": "13,371,009,000",
        "ord": "15",
        "currency": "KRW"
    },
    {
        "rcept_no": "20250320001584",
        "reprt_code": "11011",
        "bsns_year": "2024",
        "corp_code": "00808022",
        "stock_code": "140410",
        "fs_div": "OFS",
        "fs_nm": "재무제표",
        "sj_div": "BS",
        "sj_nm": "재무상태표",
        "account_nm": "이익잉여금",
        "thstrm_nm": "제 23 기",
        "thstrm_dt": "2024.12.31 현재",
        "thstrm_amount": "-133,808,026,029",
        "frmtrm_nm": "제 22 기",
        "frmtrm_dt": "2023.12.31 현재",
        "frmtrm_amount": "-124,077,944,379",
        "bfefrmtrm_nm": "제 21 기",
        "bfefrmtrm_dt": "2022.12.31 현재",
        "bfefrmtrm_amount": "-107,743,356,687",
        "ord": "19",
        "currency": "KRW"
    },
    {
        "rcept_no": "20250320001584",
        "reprt_code": "11011",
        "bsns_year": "2024",
        "corp_code": "00808022",
        "stock_code": "140410",
        "fs_div": "OFS",
        "fs_nm": "재무제표",
        "sj_div": "BS",
        "sj_nm": "재무상태표",
        "account_nm": "자본총계",
        "thstrm_nm": "제 23 기",
        "thstrm_dt": "2024.12.31 현재",
        "thstrm_amount": "45,262,465,669",
        "frmtrm_nm": "제 22 기",
        "frmtrm_dt": "2023.12.31 현재",
        "frmtrm_amount": "61,089,583,929",
        "bfefrmtrm_nm": "제 21 기",
        "bfefrmtrm_dt": "2022.12.31 현재",
        "bfefrmtrm_amount": "29,549,168,741",
        "ord": "22",
        "currency": "KRW"
    }
]