[
    {
        "rcept_no": "20230323001355",
        "reprt_code": "11011",
        "bsns_year": "2022",
        "corp_code": "00808022",
        "stock_code": "140410",
        "fs_div": "CFS",
        "fs_nm": "연결재무제표",
        "sj_div": "BS",
        "sj_nm": "재무상태표",
        "account_nm": "유동자산",
        "thstrm_nm": "제 21 기",
        "thstrm_dt": "2022.12.31 현재",
        "thstrm_amount": "45,897,006,835",
        "frmtrm_nm": "제 20 기",
        "frmtrm_dt": "2021.12.31 현재",
        "frmtrm_amount": "64,174,204,948",
        "bfefrmtrm_nm": "제 19 기",
        "bfefrmtrm_dt": "2020.12.31 현재",
        "bfefrmtrm_amount": "60,668,763,208",
        "ord": "1",
        "currency": "KRW"
    },
    {
        "rcept_no": "20230323001355",
        "reprt_code": "11011",
        "bsns_year": "2022",
        "corp_code": "00808022",
        "stock_code": "140410",
        "fs_div": "CFS",
        "fs_nm": "연결재무제표",
        "sj_div": "BS",
        "sj_nm": "재무상태표",
        "account_nm": "비유동자산",
        "thstrm_nm": "제 21 기",
        "thstrm_dt": "2022.12.31 현재",
        "thstrm_amount": "8,124,834,622",
        "frmtrm_nm": "제 20 기",
        "frmtrm_dt": "2021.12.31 현재",
        "frmtrm_amount": "19,760,368,726",
        "bfefrmtrm_nm": "제 19 기",
        "bfefrmtrm_dt": "2020.12.31 현재",
        "bfefrmtrm_amount": "14,956,670,609",
        "ord": "3",
        "currency": "KRW"
    },
    {
        "rcept_no": "20230323001355",
        "reprt_code": "11011",
        "bsns_year": "2022",
        "corp_code": "00808022",
        "stock_code": "140410",
        "fs_div": "CFS",
        "fs_nm": "연결재무제표",
        "sj_div": "BS",
        "sj_nm": "재무상태표",
        "account_nm": "자산총계",
        "thstrm_nm": "제 21 기",
        "thstrm_dt": "2022.12.31 현재",
        "thstrm_amount": "54,021,841,457",
        "frmtrm_nm": "제 20 기",
        "frmtrm_dt": "2021.12.31 현재",
        "frmtrm_amount": "83,934,573,674",
        "bfefrmtrm_nm": "제 19 기",
        "bfefrmtrm_dt": "2020.12.31 현재",
        "bfefrmtrm_amount": "75,625,433,817",
        "ord": "5",
        "currency": "KRW"
    },
    {
        "rcept_no": "20230323001355",
        "reprt_code": "11011",
        "bsns_year": "2022",
        "corp_code": "00808022",
        "stock_code": "140410",
        "fs_div": "CFS",
        "fs_nm": "연결재무제표",
        "sj_div": "BS",
        "sj_nm": "재무상태표",
        "account_nm": "유동부채",
        "thstrm_nm": "제 21 기",
        "thstrm_dt": "2022.12.31 현재",
        "thstrm_amount": "26,080,010,640",
        "frmtrm_nm": "제 20 기",
        "frmtrm_dt": "2021.12.31 현재",
        "frmtrm_amount": "18,496,574,941",
        "bfefrmtrm_nm": "제 19 기",
        "bfefrmtrm_dt": "2020.12.31 현재",
        "bfefrmtrm_amount": "15,514,220,835",
        "ord": "7",
        "currency": "KRW"
    },
    {
        "rcept_no": "20230323001355",
        "reprt_code": "11011",
        "bsns_year": "2022",
        "corp_code": "00808022",
        "stock_code": "140410",
        "fs_div": "CFS",
        "fs_nm": "연결재무제표",
        "sj_div": "BS",
        "sj_nm": "재무상태표",
        "account_nm": "비유동부채",
        "thstrm_nm": "제 21 기",
        "thstrm_dt": "2022.12.31 현재",
        "thstrm_amount": "1,701,778,010",
        "frmtrm_nm": "제 20 기",
        "frmtrm_dt": "2021.12.31 현재",
        "frmtrm_amount": "2,644,500,476",
        "bfefrmtrm_nm": "제 19 기",
        "bfefrmtrm_dt": "2020.12.31 현재",
        "bfefrmtrm_amount": "3,301,484,453",
        "ord": "9",
        "currency": "KRW"
    },
    {
        "rcept_no": "20230323001355",
        "reprt_code": "11011",
        "bsns_year": "2022",
        "corp_code": "00808022",
        "stock_code": "140410",
        "fs_div": "CFS",
        "fs_nm": "연결재무제표",
        "sj_div": "BS",
        "sj_nm": "재무상태표",
        "account_nm": "부채총계",
        "thstrm_nm": "제 21 기",
        "thstrm_dt": "2022.12.31 현재",
        "thstrm_amount": "27,781,788,650",
        "frmtrm_nm": "제 20 기",
        "frmtrm_dt": "2021.12.31 현재",
        "frmtrm_amount": "21,141,075,417",
        "bfefrmtrm_nm": "제 19 기",
        "bfefrmtrm_dt": "2020.12.31 현재",
        "bfefrmtrm_amount": "18,815,705,288",
        "ord": "11",
        "currency": "KRW"
    },
    {
        "rcept_no": "20230323001355",
        "reprt_code": "11011",
        "bsns_year": "2022",
        "corp_code": "00808022",
        "stock_code": "140410",
        "fs_div": "CFS",
        "fs_nm": "연결재무제표",
        "sj_div": "BS",
        "sj_nm": "재무상태표",
        "account_nm": "자본금",
        "thstrm_nm": "제 21 기",
        "thstrm_dt": "2022.12.31 현재",
        "thstrm_amount": "13,371,009,000",
        "frmtrm_nm": "제 20 기",
        "frmtrm_dt": "2021.12.31 현재",
        "frmtrm_amount": "4,450,503,000",
        "bfefrmtrm_nm": "제 19 기",
        "bfefrmtrm_dt": "2020.12.31 현재",
        "bfefrmtrm_amount": "4,446,353,000",
        "ord": "13",
        "currency": "KRW"
    },
    {
        "rcept_no": "20230323001355",
        "reprt_code": "11011",
        "bsns_year": "2022",
        "corp_code": "00808022",
        "stock_code": "140410",
        "fs_div": "CFS",
        "fs_nm": "연결재무제표",
        "sj_div": "BS",
        "sj_nm": "재무상태표",
        "account_nm": "이익잉여금",
        "thstrm_nm": "제 21 기",
        "thstrm_dt": "2022.12.31 현재",
        "thstrm_amount": "-111,052,472,621",
        "frmtrm_nm": "제 20 기",
        "frmtrm_dt": "2021.12.31 현재",
        "frmtrm_amount": "-74,788,578,927",
        "bfefrmtrm_nm": "제 19 기",
        "bfefrmtrm_dt": "2020.12.31 현재",
        "bfefrmtrm_amount": "-61,166,477,881",
        "ord": "17",
        "currency": "KRW"
    },
    {
        "rcept_no": "20230323001355",
        "reprt_code": "11011",
        "bsns_year": "2022",
        "corp_code": "00808022",
        "stock_code": "140410",
        "fs_div": "CFS",
        "fs_nm": "연결재무제표",
        "sj_div": "BS",
        "sj_nm": "재무상태표",
        "account_nm": "자본총계",
        "thstrm_nm": "제 21 기",
        "thstrm_dt": "2022.12.31 현재",
        "thstrm_amount": "26,240,052,807",
        "frmtrm_nm": "제 20 기",
        "frmtrm_dt": "2021.12.31 현재",
        "frmtrm_amount": "62,793,498,257",
        "bfefrmtrm_nm": "제 19 기",
        "bfefrmtrm_dt": "2020.12.31 현재",
        "bfefrmtrm_amount": "56,809,728,529",
        "ord": "21",
        "currency": "KRW"
    },
    {
        "rcept_no": "20230323001355",
        "reprt_code": "11011",
        "bsns_year": "2022",
        "corp_code": "00808022",
        "stock_code": "140410",
        "fs_div": "OFS",
        "fs_nm": "재무제표",
        "sj_div": "BS",
        "sj_nm": "재무상태표",
        "account_nm": "유동자산",
        "thstrm_nm": "제 21 기",
        "thstrm_dt": "2022.12.31 현재",
        "thstrm_amount": "44,012,688,363",
        "frmtrm_nm": "제 20 기",
        "frmtrm_dt": "2021.12.31 현재",
        "frmtrm_amount": "59,603,442,006",
        "bfefrmtrm_nm": "제 19 기",
        "bfefrmtrm_dt": "2020.12.31 현재",
        "bfefrmtrm_amount": "59,523,225,621",
        "ord": "2",
        "currency": "KRW"
    },
    {
        "rcept_no": "20230323001355",
        "reprt_code": "11011",
        "bsns_year": "2022",
        "corp_code": "00808022",
        "stock_code": "140410",
        "fs_div": "OFS",
        "fs_nm": "재무제표",
        "sj_div": "BS",
        "sj_nm": "재무상태표",
        "account_nm": "비유동자산",
        "thstrm_nm": "제 21 기",
        "thstrm_dt": "2022.12.31 현재",
        "thstrm_amount": "7,165,783,567",
        "frmtrm_nm": "제 20 기",
        "frmtrm_dt": "2021.12.31 현재",
        "frmtrm_amount": "22,193,800,684",
        "bfefrmtrm_nm": "제 19 기",
        "bfefrmtrm_dt": "2020.12.31 현재",
        "bfefrmtrm_amount": "11,833,337,308",
        "ord": "4",
        "currency": "KRW"
    },
    {
        "rcept_no": "20230323001355",
        "reprt_code": "11011",
        "bsns_year": "2022",
        "corp_code": "00808022",
        "stock_code": "140410",
        "fs_div": "OFS",
        "fs_nm": "재무제표",
        "sj_div": "BS",
        "sj_nm": "재무상태표",
        "account_nm": "자산총계",
        "thstrm_nm": "제 21 기",
        "thstrm_dt": "2022.12.31 현재",
        "thstrm_amount": "51,178,471,930",
        "frmtrm_nm": "제 20 기",
        "frmtrm_dt": "2021.12.31 현재",
        "frmtrm_amount": "81,797,242,690",
        "bfefrmtrm_nm": "제 19 기",
        "bfefrmtrm_dt": "2020.12.31 현재",
        "bfefrmtrm_amount": "71,356,562,929",
        "ord": "6",
        "currency": "KRW"
    },
    {
        "rcept_no": "20230323001355",
        "reprt_code": "11011",
        "bsns_year": "2022",
        "corp_code": "00808022",
        "stock_code": "140410",
        "fs_div": "OFS",
        "fs_nm": "재무제표",
        "sj_div": "BS",
        "sj_nm": "재무상태표",
        "account_nm": "유동부채",
        "thstrm_nm": "제 21 기",
        "thstrm_dt": "2022.12.31 현재",
        "thstrm_amount": "19,993,418,443",
        "frmtrm_nm": "제 20 기",
        "frmtrm_dt": "2021.12.31 현재",
        "frmtrm_amount": "16,642,378,108",
        "bfefrmtrm_nm": "제 19 기",
        "bfefrmtrm_dt": "2020.12.31 현재",
        "bfefrmtrm_amount": "11,785,327,611",
        "ord": "8",
        "currency": "KRW"
    },
    {
        "rcept_no": "20230323001355",
        "reprt_code": "11011",
        "bsns_year": "2022",
        "corp_code": "00808022",
        "stock_code": "140410",
        "fs_div": "OFS",
        "fs_nm": "재무제표",
        "sj_div": "BS",
        "sj_nm": "재무상태표",
        "account_nm": "비유동부채",
        "thstrm_nm": "제 21 기",
        "thstrm_dt": "2022.12.31 현재",
        "thstrm_amount": "1,635,884,746",
        "frmtrm_nm": "제 20 기",
        "frmtrm_dt": "2021.12.31 현재",
        "frmtrm_amount": "2,361,366,325",
        "bfefrmtrm_nm": "제 19 기",
        "bfefrmtrm_dt": "2020.12.31 현재",
        "bfefrmtrm_amount": "2,761,506,789",
        "ord": "10",
        "currency": "KRW"
    },
    {
        "rcept_no": "20230323001355",
        "reprt_code": "11011",
        "bsns_year": "2022",
        "corp_code": "00808022",
        "stock_code": "140410",
        "fs_div": "OFS",
        "fs_nm": "재무제표",
        "sj_div": "BS",
        "sj_nm": "재무상태표",
        "account_nm": "부채총계",
        "thstrm_nm": "제 21 기",
        "thstrm_dt": "2022.12.31 현재",
        "thstrm_amount": "21,629,303,189",
        "frmtrm_nm": "제 20 기",
        "frmtrm_dt": "2021.12.31 현재",
        "frmtrm_amount": "19,003,744,433",
        "bfefrmtrm_nm": "제 19 기",
        "bfefrmtrm_dt": "2020.12.31 현재",
        "bfefrmtrm_amount": "14,546,834,400",
        "ord": "12",
        "currency": "KRW"
    },
    {
        "rcept_no": "20230323001355",
        "reprt_code": "11011",
        "bsns_year": "2022",
        "corp_code": "00808022",
        "stock_code": "140410",
        "fs_div": "OFS",
        "fs_nm": "재무제표",
        "sj_div": "BS",
        "sj_nm": "재무상태표",
        "account_nm": "자본금",
        "thstrm_nm": "제 21 기",
        "thstrm_dt": "2022.12.31 현재",
        "thstrm_amount": "13,371,009,000",
        "frmtrm_nm": "제 20 기",
        "frmtrm_dt": "2021.12.31 현재",
        "frmtrm_amount": "4,450,503,000",
        "bfefrmtrm_nm": "제 19 기",
        "bfefrmtrm_dt": "2020.12.31 현재",
        "bfefrmtrm_amount": "4,446,353,000",
        "ord": "15",
        "currency": "KRW"
    },
    {
        "rcept_no": "20230323001355",
        "reprt_code": "11011",
        "bsns_year": "2022",
        "corp_code": "00808022",
        "stock_code": "140410",
        "fs_div": "OFS",
        "fs_nm": "재무제표",
        "sj_div": "BS",
        "sj_nm": "재무상태표",
        "account_nm": "이익잉여금",
        "thstrm_nm": "제 21 기",
        "thstrm_dt": "2022.12.31 현재",
        "thstrm_amount": "-107,743,356,687",
        "frmtrm_nm": "제 20 기",
        "frmtrm_dt": "2021.12.31 현재",
        "frmtrm_amount": "-74,788,578,927",
        "bfefrmtrm_nm": "제 19 기",
        "bfefrmtrm_dt": "2020.12.31 현재",
        "bfefrmtrm_amount": "-61,166,477,881",
        "ord": "19",
        "currency": "KRW"
    },
    {
        "rcept_no": "20230323001355",
        "reprt_code": "11011",
        "bsns_year": "2022",
        "corp_code": "00808022",
        "stock_code": "140410",
        "fs_div": "OFS",
        "fs_nm": "재무제표",
        "sj_div": "BS",
        "sj_nm": "재무상태표",
        "account_nm": "자본총계",
        "thstrm_nm": "제 21 기",
        "thstrm_dt": "2022.12.31 현재",
        "thstrm_amount": "29,549,168,741",
        "frmtrm_nm": "제 20 기",
        "frmtrm_dt": "2021.12.31 현재",
        "frmtrm_amount": "62,793,498,257",
        "bfefrmtrm_nm": "제 19 기",
        "bfefrmtrm_dt": "2020.12.31 현재",
        "bfefrmtrm_amount": "56,809,728,529",
        "ord": "22",
        "currency": "KRW"
    }
]