[
    {
        "rcept_no": "20230323001355",
        "reprt_code": "11011",
        "bsns_year": "2022",
        "corp_code": "00808022",
        "stock_code": "140410",
        "fs_div": "CFS",
        "fs_nm": "연결재무제표",
        "sj_div": "IS",
        "sj_nm": "손익계산서",
        "account_nm": "영업이익",
        "thstrm_nm": "제 21 기",
        "thstrm_dt": "2022.01.01 ~ 2022.12.31",
        "thstrm_amount": "-23,331,280,109",
        "frmtrm_nm": "제 20 기",
        "frmtrm_dt": "2021.01.01 ~ 2021.12.31",
        "frmtrm_amount": "-16,797,556,309",
        "bfefrmtrm_nm": "제 19 기",
        "bfefrmtrm_dt": "2020.01.01 ~ 2020.12.31",
        "bfefrmtrm_amount": "-7,530,525,117",
        "ord": "25",
        "currency": "KRW"
    },
    {
        "rcept_no": "20230323001355",
        "reprt_code": "11011",
        "bsns_year": "2022",
        "corp_code": "00808022",
        "stock_code": "140410",
        "fs_div": "CFS",
        "fs_nm": "연결재무제표",
        "sj_div": "IS",
        "sj_nm": "손익계산서",
        "account_nm": "법인세차감전 순이익",
        "thstrm_nm": "제 21 기",
        "thstrm_dt": "2022.01.01 ~ 2022.12.31",
        "thstrm_amount": "-35,909,597,525",
        "frmtrm_nm": "제 20 기",
        "frmtrm_dt": "2021.01.01 ~ 2021.12.31",
        "frmtrm_amount": "-13,025,609,762",
        "bfefrmtrm_nm": "제 19 기",
        "bfefrmtrm_dt": "2020.01.01 ~ 2020.12.31",
        "bfefrmtrm_amount": "-12,836,486,686",
        "ord": "27",
        "currency": "KRW"
    },
    {
        "rcept_no": "20230323001355",
        "reprt_code": "11011",
        "bsns_year": "2022",
        "corp_code": "00808022",
        "stock_code": "140410",
        "fs_div": "OFS",
        "fs_nm": "재무제표",
        "sj_div": "IS",
        "sj_nm": "손익계산서",
        "account_nm": "영업이익",
        "thstrm_nm": "제 21 기",
        "thstrm_dt": "2022.01.01 ~ 2022.12.31",
        "thstrm_amount": "-7,810,324,077",
        "frmtrm_nm": "제 20 기",
        "frmtrm_dt": "2021.01.01 ~ 2021.12.31",
        "frmtrm_amount": "-5,652,053,249",
        "bfefrmtrm_nm": "제 19 기",
        "bfefrmtrm_dt": "2020.01.01 ~ 2020.12.31",
        "bfefrmtrm_amount": "448,120,057",
        "ord": "26",
        "currency": "KRW"
    },
    {
        "rcept_no": "20230323001355",
        "reprt_code": "11011",
        "bsns_year": "2022",
        "corp_code": "00808022",
        "stock_code": "140410",
        "fs_div": "OFS",
        "fs_nm": "재무제표",
        "sj_div": "IS",
        "sj_nm": "손익계산서",
        "account_nm": "법인세차감전 순이익",
        "thstrm_nm": "제 21 기",
        "thstrm_dt": "2022.01.01 ~ 2022.12.31",
        "thstrm_amount": "-32,600,481,591",
        "frmtrm_nm": "제 20 기",
        "frmtrm_dt": "2021.01.01 ~ 2021.12.31",
        "frmtrm_amount": "-13,025,609,762",
        "bfefrmtrm_nm": "제 19 기",
        "bfefrmtrm_dt": "2020.01.01 ~ 2020.12.31",
        "bfefrmtrm_amount": "-15,767,630,163",
        "ord": "28",
        "currency": "KRW"
    }
]