[
    {
        "rcept_no": "20250320001584",
        "reprt_code": "11011",
        "bsns_year": "2024",
        "corp_code": "00808022",
        "stock_code": "140410",
        "fs_div": "CFS",
        "fs_nm": "연결재무제표",
        "sj_div": "IS",
        "sj_nm": "손익계산서",
        "account_nm": "영업이익",
        "thstrm_nm": "제 23 기",
        "thstrm_dt": "2024.01.01 ~ 2024.12.31",
        "thstrm_amount": "-14,299,550,646",
        "frmtrm_nm": "제 22 기",
        "frmtrm_dt": "2023.01.01 ~ 2023.12.31",
        "frmtrm_amount": "-14,488,566,140",
        "bfefrmtrm_nm": "제 21 기",
        "bfefrmtrm_dt": "2022.01.01 ~ 2022.12.31",
        "bfefrmtrm_amount": "-23,331,280,109",
        "ord": "25",
        "currency": "KRW"
    },
    {
        "rcept_no": "20250320001584",
        "reprt_code": "11011",
        "bsns_year": "2024",
        "corp_code": "00808022",
        "stock_code": "140410",
        "fs_div": "CFS",
        "fs_nm": "연결재무제표",
        "sj_div": "IS",
        "sj_nm": "손익계산서",
        "account_nm": "법인세차감전 순이익",
        "thstrm_nm": "제 23 기",
        "thstrm_dt": "2024.01.01 ~ 2024.12.31",
        "thstrm_amount": "-14,533,803,601",
        "frmtrm_nm": "제 22 기",
        "frmtrm_dt": "2023.01.01 ~ 2023.12.31",
        "frmtrm_amount": "-12,480,302,926",
        "bfefrmtrm_nm": "제 21 기",
        "bfefrmtrm_dt": "2022.01.01 ~ 2022.12.31",
        "bfefrmtrm_amount": "-35,909,597,525",
        "ord": "27",
        "currency": "KRW"
    },
    {
        "rcept_no": "20250320001584",
        "reprt_code": "11011",
        "bsns_year": "2024",
        "corp_code": "00808022",
        "stock_code": "140410",
        "fs_div": "CFS",
        "fs_nm": "연결재무제표",
        "sj_div": "IS",
        "sj_nm": "손익계산서",
        "account_nm": "당기순이익",
        "thstrm_nm": "제 23 기",
        "thstrm_dt": "2024.01.01 ~ 2024.12.31",
        "thstrm_amount": "-19,476,774,574",
        "frmtrm_nm": "제 22 기",
        "frmtrm_dt": "2023.01.01 ~ 2023.12.31",
        "frmtrm_amount": "-12,728,376,387",
        "bfefrmtrm_nm": "제 21 기",
        "bfefrmtrm_dt": "2022.01.01 ~ 2022.12.31",
        "bfefrmtrm_amount": "-36,297,830,143",
        "ord": "29",
        "currency": "KRW"
    },
    {
        "rcept_no": "20250320001584",
        "reprt_code": "11011",
        "bsns_year": "2024",
        "corp_code": "00808022",
        "stock_code": "140410",
        "fs_div": "CFS",
        "fs_nm": "연결재무제표",
        "sj_div": "IS",
        "sj_nm": "손익계산서",
        "account_nm": "당기순이익(손실)",
        "thstrm_nm": "제 23 기",
        "thstrm_dt": "2024.01.01 ~ 2024.12.31",
        "thstrm_amount": "-19,476,774,574",
        "frmtrm_nm": "제 22 기",
        "frmtrm_dt": "2023.01.01 ~ 2023.12.31",
        "frmtrm_amount": "-12,728,376,387",
        "bfefrmtrm_nm": "제 21 기",
        "bfefrmtrm_dt": "2022.01.01 ~ 2022.12.31",
        "bfefrmtrm_amount": "-36,297,830,143",
        "ord": "61",
        "currency": "KRW"
    },
    {
        "rcept_no": "20250320001584",
        "reprt_code": "11011",
        "bsns_year": "2024",
        "corp_code": "00808022",
        "stock_code": "140410",
        "fs_div": "CFS",
        "fs_nm": "연결재무제표",
        "sj_div": "IS",
        "sj_nm": "손익계산서",
        "account_nm": "총포괄손익",
        "thstrm_nm": "제 23 기",
        "thstrm_dt": "2024.01.01 ~ 2024.12.31",
        "thstrm_amount": "-18,290,187,433",
        "frmtrm_nm": "제 22 기",
        "frmtrm_dt": "2023.01.01 ~ 2023.12.31",
        "frmtrm_amount": "-13,866,078,875",
        "bfefrmtrm_nm": "제 21 기",
        "bfefrmtrm_dt": "2022.01.01 ~ 2022.12.31",
        "bfefrmtrm_amount": "-38,158,212,958",
        "ord": "63",
        "currency": "KRW"
    },
    {
        "rcept_no": "20250320001584",
        "reprt_code": "11011",
        "bsns_year": "2024",
        "corp_code": "00808022",
        "stock_code": "140410",
        "fs_div": "CFS",
        "fs_nm": "연결재무제표",
        "sj_div": "IS",
        "sj_nm": "손익계산서",
        "account_nm": "영업비용",
        "thstrm_nm": "제 23 기",
        "thstrm_dt": "2024.01.01 ~ 2024.12.31",
        "thstrm_amount": "22,911,171,526",
        "frmtrm_nm": "제 22 기",
        "frmtrm_dt": "2023.01.01 ~ 2023.12.31",
        "frmtrm_amount": "46,209,498,372",
        "bfefrmtrm_nm": "제 21 기",
        "bfefrmtrm_dt": "2022.01.01 ~ 2022.12.31",
        "bfefrmtrm_amount": "54,057,456,499",
        "ord": "65",
        "currency": "KRW"
    },
    {
        "rcept_no": "20250320001584",
        "reprt_code": "11011",
        "bsns_year": "2024",
        "corp_code": "00808022",
        "stock_code": "140410",
        "fs_div": "OFS",
        "fs_nm": "재무제표",
        "sj_div": "IS",
        "sj_nm": "손익계산서",
        "account_nm": "영업이익",
        "thstrm_nm": "제 23 기",
        "thstrm_dt": "2024.01.01 ~ 2024.12.31",
        "thstrm_amount": "-3,843,688,188",
        "frmtrm_nm": "제 22 기",
        "frmtrm_dt": "2023.01.01 ~ 2023.12.31",
        "frmtrm_amount": "-3,521,464,031",
        "bfefrmtrm_nm": "제 21 기",
        "bfefrmtrm_dt": "2022.01.01 ~ 2022.12.31",
        "bfefrmtrm_amount": "-7,810,324,077",
        "ord": "26",
        "currency": "KRW"
    },
    {
        "rcept_no": "20250320001584",
        "reprt_code": "11011",
        "bsns_year": "2024",
        "corp_code": "00808022",
        "stock_code": "140410",
        "fs_div": "OFS",
        "fs_nm": "재무제표",
        "sj_div": "IS",
        "sj_nm": "손익계산서",
        "account_nm": "법인세차감전 순이익",
        "thstrm_nm": "제 23 기",
        "thstrm_dt": "2024.01.01 ~ 2024.12.31",
        "thstrm_amount": "-4,838,692,425",
        "frmtrm_nm": "제 22 기",
        "frmtrm_dt": "2023.01.01 ~ 2023.12.31",
        "frmtrm_amount": "-16,144,197,798",
        "bfefrmtrm_nm": "제 21 기",
        "bfefrmtrm_dt": "2022.01.01 ~ 2022.12.31",
        "bfefrmtrm_amount": "-32,600,481,591",
        "ord": "28",
        "currency": "KRW"
    },
    {
        "rcept_no": "20250320001584",
        "reprt_code": "11011",
        "bsns_year": "2024",
        "corp_code": "00808022",
        "stock_code": "140410",
        "fs_div": "OFS",
        "fs_nm": "재무제표",
        "sj_div": "IS",
        "sj_nm": "손익계산서",
        "account_nm": "당기순이익",
        "thstrm_nm": "제 23 기",
        "thstrm_dt": "2024.01.01 ~ 2024.12.31",
        "thstrm_amount": "-9,781,663,398",
        "frmtrm_nm": "제 22 기",
        "frmtrm_dt": "2023.01.01 ~ 2023.12.31",
        "frmtrm_amount": "-16,392,271,259",
        "bfefrmtrm_nm": "제 21 기",
        "bfefrmtrm_dt": "2022.01.01 ~ 2022.12.31",
        "bfefrmtrm_amount": "-32,988,714,209",
        "ord": "30",
        "currency": "KRW"
    },
    {
        "rcept_no": "20250320001584",
        "reprt_code": "11011",
        "bsns_year": "2024",
        "corp_code": "00808022",
        "stock_code": "140410",
        "fs_div": "OFS",
        "fs_nm": "재무제표",
        "sj_div": "IS",
        "sj_nm": "손익계산서",
        "account_nm": "당기순이익(손실)",
        "thstrm_nm": "제 23 기",
        "thstrm_dt": "2024.01.01 ~ 2024.12.31",
        "thstrm_amount": "-9,781,663,398",
        "frmtrm_nm": "제 22 기",
        "frmtrm_dt": "2023.01.01 ~ 2023.12.31",
        "frmtrm_amount": "-16,392,271,259",
        "bfefrmtrm_nm": "제 21 기",
        "bfefrmtrm_dt": "2022.01.01 ~ 2022.12.31",
        "bfefrmtrm_amount": "-32,988,714,209",
        "ord": "62",
        "currency": "KRW"
    },
    {
        "rcept_no": "20250320001584",
        "reprt_code": "11011",
        "bsns_year": "2024",
        "corp_code": "00808022",
        "stock_code": "140410",
        "fs_div": "OFS",
        "fs_nm": "재무제표",
        "sj_div": "IS",
        "sj_nm": "손익계산서",
        "account_nm": "총포괄손익",
        "thstrm_nm": "제 23 기",
        "thstrm_dt": "2024.01.01 ~ 2024.12.31",
        "thstrm_amount": "-18,735,454,629",
        "frmtrm_nm": "제 22 기",
        "frmtrm_dt": "2023.01.01 ~ 2023.12.31",
        "frmtrm_amount": "-17,529,973,747",
        "bfefrmtrm_nm": "제 21 기",
        "bfefrmtrm_dt": "2022.01.01 ~ 2022.12.31",
        "bfefrmtrm_amount": "-34,849,097,024",
        "ord": "64",
        "currency": "KRW"
    }
]