[
    {
        "rcept_no": "20240318000953",
        "reprt_code": "11011",
        "bsns_year": "2023",
        "corp_code": "00808022",
        "stock_code": "140410",
        "fs_div": "CFS",
        "fs_nm": "연결재무제표",
        "sj_div": "IS",
        "sj_nm": "손익계산서",
        "account_nm": "당기순이익",
        "thstrm_nm": "제 22 기",
        "thstrm_dt": "2023.01.01 ~ 2023.12.31",
        "thstrm_amount": "-12,728,376,387",
        "frmtrm_nm": "제 21 기",
        "frmtrm_dt": "2022.01.01 ~ 2022.12.31",
        "frmtrm_amount": "-36,297,830,143",
        "bfefrmtrm_nm": "제 20 기",
        "bfefrmtrm_dt": "2021.01.01 ~ 2021.12.31",
        "bfefrmtrm_amount": "-13,602,674,400",
        "ord": "29",
        "currency": "KRW"
    },
    {
        "rcept_no": "20240318000953",
        "reprt_code": "11011",
        "bsns_year": "2023",
        "corp_code": "00808022",
        "stock_code": "140410",
        "fs_div": "CFS",
        "fs_nm": "연결재무제표",
        "sj_div": "IS",
        "sj_nm": "손익계산서",
        "account_nm": "당기순이익(손실)",
        "thstrm_nm": "제 22 기",
        "thstrm_dt": "2023.01.01 ~ 2023.12.31",
        "thstrm_amount": "-12,728,376,387",
        "frmtrm_nm": "제 21 기",
        "frmtrm_dt": "2022.01.01 ~ 2022.12.31",
        "frmtrm_amount": "-36,297,830,143",
        "bfefrmtrm_nm": "제 20 기",
        "bfefrmtrm_dt": "2021.01.01 ~ 2021.12.31",
        "bfefrmtrm_amount": "-13,602,674,400",
        "ord": "61",
        "currency": "KRW"
    },
    {
        "rcept_no": "20240318000953",
        "reprt_code": "11011",
        "bsns_year": "2023",
        "corp_code": "00808022",
        "stock_code": "140410",
        "fs_div": "CFS",
        "fs_nm": "연결재무제표",
        "sj_div": "IS",
        "sj_nm": "손익계산서",
        "account_nm": "총포괄손익",
        "thstrm_nm": "제 22 기",
        "thstrm_dt": "2023.01.01 ~ 2023.12.31",
        "thstrm_amount": "-13,866,078,875",
        "frmtrm_nm": "제 21 기",
        "frmtrm_dt": "2022.01.01 ~ 2022.12.31",
        "frmtrm_amount": "-38,158,212,958",
        "bfefrmtrm_nm": "제 20 기",
        "bfefrmtrm_dt": "2021.01.01 ~ 2021.12.31",
        "bfefrmtrm_amount": "-16,776,763,971",
        "ord": "63",
        "currency": "KRW"
    },
    {
        "rcept_no": "20240318000953",
        "reprt_code": "11011",
        "bsns_year": "2023",
        "corp_code": "00808022",
        "stock_code": "140410",
        "fs_div": "OFS",
        "fs_nm": "재무제표",
        "sj_div": "IS",
        "sj_nm": "손익계산서",
        "account_nm": "영업이익",
        "thstrm_nm": "제 22 기",
        "thstrm_dt": "2023.01.01 ~ 2023.12.31",
        "thstrm_amount": "-3,521,464,031",
        "frmtrm_nm": "제 21 기",
        "frmtrm_dt": "2022.01.01 ~ 2022.12.31",
        "frmtrm_amount": "-7,810,324,077",
        "bfefrmtrm_nm": "제 20 기",
        "bfefrmtrm_dt": "2021.01.01 ~ 2021.12.31",
        "bfefrmtrm_amount": "-5,652,053,249",
        "ord": "26",
        "currency": "KRW"
    },
    {
        "rcept_no": "20240318000953",
        "reprt_code": "11011",
        "bsns_year": "2023",
        "corp_code": "00808022",
        "stock_code": "140410",
        "fs_div": "OFS",
        "fs_nm": "재무제표",
        "sj_div": "IS",
        "sj_nm": "손익계산서",
        "account_nm": "법인세차감전 순이익",
        "thstrm_nm": "제 22 기",
        "thstrm_dt": "2023.01.01 ~ 2023.12.31",
        "thstrm_amount": "-16,144,197,798",
        "frmtrm_nm": "제 21 기",
        "frmtrm_dt": "2022.01.01 ~ 2022.12.31",
        "frmtrm_amount": "-32,600,481,591",
        "bfefrmtrm_nm": "제 20 기",
        "bfefrmtrm_dt": "2021.01.01 ~ 2021.12.31",
        "bfefrmtrm_amount": "-13,025,609,762",
        "ord": "28",
        "currency": "KRW"
    },
    {
        "rcept_no": "20240318000953",
        "reprt_code": "11011",
        "bsns_year": "2023",
        "corp_code": "00808022",
        "stock_code": "140410",
        "fs_div": "OFS",
        "fs_nm": "재무제표",
        "sj_div": "IS",
        "sj_nm": "손익계산서",
        "account_nm": "당기순이익",
        "thstrm_nm": "제 22 기",
        "thstrm_dt": "2023.01.01 ~ 2023.12.31",
        "thstrm_amount": "-16,392,271,259",
        "frmtrm_nm": "제 21 기",
        "frmtrm_dt": "2022.01.01 ~ 2022.12.31",
        "frmtrm_amount": "-32,988,714,209",
        "bfefrmtrm_nm": "제 20 기",
        "bfefrmtrm_dt": "2021.01.01 ~ 2021.12.31",
        "bfefrmtrm_amount": "-13,602,674,400",
        "ord": "30",
        "currency": "KRW"
    },
    {
        "rcept_no": "20240318000953",
        "reprt_code": "11011",
        "bsns_year": "2023",
        "corp_code": "00808022",
        "stock_code": "140410",
        "fs_div": "OFS",
        "fs_nm": "재무제표",
        "sj_div": "IS",
        "sj_nm": "손익계산서",
        "account_nm": "당기순이익(손실)",
        "thstrm_nm": "제 22 기",
        "thstrm_dt": "2023.01.01 ~ 2023.12.31",
        "thstrm_amount": "-16,392,271,259",
        "frmtrm_nm": "제 21 기",
        "frmtrm_dt": "2022.01.01 ~ 2022.12.31",
        "frmtrm_amount": "-32,988,714,209",
        "bfefrmtrm_nm": "제 20 기",
        "bfefrmtrm_dt": "2021.01.01 ~ 2021.12.31",
        "bfefrmtrm_amount": "-13,602,674,400",
        "ord": "62",
        "currency": "KRW"
    },
    {
        "rcept_no": "20240318000953",
        "reprt_code": "11011",
        "bsns_year": "2023",
        "corp_code": "00808022",
        "stock_code": "140410",
        "fs_div": "OFS",
        "fs_nm": "재무제표",
        "sj_div": "IS",
        "sj_nm": "손익계산서",
        "account_nm": "총포괄손익",
        "thstrm_nm": "제 22 기",
        "thstrm_dt": "2023.01.01 ~ 2023.12.31",
        "thstrm_amount": "-17,529,973,747",
        "frmtrm_nm": "제 21 기",
        "frmtrm_dt": "2022.01.01 ~ 2022.12.31",
        "frmtrm_amount": "-34,849,097,024",
        "bfefrmtrm_nm": "제 20 기",
        "bfefrmtrm_dt": "2021.01.01 ~ 2021.12.31",
        "bfefrmtrm_amount": "-16,776,763,971",
        "ord": "64",
        "currency": "KRW"
    }
]