[
    {
        "rcept_no": "20250318001090",
        "reprt_code": "11011",
        "bsns_year": "2024",
        "corp_code": "01008762",
        "stock_code": "194480",
        "fs_div": "CFS",
        "fs_nm": "연결재무제표",
        "sj_div": "IS",
        "sj_nm": "손익계산서",
        "account_nm": "영업이익",
        "thstrm_nm": "제 18 기",
        "thstrm_dt": "2024.01.01 ~ 2024.12.31",
        "thstrm_amount": "27,185,096,721",
        "frmtrm_nm": "제 17 기",
        "frmtrm_dt": "2023.01.01 ~ 2023.12.31",
        "frmtrm_amount": "-47,992,774,337",
        "bfefrmtrm_nm": "제 16 기",
        "bfefrmtrm_dt": "2022.01.01 ~ 2022.12.31",
        "bfefrmtrm_amount": "-19,910,863,432",
        "ord": "25",
        "currency": "KRW"
    },
    {
        "rcept_no": "20250318001090",
        "reprt_code": "11011",
        "bsns_year": "2024",
        "corp_code": "01008762",
        "stock_code": "194480",
        "fs_div": "CFS",
        "fs_nm": "연결재무제표",
        "sj_div": "IS",
        "sj_nm": "손익계산서",
        "account_nm": "법인세차감전 순이익",
        "thstrm_nm": "제 18 기",
        "thstrm_dt": "2024.01.01 ~ 2024.12.31",
        "thstrm_amount": "27,784,873,712",
        "frmtrm_nm": "제 17 기",
        "frmtrm_dt": "2023.01.01 ~ 2023.12.31",
        "frmtrm_amount": "-49,544,629,245",
        "bfefrmtrm_nm": "제 16 기",
        "bfefrmtrm_dt": "2022.01.01 ~ 2022.12.31",
        "bfefrmtrm_amount": "-9,808,658,896",
        "ord": "27",
        "currency": "KRW"
    },
    {
        "rcept_no": "20250318001090",
        "reprt_code": "11011",
        "bsns_year": "2024",
        "corp_code": "01008762",
        "stock_code": "194480",
        "fs_div": "CFS",
        "fs_nm": "연결재무제표",
        "sj_div": "IS",
        "sj_nm": "손익계산서",
        "account_nm": "당기순이익",
        "thstrm_nm": "제 18 기",
        "thstrm_dt": "2024.01.01 ~ 2024.12.31",
        "thstrm_amount": "28,271,330,928",
        "frmtrm_nm": "제 17 기",
        "frmtrm_dt": "2023.01.01 ~ 2023.12.31",
        "frmtrm_amount": "-49,721,229,028",
        "bfefrmtrm_nm": "제 16 기",
        "bfefrmtrm_dt": "2022.01.01 ~ 2022.12.31",
        "bfefrmtrm_amount": "-6,693,112,876",
        "ord": "29",
        "currency": "KRW"
    },
    {
        "rcept_no": "20250318001090",
        "reprt_code": "11011",
        "bsns_year": "2024",
        "corp_code": "01008762",
        "stock_code": "194480",
        "fs_div": "CFS",
        "fs_nm": "연결재무제표",
        "sj_div": "IS",
        "sj_nm": "손익계산서",
        "account_nm": "당기순이익(손실)",
        "thstrm_nm": "제 18 기",
        "thstrm_dt": "2024.01.01 ~ 2024.12.31",
        "thstrm_amount": "28,271,330,928",
        "frmtrm_nm": "제 17 기",
        "frmtrm_dt": "2023.01.01 ~ 2023.12.31",
        "frmtrm_amount": "-49,721,229,028",
        "bfefrmtrm_nm": "제 16 기",
        "bfefrmtrm_dt": "2022.01.01 ~ 2022.12.31",
        "bfefrmtrm_amount": "-6,693,112,876",
        "ord": "61",
        "currency": "KRW"
    },
    {
        "rcept_no": "20250318001090",
        "reprt_code": "11011",
        "bsns_year": "2024",
        "corp_code": "01008762",
        "stock_code": "194480",
        "fs_div": "CFS",
        "fs_nm": "연결재무제표",
        "sj_div": "IS",
        "sj_nm": "손익계산서",
        "account_nm": "총포괄손익",
        "thstrm_nm": "제 18 기",
        "thstrm_dt": "2024.01.01 ~ 2024.12.31",
        "thstrm_amount": "16,307,143,377",
        "frmtrm_nm": "제 17 기",
        "frmtrm_dt": "2023.01.01 ~ 2023.12.31",
        "frmtrm_amount": "-53,004,834,231",
        "bfefrmtrm_nm": "제 16 기",
        "bfefrmtrm_dt": "2022.01.01 ~ 2022.12.31",
        "bfefrmtrm_amount": "11,348,474,864",
        "ord": "63",
        "currency": "KRW"
    },
    {
        "rcept_no": "20250318001090",
        "reprt_code": "11011",
        "bsns_year": "2024",
        "corp_code": "01008762",
        "stock_code": "194480",
        "fs_div": "OFS",
        "fs_nm": "재무제표",
        "sj_div": "IS",
        "sj_nm": "손익계산서",
        "account_nm": "영업이익",
        "thstrm_nm": "제 18 기",
        "thstrm_dt": "2024.01.01 ~ 2024.12.31",
        "thstrm_amount": "19,554,667,890",
        "frmtrm_nm": "제 17 기",
        "frmtrm_dt": "2023.01.01 ~ 2023.12.31",
        "frmtrm_amount": "-20,662,259,220",
        "bfefrmtrm_nm": "제 16 기",
        "bfefrmtrm_dt": "2022.01.01 ~ 2022.12.31",
        "bfefrmtrm_amount": "-3,829,284,454",
        "ord": "26",
        "currency": "KRW"
    },
    {
        "rcept_no": "20250318001090",
        "reprt_code": "11011",
        "bsns_year": "2024",
        "corp_code": "01008762",
        "stock_code": "194480",
        "fs_div": "OFS",
        "fs_nm": "재무제표",
        "sj_div": "IS",
        "sj_nm": "손익계산서",
        "account_nm": "법인세차감전 순이익",
        "thstrm_nm": "제 18 기",
        "thstrm_dt": "2024.01.01 ~ 2024.12.31",
        "thstrm_amount": "34,962,311,038",
        "frmtrm_nm": "제 17 기",
        "frmtrm_dt": "2023.01.01 ~ 2023.12.31",
        "frmtrm_amount": "-43,383,619,480",
        "bfefrmtrm_nm": "제 16 기",
        "bfefrmtrm_dt": "2022.01.01 ~ 2022.12.31",
        "bfefrmtrm_amount": "-6,202,238,163",
        "ord": "28",
        "currency": "KRW"
    },
    {
        "rcept_no": "20250318001090",
        "reprt_code": "11011",
        "bsns_year": "2024",
        "corp_code": "01008762",
        "stock_code": "194480",
        "fs_div": "OFS",
        "fs_nm": "재무제표",
        "sj_div": "IS",
        "sj_nm": "손익계산서",
        "account_nm": "당기순이익",
        "thstrm_nm": "제 18 기",
        "thstrm_dt": "2024.01.01 ~ 2024.12.31",
        "thstrm_amount": "34,670,044,870",
        "frmtrm_nm": "제 17 기",
        "frmtrm_dt": "2023.01.01 ~ 2023.12.31",
        "frmtrm_amount": "-43,383,619,480",
        "bfefrmtrm_nm": "제 16 기",
        "bfefrmtrm_dt": "2022.01.01 ~ 2022.12.31",
        "bfefrmtrm_amount": "-2,761,134,510",
        "ord": "30",
        "currency": "KRW"
    },
    {
        "rcept_no": "20250318001090",
        "reprt_code": "11011",
        "bsns_year": "2024",
        "corp_code": "01008762",
        "stock_code": "194480",
        "fs_div": "OFS",
        "fs_nm": "재무제표",
        "sj_div": "IS",
        "sj_nm": "손익계산서",
        "account_nm": "당기순이익(손실)",
        "thstrm_nm": "제 18 기",
        "thstrm_dt": "2024.01.01 ~ 2024.12.31",
        "thstrm_amount": "34,670,044,870",
        "frmtrm_nm": "제 17 기",
        "frmtrm_dt": "2023.01.01 ~ 2023.12.31",
        "frmtrm_amount": "-43,383,619,480",
        "bfefrmtrm_nm": "제 16 기",
        "bfefrmtrm_dt": "2022.01.01 ~ 2022.12.31",
        "bfefrmtrm_amount": "-2,761,134,510",
        "ord": "62",
        "currency": "KRW"
    },
    {
        "rcept_no": "20250318001090",
        "reprt_code": "11011",
        "bsns_year": "2024",
        "corp_code": "01008762",
        "stock_code": "194480",
        "fs_div": "OFS",
        "fs_nm": "재무제표",
        "sj_div": "IS",
        "sj_nm": "손익계산서",
        "account_nm": "총포괄손익",
        "thstrm_nm": "제 18 기",
        "thstrm_dt": "2024.01.01 ~ 2024.12.31",
        "thstrm_amount": "23,185,821,326",
        "frmtrm_nm": "제 17 기",
        "frmtrm_dt": "2023.01.01 ~ 2023.12.31",
        "frmtrm_amount": "-43,514,715,843",
        "bfefrmtrm_nm": "제 16 기",
        "bfefrmtrm_dt": "2022.01.01 ~ 2022.12.31",
        "bfefrmtrm_amount": "13,194,801,106",
        "ord": "64",
        "currency": "KRW"
    }
]