{
    "2024": {
        "EPS": 34.67,
        "BPS": 169.51,
        "ROE(%)": 20.45,
        "ROA(%)": 16.85,
        "부채비율(%)": 21.38,
        "유동비율(%)": 330.59,
        "영업이익률(%)": "--",
        "순이익률(%)": "--"
    },
    "2023": {
        "EPS": 0.0,
        "BPS": 143.83,
        "ROE(%)": 0.0,
        "ROA(%)": 0.0,
        "부채비율(%)": 22.96,
        "유동비율(%)": 304.88,
        "영업이익률(%)": "--",
        "순이익률(%)": "--"
    },
    "2022": {
        "EPS": 0.0,
        "BPS": 182.03,
        "ROE(%)": 0.0,
        "ROA(%)": 0.0,
        "부채비율(%)": 17.94,
        "유동비율(%)": 350.71,
        "영업이익률(%)": "--",
        "순이익률(%)": "--"
    }
}