[
    {
        "rcept_no": "20230321000909",
        "reprt_code": "11011",
        "bsns_year": "2022",
        "corp_code": "01008762",
        "stock_code": "194480",
        "fs_div": "CFS",
        "fs_nm": "연결재무제표",
        "sj_div": "BS",
        "sj_nm": "재무상태표",
        "account_nm": "유동자산",
        "thstrm_nm": "제 16 기",
        "thstrm_dt": "2022.12.31 현재",
        "thstrm_amount": "116,791,648,311",
        "frmtrm_nm": "제 15 기",
        "frmtrm_dt": "2021.12.31 현재",
        "frmtrm_amount": "162,498,277,256",
        "bfefrmtrm_nm": "제 14 기",
        "bfefrmtrm_dt": "2020.12.31 현재",
        "bfefrmtrm_amount": "77,662,740,027",
        "ord": "1",
        "currency": "KRW"
    },
    {
        "rcept_no": "20230321000909",
        "reprt_code": "11011",
        "bsns_year": "2022",
        "corp_code": "01008762",
        "stock_code": "194480",
        "fs_div": "CFS",
        "fs_nm": "연결재무제표",
        "sj_div": "BS",
        "sj_nm": "재무상태표",
        "account_nm": "비유동자산",
        "thstrm_nm": "제 16 기",
        "thstrm_dt": "2022.12.31 현재",
        "thstrm_amount": "183,626,390,690",
        "frmtrm_nm": "제 15 기",
        "frmtrm_dt": "2021.12.31 현재",
        "frmtrm_amount": "111,213,193,069",
        "bfefrmtrm_nm": "제 14 기",
        "bfefrmtrm_dt": "2020.12.31 현재",
        "bfefrmtrm_amount": "54,527,067,634",
        "ord": "3",
        "currency": "KRW"
    },
    {
        "rcept_no": "20230321000909",
        "reprt_code": "11011",
        "bsns_year": "2022",
        "corp_code": "01008762",
        "stock_code": "194480",
        "fs_div": "CFS",
        "fs_nm": "연결재무제표",
        "sj_div": "BS",
        "sj_nm": "재무상태표",
        "account_nm": "자산총계",
        "thstrm_nm": "제 16 기",
        "thstrm_dt": "2022.12.31 현재",
        "thstrm_amount": "300,418,039,001",
        "frmtrm_nm": "제 15 기",
        "frmtrm_dt": "2021.12.31 현재",
        "frmtrm_amount": "273,711,470,325",
        "bfefrmtrm_nm": "제 14 기",
        "bfefrmtrm_dt": "2020.12.31 현재",
        "bfefrmtrm_amount": "132,189,807,661",
        "ord": "5",
        "currency": "KRW"
    },
    {
        "rcept_no": "20230321000909",
        "reprt_code": "11011",
        "bsns_year": "2022",
        "corp_code": "01008762",
        "stock_code": "194480",
        "fs_div": "CFS",
        "fs_nm": "연결재무제표",
        "sj_div": "BS",
        "sj_nm": "재무상태표",
        "account_nm": "유동부채",
        "thstrm_nm": "제 16 기",
        "thstrm_dt": "2022.12.31 현재",
        "thstrm_amount": "20,192,475,037",
        "frmtrm_nm": "제 15 기",
        "frmtrm_dt": "2021.12.31 현재",
        "frmtrm_amount": "45,932,275,574",
        "bfefrmtrm_nm": "제 14 기",
        "bfefrmtrm_dt": "2020.12.31 현재",
        "bfefrmtrm_amount": "9,377,035,221",
        "ord": "7",
        "currency": "KRW"
    },
    {
        "rcept_no": "20230321000909",
        "reprt_code": "11011",
        "bsns_year": "2022",
        "corp_code": "01008762",
        "stock_code": "194480",
        "fs_div": "CFS",
        "fs_nm": "연결재무제표",
        "sj_div": "BS",
        "sj_nm": "재무상태표",
        "account_nm": "비유동부채",
        "thstrm_nm": "제 16 기",
        "thstrm_dt": "2022.12.31 현재",
        "thstrm_amount": "98,986,809,815",
        "frmtrm_nm": "제 15 기",
        "frmtrm_dt": "2021.12.31 현재",
        "frmtrm_amount": "61,803,038,123",
        "bfefrmtrm_nm": "제 14 기",
        "bfefrmtrm_dt": "2020.12.31 현재",
        "bfefrmtrm_amount": "23,091,752,457",
        "ord": "9",
        "currency": "KRW"
    },
    {
        "rcept_no": "20230321000909",
        "reprt_code": "11011",
        "bsns_year": "2022",
        "corp_code": "01008762",
        "stock_code": "194480",
        "fs_div": "CFS",
        "fs_nm": "연결재무제표",
        "sj_div": "BS",
        "sj_nm": "재무상태표",
        "account_nm": "부채총계",
        "thstrm_nm": "제 16 기",
        "thstrm_dt": "2022.12.31 현재",
        "thstrm_amount": "119,179,284,852",
        "frmtrm_nm": "제 15 기",
        "frmtrm_dt": "2021.12.31 현재",
        "frmtrm_amount": "107,735,313,697",
        "bfefrmtrm_nm": "제 14 기",
        "bfefrmtrm_dt": "2020.12.31 현재",
        "bfefrmtrm_amount": "32,468,787,678",
        "ord": "11",
        "currency": "KRW"
    },
    {
        "rcept_no": "20230321000909",
        "reprt_code": "11011",
        "bsns_year": "2022",
        "corp_code": "01008762",
        "stock_code": "194480",
        "fs_div": "CFS",
        "fs_nm": "연결재무제표",
        "sj_div": "BS",
        "sj_nm": "재무상태표",
        "account_nm": "자본금",
        "thstrm_nm": "제 16 기",
        "thstrm_dt": "2022.12.31 현재",
        "thstrm_amount": "5,925,910,500",
        "frmtrm_nm": "제 15 기",
        "frmtrm_dt": "2021.12.31 현재",
        "frmtrm_amount": "5,903,300,000",
        "bfefrmtrm_nm": "제 14 기",
        "bfefrmtrm_dt": "2020.12.31 현재",
        "bfefrmtrm_amount": "5,602,185,000",
        "ord": "13",
        "currency": "KRW"
    },
    {
        "rcept_no": "20230321000909",
        "reprt_code": "11011",
        "bsns_year": "2022",
        "corp_code": "01008762",
        "stock_code": "194480",
        "fs_div": "CFS",
        "fs_nm": "연결재무제표",
        "sj_div": "BS",
        "sj_nm": "재무상태표",
        "account_nm": "이익잉여금",
        "thstrm_nm": "제 16 기",
        "thstrm_dt": "2022.12.31 현재",
        "thstrm_amount": "39,854,674,337",
        "frmtrm_nm": "제 15 기",
        "frmtrm_dt": "2021.12.31 현재",
        "frmtrm_amount": "51,740,070,408",
        "bfefrmtrm_nm": "제 14 기",
        "bfefrmtrm_dt": "2020.12.31 현재",
        "bfefrmtrm_amount": "-7,849,794,898",
        "ord": "17",
        "currency": "KRW"
    },
    {
        "rcept_no": "20230321000909",
        "reprt_code": "11011",
        "bsns_year": "2022",
        "corp_code": "01008762",
        "stock_code": "194480",
        "fs_div": "CFS",
        "fs_nm": "연결재무제표",
        "sj_div": "BS",
        "sj_nm": "재무상태표",
        "account_nm": "자본총계",
        "thstrm_nm": "제 16 기",
        "thstrm_dt": "2022.12.31 현재",
        "thstrm_amount": "181,238,754,149",
        "frmtrm_nm": "제 15 기",
        "frmtrm_dt": "2021.12.31 현재",
        "frmtrm_amount": "165,976,156,628",
        "bfefrmtrm_nm": "제 14 기",
        "bfefrmtrm_dt": "2020.12.31 현재",
        "bfefrmtrm_amount": "99,721,019,983",
        "ord": "21",
        "currency": "KRW"
    },
    {
        "rcept_no": "20230321000909",
        "reprt_code": "11011",
        "bsns_year": "2022",
        "corp_code": "01008762",
        "stock_code": "194480",
        "fs_div": "OFS",
        "fs_nm": "재무제표",
        "sj_div": "BS",
        "sj_nm": "재무상태표",
        "account_nm": "유동자산",
        "thstrm_nm": "제 16 기",
        "thstrm_dt": "2022.12.31 현재",
        "thstrm_amount": "74,048,193,482",
        "frmtrm_nm": "제 15 기",
        "frmtrm_dt": "2021.12.31 현재",
        "frmtrm_amount": "125,468,723,744",
        "bfefrmtrm_nm": "제 14 기",
        "bfefrmtrm_dt": "2020.12.31 현재",
        "bfefrmtrm_amount": "57,736,394,297",
        "ord": "2",
        "currency": "KRW"
    },
    {
        "rcept_no": "20230321000909",
        "reprt_code": "11011",
        "bsns_year": "2022",
        "corp_code": "01008762",
        "stock_code": "194480",
        "fs_div": "OFS",
        "fs_nm": "재무제표",
        "sj_div": "BS",
        "sj_nm": "재무상태표",
        "account_nm": "비유동자산",
        "thstrm_nm": "제 16 기",
        "thstrm_dt": "2022.12.31 현재",
        "thstrm_amount": "140,644,151,313",
        "frmtrm_nm": "제 15 기",
        "frmtrm_dt": "2021.12.31 현재",
        "frmtrm_amount": "97,190,562,758",
        "bfefrmtrm_nm": "제 14 기",
        "bfefrmtrm_dt": "2020.12.31 현재",
        "bfefrmtrm_amount": "49,272,951,362",
        "ord": "4",
        "currency": "KRW"
    },
    {
        "rcept_no": "20230321000909",
        "reprt_code": "11011",
        "bsns_year": "2022",
        "corp_code": "01008762",
        "stock_code": "194480",
        "fs_div": "OFS",
        "fs_nm": "재무제표",
        "sj_div": "BS",
        "sj_nm": "재무상태표",
        "account_nm": "자산총계",
        "thstrm_nm": "제 16 기",
        "thstrm_dt": "2022.12.31 현재",
        "thstrm_amount": "214,692,344,795",
        "frmtrm_nm": "제 15 기",
        "frmtrm_dt": "2021.12.31 현재",
        "frmtrm_amount": "222,659,286,502",
        "bfefrmtrm_nm": "제 14 기",
        "bfefrmtrm_dt": "2020.12.31 현재",
        "bfefrmtrm_amount": "107,009,345,659",
        "ord": "6",
        "currency": "KRW"
    },
    {
        "rcept_no": "20230321000909",
        "reprt_code": "11011",
        "bsns_year": "2022",
        "corp_code": "01008762",
        "stock_code": "194480",
        "fs_div": "OFS",
        "fs_nm": "재무제표",
        "sj_div": "BS",
        "sj_nm": "재무상태표",
        "account_nm": "유동부채",
        "thstrm_nm": "제 16 기",
        "thstrm_dt": "2022.12.31 현재",
        "thstrm_amount": "21,113,656,812",
        "frmtrm_nm": "제 15 기",
        "frmtrm_dt": "2021.12.31 현재",
        "frmtrm_amount": "49,778,856,067",
        "bfefrmtrm_nm": "제 14 기",
        "bfefrmtrm_dt": "2020.12.31 현재",
        "bfefrmtrm_amount": "7,521,901,735",
        "ord": "8",
        "currency": "KRW"
    },
    {
        "rcept_no": "20230321000909",
        "reprt_code": "11011",
        "bsns_year": "2022",
        "corp_code": "01008762",
        "stock_code": "194480",
        "fs_div": "OFS",
        "fs_nm": "재무제표",
        "sj_div": "BS",
        "sj_nm": "재무상태표",
        "account_nm": "비유동부채",
        "thstrm_nm": "제 16 기",
        "thstrm_dt": "2022.12.31 현재",
        "thstrm_amount": "11,548,769,923",
        "frmtrm_nm": "제 15 기",
        "frmtrm_dt": "2021.12.31 현재",
        "frmtrm_amount": "7,245,699,904",
        "bfefrmtrm_nm": "제 14 기",
        "bfefrmtrm_dt": "2020.12.31 현재",
        "bfefrmtrm_amount": "333,870,184",
        "ord": "10",
        "currency": "KRW"
    },
    {
        "rcept_no": "20230321000909",
        "reprt_code": "11011",
        "bsns_year": "2022",
        "corp_code": "01008762",
        "stock_code": "194480",
        "fs_div": "OFS",
        "fs_nm": "재무제표",
        "sj_div": "BS",
        "sj_nm": "재무상태표",
        "account_nm": "부채총계",
        "thstrm_nm": "제 16 기",
        "thstrm_dt": "2022.12.31 현재",
        "thstrm_amount": "32,662,426,735",
        "frmtrm_nm": "제 15 기",
        "frmtrm_dt": "2021.12.31 현재",
        "frmtrm_amount": "57,024,555,971",
        "bfefrmtrm_nm": "제 14 기",
        "bfefrmtrm_dt": "2020.12.31 현재",
        "bfefrmtrm_amount": "7,855,771,919",
        "ord": "12",
        "currency": "KRW"
    },
    {
        "rcept_no": "20230321000909",
        "reprt_code": "11011",
        "bsns_year": "2022",
        "corp_code": "01008762",
        "stock_code": "194480",
        "fs_div": "OFS",
        "fs_nm": "재무제표",
        "sj_div": "BS",
        "sj_nm": "재무상태표",
        "account_nm": "자본금",
        "thstrm_nm": "제 16 기",
        "thstrm_dt": "2022.12.31 현재",
        "thstrm_amount": "5,925,910,500",
        "frmtrm_nm": "제 15 기",
        "frmtrm_dt": "2021.12.31 현재",
        "frmtrm_amount": "5,903,300,000",
        "bfefrmtrm_nm": "제 14 기",
        "bfefrmtrm_dt": "2020.12.31 현재",
        "bfefrmtrm_amount": "5,602,185,000",
        "ord": "15",
        "currency": "KRW"
    },
    {
        "rcept_no": "20230321000909",
        "reprt_code": "11011",
        "bsns_year": "2022",
        "corp_code": "01008762",
        "stock_code": "194480",
        "fs_div": "OFS",
        "fs_nm": "재무제표",
        "sj_div": "BS",
        "sj_nm": "재무상태표",
        "account_nm": "이익잉여금",
        "thstrm_nm": "제 16 기",
        "thstrm_dt": "2022.12.31 현재",
        "thstrm_amount": "42,509,970,155",
        "frmtrm_nm": "제 15 기",
        "frmtrm_dt": "2021.12.31 현재",
        "frmtrm_amount": "50,395,170,390",
        "bfefrmtrm_nm": "제 14 기",
        "bfefrmtrm_dt": "2020.12.31 현재",
        "bfefrmtrm_amount": "-12,064,335,930",
        "ord": "19",
        "currency": "KRW"
    },
    {
        "rcept_no": "20230321000909",
        "reprt_code": "11011",
        "bsns_year": "2022",
        "corp_code": "01008762",
        "stock_code": "194480",
        "fs_div": "OFS",
        "fs_nm": "재무제표",
        "sj_div": "BS",
        "sj_nm": "재무상태표",
        "account_nm": "자본총계",
        "thstrm_nm": "제 16 기",
        "thstrm_dt": "2022.12.31 현재",
        "thstrm_amount": "182,029,918,060",
        "frmtrm_nm": "제 15 기",
        "frmtrm_dt": "2021.12.31 현재",
        "frmtrm_amount": "165,634,730,531",
        "bfefrmtrm_nm": "제 14 기",
        "bfefrmtrm_dt": "2020.12.31 현재",
        "bfefrmtrm_amount": "99,153,573,740",
        "ord": "22",
        "currency": "KRW"
    }
]