[
    {
        "rcept_no": "20230321000909",
        "reprt_code": "11011",
        "bsns_year": "2022",
        "corp_code": "01008762",
        "stock_code": "194480",
        "fs_div": "CFS",
        "fs_nm": "연결재무제표",
        "sj_div": "IS",
        "sj_nm": "손익계산서",
        "account_nm": "영업이익",
        "thstrm_nm": "제 16 기",
        "thstrm_dt": "2022.01.01 ~ 2022.12.31",
        "thstrm_amount": "-19,910,863,432",
        "frmtrm_nm": "제 15 기",
        "frmtrm_dt": "2021.01.01 ~ 2021.12.31",
        "frmtrm_amount": "56,654,442,538",
        "bfefrmtrm_nm": "제 14 기",
        "bfefrmtrm_dt": "2020.01.01 ~ 2020.12.31",
        "bfefrmtrm_amount": "-6,123,221,602",
        "ord": "25",
        "currency": "KRW"
    },
    {
        "rcept_no": "20230321000909",
        "reprt_code": "11011",
        "bsns_year": "2022",
        "corp_code": "01008762",
        "stock_code": "194480",
        "fs_div": "CFS",
        "fs_nm": "연결재무제표",
        "sj_div": "IS",
        "sj_nm": "손익계산서",
        "account_nm": "법인세차감전 순이익",
        "thstrm_nm": "제 16 기",
        "thstrm_dt": "2022.01.01 ~ 2022.12.31",
        "thstrm_amount": "-9,808,658,896",
        "frmtrm_nm": "제 15 기",
        "frmtrm_dt": "2021.01.01 ~ 2021.12.31",
        "frmtrm_amount": "68,364,611,892",
        "bfefrmtrm_nm": "제 14 기",
        "bfefrmtrm_dt": "2020.01.01 ~ 2020.12.31",
        "bfefrmtrm_amount": "-9,197,841,856",
        "ord": "27",
        "currency": "KRW"
    },
    {
        "rcept_no": "20230321000909",
        "reprt_code": "11011",
        "bsns_year": "2022",
        "corp_code": "01008762",
        "stock_code": "194480",
        "fs_div": "CFS",
        "fs_nm": "연결재무제표",
        "sj_div": "IS",
        "sj_nm": "손익계산서",
        "account_nm": "당기순이익",
        "thstrm_nm": "제 16 기",
        "thstrm_dt": "2022.01.01 ~ 2022.12.31",
        "thstrm_amount": "-6,693,112,876",
        "frmtrm_nm": "제 15 기",
        "frmtrm_dt": "2021.01.01 ~ 2021.12.31",
        "frmtrm_amount": "60,377,123,422",
        "bfefrmtrm_nm": "제 14 기",
        "bfefrmtrm_dt": "2020.01.01 ~ 2020.12.31",
        "bfefrmtrm_amount": "-5,903,142,715",
        "ord": "29",
        "currency": "KRW"
    },
    {
        "rcept_no": "20230321000909",
        "reprt_code": "11011",
        "bsns_year": "2022",
        "corp_code": "01008762",
        "stock_code": "194480",
        "fs_div": "CFS",
        "fs_nm": "연결재무제표",
        "sj_div": "IS",
        "sj_nm": "손익계산서",
        "account_nm": "당기순이익(손실)",
        "thstrm_nm": "제 16 기",
        "thstrm_dt": "2022.01.01 ~ 2022.12.31",
        "thstrm_amount": "-6,693,112,876",
        "frmtrm_nm": "제 15 기",
        "frmtrm_dt": "2021.01.01 ~ 2021.12.31",
        "frmtrm_amount": "60,377,123,422",
        "bfefrmtrm_nm": "제 14 기",
        "bfefrmtrm_dt": "2020.01.01 ~ 2020.12.31",
        "bfefrmtrm_amount": "-5,903,142,715",
        "ord": "61",
        "currency": "KRW"
    },
    {
        "rcept_no": "20230321000909",
        "reprt_code": "11011",
        "bsns_year": "2022",
        "corp_code": "01008762",
        "stock_code": "194480",
        "fs_div": "OFS",
        "fs_nm": "재무제표",
        "sj_div": "IS",
        "sj_nm": "손익계산서",
        "account_nm": "영업이익",
        "thstrm_nm": "제 16 기",
        "thstrm_dt": "2022.01.01 ~ 2022.12.31",
        "thstrm_amount": "-3,829,284,454",
        "frmtrm_nm": "제 15 기",
        "frmtrm_dt": "2021.01.01 ~ 2021.12.31",
        "frmtrm_amount": "52,416,750,489",
        "bfefrmtrm_nm": "제 14 기",
        "bfefrmtrm_dt": "2020.01.01 ~ 2020.12.31",
        "bfefrmtrm_amount": "8,534,443,908",
        "ord": "26",
        "currency": "KRW"
    },
    {
        "rcept_no": "20230321000909",
        "reprt_code": "11011",
        "bsns_year": "2022",
        "corp_code": "01008762",
        "stock_code": "194480",
        "fs_div": "OFS",
        "fs_nm": "재무제표",
        "sj_div": "IS",
        "sj_nm": "손익계산서",
        "account_nm": "법인세차감전 순이익",
        "thstrm_nm": "제 16 기",
        "thstrm_dt": "2022.01.01 ~ 2022.12.31",
        "thstrm_amount": "-6,202,238,163",
        "frmtrm_nm": "제 15 기",
        "frmtrm_dt": "2021.01.01 ~ 2021.12.31",
        "frmtrm_amount": "71,566,192,656",
        "bfefrmtrm_nm": "제 14 기",
        "bfefrmtrm_dt": "2020.01.01 ~ 2020.12.31",
        "bfefrmtrm_amount": "-6,269,524,812",
        "ord": "28",
        "currency": "KRW"
    },
    {
        "rcept_no": "20230321000909",
        "reprt_code": "11011",
        "bsns_year": "2022",
        "corp_code": "01008762",
        "stock_code": "194480",
        "fs_div": "OFS",
        "fs_nm": "재무제표",
        "sj_div": "IS",
        "sj_nm": "손익계산서",
        "account_nm": "당기순이익",
        "thstrm_nm": "제 16 기",
        "thstrm_dt": "2022.01.01 ~ 2022.12.31",
        "thstrm_amount": "-2,761,134,510",
        "frmtrm_nm": "제 15 기",
        "frmtrm_dt": "2021.01.01 ~ 2021.12.31",
        "frmtrm_amount": "63,760,058,931",
        "bfefrmtrm_nm": "제 14 기",
        "bfefrmtrm_dt": "2020.01.01 ~ 2020.12.31",
        "bfefrmtrm_amount": "-2,952,819,888",
        "ord": "30",
        "currency": "KRW"
    },
    {
        "rcept_no": "20230321000909",
        "reprt_code": "11011",
        "bsns_year": "2022",
        "corp_code": "01008762",
        "stock_code": "194480",
        "fs_div": "OFS",
        "fs_nm": "재무제표",
        "sj_div": "IS",
        "sj_nm": "손익계산서",
        "account_nm": "당기순이익(손실)",
        "thstrm_nm": "제 16 기",
        "thstrm_dt": "2022.01.01 ~ 2022.12.31",
        "thstrm_amount": "-2,761,134,510",
        "frmtrm_nm": "제 15 기",
        "frmtrm_dt": "2021.01.01 ~ 2021.12.31",
        "frmtrm_amount": "63,760,058,931",
        "bfefrmtrm_nm": "제 14 기",
        "bfefrmtrm_dt": "2020.01.01 ~ 2020.12.31",
        "bfefrmtrm_amount": "-2,952,819,888",
        "ord": "62",
        "currency": "KRW"
    }
]