[
    {
        "rcept_no": "20250318001090",
        "reprt_code": "11011",
        "bsns_year": "2024",
        "corp_code": "01008762",
        "stock_code": "194480",
        "fs_div": "CFS",
        "fs_nm": "연결재무제표",
        "sj_div": "BS",
        "sj_nm": "재무상태표",
        "account_nm": "유동자산",
        "thstrm_nm": "제 18 기",
        "thstrm_dt": "2024.12.31 현재",
        "thstrm_amount": "129,191,077,583",
        "frmtrm_nm": "제 17 기",
        "frmtrm_dt": "2023.12.31 현재",
        "frmtrm_amount": "80,055,589,754",
        "bfefrmtrm_nm": "제 16 기",
        "bfefrmtrm_dt": "2022.12.31 현재",
        "bfefrmtrm_amount": "116,791,648,311",
        "ord": "1",
        "currency": "KRW"
    },
    {
        "rcept_no": "20250318001090",
        "reprt_code": "11011",
        "bsns_year": "2024",
        "corp_code": "01008762",
        "stock_code": "194480",
        "fs_div": "CFS",
        "fs_nm": "연결재무제표",
        "sj_div": "BS",
        "sj_nm": "재무상태표",
        "account_nm": "비유동자산",
        "thstrm_nm": "제 18 기",
        "thstrm_dt": "2024.12.31 현재",
        "thstrm_amount": "131,176,443,385",
        "frmtrm_nm": "제 17 기",
        "frmtrm_dt": "2023.12.31 현재",
        "frmtrm_amount": "159,696,217,126",
        "bfefrmtrm_nm": "제 16 기",
        "bfefrmtrm_dt": "2022.12.31 현재",
        "bfefrmtrm_amount": "183,626,390,690",
        "ord": "3",
        "currency": "KRW"
    },
    {
        "rcept_no": "20250318001090",
        "reprt_code": "11011",
        "bsns_year": "2024",
        "corp_code": "01008762",
        "stock_code": "194480",
        "fs_div": "CFS",
        "fs_nm": "연결재무제표",
        "sj_div": "BS",
        "sj_nm": "재무상태표",
        "account_nm": "자산총계",
        "thstrm_nm": "제 18 기",
        "thstrm_dt": "2024.12.31 현재",
        "thstrm_amount": "260,367,520,968",
        "frmtrm_nm": "제 17 기",
        "frmtrm_dt": "2023.12.31 현재",
        "frmtrm_amount": "239,751,806,880",
        "bfefrmtrm_nm": "제 16 기",
        "bfefrmtrm_dt": "2022.12.31 현재",
        "bfefrmtrm_amount": "300,418,039,001",
        "ord": "5",
        "currency": "KRW"
    },
    {
        "rcept_no": "20250318001090",
        "reprt_code": "11011",
        "bsns_year": "2024",
        "corp_code": "01008762",
        "stock_code": "194480",
        "fs_div": "CFS",
        "fs_nm": "연결재무제표",
        "sj_div": "BS",
        "sj_nm": "재무상태표",
        "account_nm": "유동부채",
        "thstrm_nm": "제 18 기",
        "thstrm_dt": "2024.12.31 현재",
        "thstrm_amount": "37,418,492,188",
        "frmtrm_nm": "제 17 기",
        "frmtrm_dt": "2023.12.31 현재",
        "frmtrm_amount": "25,692,554,143",
        "bfefrmtrm_nm": "제 16 기",
        "bfefrmtrm_dt": "2022.12.31 현재",
        "bfefrmtrm_amount": "20,192,475,037",
        "ord": "7",
        "currency": "KRW"
    },
    {
        "rcept_no": "20250318001090",
        "reprt_code": "11011",
        "bsns_year": "2024",
        "corp_code": "01008762",
        "stock_code": "194480",
        "fs_div": "CFS",
        "fs_nm": "연결재무제표",
        "sj_div": "BS",
        "sj_nm": "재무상태표",
        "account_nm": "비유동부채",
        "thstrm_nm": "제 18 기",
        "thstrm_dt": "2024.12.31 현재",
        "thstrm_amount": "68,800,973,753",
        "frmtrm_nm": "제 17 기",
        "frmtrm_dt": "2023.12.31 현재",
        "frmtrm_amount": "79,501,815,124",
        "bfefrmtrm_nm": "제 16 기",
        "bfefrmtrm_dt": "2022.12.31 현재",
        "bfefrmtrm_amount": "98,986,809,815",
        "ord": "9",
        "currency": "KRW"
    },
    {
        "rcept_no": "20250318001090",
        "reprt_code": "11011",
        "bsns_year": "2024",
        "corp_code": "01008762",
        "stock_code": "194480",
        "fs_div": "CFS",
        "fs_nm": "연결재무제표",
        "sj_div": "BS",
        "sj_nm": "재무상태표",
        "account_nm": "부채총계",
        "thstrm_nm": "제 18 기",
        "thstrm_dt": "2024.12.31 현재",
        "thstrm_amount": "106,219,465,941",
        "frmtrm_nm": "제 17 기",
        "frmtrm_dt": "2023.12.31 현재",
        "frmtrm_amount": "105,194,369,267",
        "bfefrmtrm_nm": "제 16 기",
        "bfefrmtrm_dt": "2022.12.31 현재",
        "bfefrmtrm_amount": "119,179,284,852",
        "ord": "11",
        "currency": "KRW"
    },
    {
        "rcept_no": "20250318001090",
        "reprt_code": "11011",
        "bsns_year": "2024",
        "corp_code": "01008762",
        "stock_code": "194480",
        "fs_div": "CFS",
        "fs_nm": "연결재무제표",
        "sj_div": "BS",
        "sj_nm": "재무상태표",
        "account_nm": "자본금",
        "thstrm_nm": "제 18 기",
        "thstrm_dt": "2024.12.31 현재",
        "thstrm_amount": "6,020,325,000",
        "frmtrm_nm": "제 17 기",
        "frmtrm_dt": "2023.12.31 현재",
        "frmtrm_amount": "5,993,080,000",
        "bfefrmtrm_nm": "제 16 기",
        "bfefrmtrm_dt": "2022.12.31 현재",
        "bfefrmtrm_amount": "5,925,910,500",
        "ord": "13",
        "currency": "KRW"
    },
    {
        "rcept_no": "20250318001090",
        "reprt_code": "11011",
        "bsns_year": "2024",
        "corp_code": "01008762",
        "stock_code": "194480",
        "fs_div": "CFS",
        "fs_nm": "연결재무제표",
        "sj_div": "BS",
        "sj_nm": "재무상태표",
        "account_nm": "이익잉여금",
        "thstrm_nm": "제 18 기",
        "thstrm_dt": "2024.12.31 현재",
        "thstrm_amount": "18,140,830,214",
        "frmtrm_nm": "제 17 기",
        "frmtrm_dt": "2023.12.31 현재",
        "frmtrm_amount": "-9,148,094,620",
        "bfefrmtrm_nm": "제 16 기",
        "bfefrmtrm_dt": "2022.12.31 현재",
        "bfefrmtrm_amount": "39,854,674,337",
        "ord": "17",
        "currency": "KRW"
    },
    {
        "rcept_no": "20250318001090",
        "reprt_code": "11011",
        "bsns_year": "2024",
        "corp_code": "01008762",
        "stock_code": "194480",
        "fs_div": "CFS",
        "fs_nm": "연결재무제표",
        "sj_div": "BS",
        "sj_nm": "재무상태표",
        "account_nm": "자본총계",
        "thstrm_nm": "제 18 기",
        "thstrm_dt": "2024.12.31 현재",
        "thstrm_amount": "154,148,055,027",
        "frmtrm_nm": "제 17 기",
        "frmtrm_dt": "2023.12.31 현재",
        "frmtrm_amount": "134,557,437,613",
        "bfefrmtrm_nm": "제 16 기",
        "bfefrmtrm_dt": "2022.12.31 현재",
        "bfefrmtrm_amount": "181,238,754,149",
        "ord": "21",
        "currency": "KRW"
    },
    {
        "rcept_no": "20250318001090",
        "reprt_code": "11011",
        "bsns_year": "2024",
        "corp_code": "01008762",
        "stock_code": "194480",
        "fs_div": "OFS",
        "fs_nm": "재무제표",
        "sj_div": "BS",
        "sj_nm": "재무상태표",
        "account_nm": "유동자산",
        "thstrm_nm": "제 18 기",
        "thstrm_dt": "2024.12.31 현재",
        "thstrm_amount": "89,260,045,254",
        "frmtrm_nm": "제 17 기",
        "frmtrm_dt": "2023.12.31 현재",
        "frmtrm_amount": "60,969,395,651",
        "bfefrmtrm_nm": "제 16 기",
        "bfefrmtrm_dt": "2022.12.31 현재",
        "bfefrmtrm_amount": "74,048,193,482",
        "ord": "2",
        "currency": "KRW"
    },
    {
        "rcept_no": "20250318001090",
        "reprt_code": "11011",
        "bsns_year": "2024",
        "corp_code": "01008762",
        "stock_code": "194480",
        "fs_div": "OFS",
        "fs_nm": "재무제표",
        "sj_div": "BS",
        "sj_nm": "재무상태표",
        "account_nm": "비유동자산",
        "thstrm_nm": "제 18 기",
        "thstrm_dt": "2024.12.31 현재",
        "thstrm_amount": "116,491,136,393",
        "frmtrm_nm": "제 17 기",
        "frmtrm_dt": "2023.12.31 현재",
        "frmtrm_amount": "115,878,388,499",
        "bfefrmtrm_nm": "제 16 기",
        "bfefrmtrm_dt": "2022.12.31 현재",
        "bfefrmtrm_amount": "140,644,151,313",
        "ord": "4",
        "currency": "KRW"
    },
    {
        "rcept_no": "20250318001090",
        "reprt_code": "11011",
        "bsns_year": "2024",
        "corp_code": "01008762",
        "stock_code": "194480",
        "fs_div": "OFS",
        "fs_nm": "재무제표",
        "sj_div": "BS",
        "sj_nm": "재무상태표",
        "account_nm": "자산총계",
        "thstrm_nm": "제 18 기",
        "thstrm_dt": "2024.12.31 현재",
        "thstrm_amount": "205,751,181,647",
        "frmtrm_nm": "제 17 기",
        "frmtrm_dt": "2023.12.31 현재",
        "frmtrm_amount": "176,847,784,150",
        "bfefrmtrm_nm": "제 16 기",
        "bfefrmtrm_dt": "2022.12.31 현재",
        "bfefrmtrm_amount": "214,692,344,795",
        "ord": "6",
        "currency": "KRW"
    },
    {
        "rcept_no": "20250318001090",
        "reprt_code": "11011",
        "bsns_year": "2024",
        "corp_code": "01008762",
        "stock_code": "194480",
        "fs_div": "OFS",
        "fs_nm": "재무제표",
        "sj_div": "BS",
        "sj_nm": "재무상태표",
        "account_nm": "유동부채",
        "thstrm_nm": "제 18 기",
        "thstrm_dt": "2024.12.31 현재",
        "thstrm_amount": "27,000,097,619",
        "frmtrm_nm": "제 17 기",
        "frmtrm_dt": "2023.12.31 현재",
        "frmtrm_amount": "19,998,150,001",
        "bfefrmtrm_nm": "제 16 기",
        "bfefrmtrm_dt": "2022.12.31 현재",
        "bfefrmtrm_amount": "21,113,656,812",
        "ord": "8",
        "currency": "KRW"
    },
    {
        "rcept_no": "20250318001090",
        "reprt_code": "11011",
        "bsns_year": "2024",
        "corp_code": "01008762",
        "stock_code": "194480",
        "fs_div": "OFS",
        "fs_nm": "재무제표",
        "sj_div": "BS",
        "sj_nm": "재무상태표",
        "account_nm": "비유동부채",
        "thstrm_nm": "제 18 기",
        "thstrm_dt": "2024.12.31 현재",
        "thstrm_amount": "9,236,414,729",
        "frmtrm_nm": "제 17 기",
        "frmtrm_dt": "2023.12.31 현재",
        "frmtrm_amount": "13,021,994,157",
        "bfefrmtrm_nm": "제 16 기",
        "bfefrmtrm_dt": "2022.12.31 현재",
        "bfefrmtrm_amount": "11,548,769,923",
        "ord": "10",
        "currency": "KRW"
    },
    {
        "rcept_no": "20250318001090",
        "reprt_code": "11011",
        "bsns_year": "2024",
        "corp_code": "01008762",
        "stock_code": "194480",
        "fs_div": "OFS",
        "fs_nm": "재무제표",
        "sj_div": "BS",
        "sj_nm": "재무상태표",
        "account_nm": "부채총계",
        "thstrm_nm": "제 18 기",
        "thstrm_dt": "2024.12.31 현재",
        "thstrm_amount": "36,236,512,348",
        "frmtrm_nm": "제 17 기",
        "frmtrm_dt": "2023.12.31 현재",
        "frmtrm_amount": "33,020,144,158",
        "bfefrmtrm_nm": "제 16 기",
        "bfefrmtrm_dt": "2022.12.31 현재",
        "bfefrmtrm_amount": "32,662,426,735",
        "ord": "12",
        "currency": "KRW"
    },
    {
        "rcept_no": "20250318001090",
        "reprt_code": "11011",
        "bsns_year": "2024",
        "corp_code": "01008762",
        "stock_code": "194480",
        "fs_div": "OFS",
        "fs_nm": "재무제표",
        "sj_div": "BS",
        "sj_nm": "재무상태표",
        "account_nm": "자본금",
        "thstrm_nm": "제 18 기",
        "thstrm_dt": "2024.12.31 현재",
        "thstrm_amount": "6,020,325,000",
        "frmtrm_nm": "제 17 기",
        "frmtrm_dt": "2023.12.31 현재",
        "frmtrm_amount": "5,993,080,000",
        "bfefrmtrm_nm": "제 16 기",
        "bfefrmtrm_dt": "2022.12.31 현재",
        "bfefrmtrm_amount": "5,925,910,500",
        "ord": "15",
        "currency": "KRW"
    },
    {
        "rcept_no": "20250318001090",
        "reprt_code": "11011",
        "bsns_year": "2024",
        "corp_code": "01008762",
        "stock_code": "194480",
        "fs_div": "OFS",
        "fs_nm": "재무제표",
        "sj_div": "BS",
        "sj_nm": "재무상태표",
        "account_nm": "이익잉여금",
        "thstrm_nm": "제 18 기",
        "thstrm_dt": "2024.12.31 현재",
        "thstrm_amount": "33,615,031,327",
        "frmtrm_nm": "제 17 기",
        "frmtrm_dt": "2023.12.31 현재",
        "frmtrm_amount": "-371,112,989",
        "bfefrmtrm_nm": "제 16 기",
        "bfefrmtrm_dt": "2022.12.31 현재",
        "bfefrmtrm_amount": "42,509,970,155",
        "ord": "19",
        "currency": "KRW"
    },
    {
        "rcept_no": "20250318001090",
        "reprt_code": "11011",
        "bsns_year": "2024",
        "corp_code": "01008762",
        "stock_code": "194480",
        "fs_div": "OFS",
        "fs_nm": "재무제표",
        "sj_div": "BS",
        "sj_nm": "재무상태표",
        "account_nm": "자본총계",
        "thstrm_nm": "제 18 기",
        "thstrm_dt": "2024.12.31 현재",
        "thstrm_amount": "169,514,669,299",
        "frmtrm_nm": "제 17 기",
        "frmtrm_dt": "2023.12.31 현재",
        "frmtrm_amount": "143,827,639,992",
        "bfefrmtrm_nm": "제 16 기",
        "bfefrmtrm_dt": "2022.12.31 현재",
        "bfefrmtrm_amount": "182,029,918,060",
        "ord": "22",
        "currency": "KRW"
    }
]