[
    {
        "rcept_no": "20240319000774",
        "reprt_code": "11011",
        "bsns_year": "2023",
        "corp_code": "01008762",
        "stock_code": "194480",
        "fs_div": "CFS",
        "fs_nm": "연결재무제표",
        "sj_div": "BS",
        "sj_nm": "재무상태표",
        "account_nm": "유동자산",
        "thstrm_nm": "제 17 기",
        "thstrm_dt": "2023.12.31 현재",
        "thstrm_amount": "80,055,589,754",
        "frmtrm_nm": "제 16 기",
        "frmtrm_dt": "2022.12.31 현재",
        "frmtrm_amount": "116,791,648,311",
        "bfefrmtrm_nm": "제 15 기",
        "bfefrmtrm_dt": "2021.12.31 현재",
        "bfefrmtrm_amount": "162,498,277,256",
        "ord": "1",
        "currency": "KRW"
    },
    {
        "rcept_no": "20240319000774",
        "reprt_code": "11011",
        "bsns_year": "2023",
        "corp_code": "01008762",
        "stock_code": "194480",
        "fs_div": "CFS",
        "fs_nm": "연결재무제표",
        "sj_div": "BS",
        "sj_nm": "재무상태표",
        "account_nm": "비유동자산",
        "thstrm_nm": "제 17 기",
        "thstrm_dt": "2023.12.31 현재",
        "thstrm_amount": "159,696,217,126",
        "frmtrm_nm": "제 16 기",
        "frmtrm_dt": "2022.12.31 현재",
        "frmtrm_amount": "183,626,390,690",
        "bfefrmtrm_nm": "제 15 기",
        "bfefrmtrm_dt": "2021.12.31 현재",
        "bfefrmtrm_amount": "111,213,193,069",
        "ord": "3",
        "currency": "KRW"
    },
    {
        "rcept_no": "20240319000774",
        "reprt_code": "11011",
        "bsns_year": "2023",
        "corp_code": "01008762",
        "stock_code": "194480",
        "fs_div": "CFS",
        "fs_nm": "연결재무제표",
        "sj_div": "BS",
        "sj_nm": "재무상태표",
        "account_nm": "자산총계",
        "thstrm_nm": "제 17 기",
        "thstrm_dt": "2023.12.31 현재",
        "thstrm_amount": "239,751,806,880",
        "frmtrm_nm": "제 16 기",
        "frmtrm_dt": "2022.12.31 현재",
        "frmtrm_amount": "300,418,039,001",
        "bfefrmtrm_nm": "제 15 기",
        "bfefrmtrm_dt": "2021.12.31 현재",
        "bfefrmtrm_amount": "273,711,470,325",
        "ord": "5",
        "currency": "KRW"
    },
    {
        "rcept_no": "20240319000774",
        "reprt_code": "11011",
        "bsns_year": "2023",
        "corp_code": "01008762",
        "stock_code": "194480",
        "fs_div": "CFS",
        "fs_nm": "연결재무제표",
        "sj_div": "BS",
        "sj_nm": "재무상태표",
        "account_nm": "유동부채",
        "thstrm_nm": "제 17 기",
        "thstrm_dt": "2023.12.31 현재",
        "thstrm_amount": "25,692,554,143",
        "frmtrm_nm": "제 16 기",
        "frmtrm_dt": "2022.12.31 현재",
        "frmtrm_amount": "20,192,475,037",
        "bfefrmtrm_nm": "제 15 기",
        "bfefrmtrm_dt": "2021.12.31 현재",
        "bfefrmtrm_amount": "45,932,275,574",
        "ord": "7",
        "currency": "KRW"
    },
    {
        "rcept_no": "20240319000774",
        "reprt_code": "11011",
        "bsns_year": "2023",
        "corp_code": "01008762",
        "stock_code": "194480",
        "fs_div": "CFS",
        "fs_nm": "연결재무제표",
        "sj_div": "BS",
        "sj_nm": "재무상태표",
        "account_nm": "비유동부채",
        "thstrm_nm": "제 17 기",
        "thstrm_dt": "2023.12.31 현재",
        "thstrm_amount": "79,501,815,124",
        "frmtrm_nm": "제 16 기",
        "frmtrm_dt": "2022.12.31 현재",
        "frmtrm_amount": "98,986,809,815",
        "bfefrmtrm_nm": "제 15 기",
        "bfefrmtrm_dt": "2021.12.31 현재",
        "bfefrmtrm_amount": "61,803,038,123",
        "ord": "9",
        "currency": "KRW"
    },
    {
        "rcept_no": "20240319000774",
        "reprt_code": "11011",
        "bsns_year": "2023",
        "corp_code": "01008762",
        "stock_code": "194480",
        "fs_div": "CFS",
        "fs_nm": "연결재무제표",
        "sj_div": "BS",
        "sj_nm": "재무상태표",
        "account_nm": "부채총계",
        "thstrm_nm": "제 17 기",
        "thstrm_dt": "2023.12.31 현재",
        "thstrm_amount": "105,194,369,267",
        "frmtrm_nm": "제 16 기",
        "frmtrm_dt": "2022.12.31 현재",
        "frmtrm_amount": "119,179,284,852",
        "bfefrmtrm_nm": "제 15 기",
        "bfefrmtrm_dt": "2021.12.31 현재",
        "bfefrmtrm_amount": "107,735,313,697",
        "ord": "11",
        "currency": "KRW"
    },
    {
        "rcept_no": "20240319000774",
        "reprt_code": "11011",
        "bsns_year": "2023",
        "corp_code": "01008762",
        "stock_code": "194480",
        "fs_div": "CFS",
        "fs_nm": "연결재무제표",
        "sj_div": "BS",
        "sj_nm": "재무상태표",
        "account_nm": "자본금",
        "thstrm_nm": "제 17 기",
        "thstrm_dt": "2023.12.31 현재",
        "thstrm_amount": "5,993,080,000",
        "frmtrm_nm": "제 16 기",
        "frmtrm_dt": "2022.12.31 현재",
        "frmtrm_amount": "5,925,910,500",
        "bfefrmtrm_nm": "제 15 기",
        "bfefrmtrm_dt": "2021.12.31 현재",
        "bfefrmtrm_amount": "5,903,300,000",
        "ord": "13",
        "currency": "KRW"
    },
    {
        "rcept_no": "20240319000774",
        "reprt_code": "11011",
        "bsns_year": "2023",
        "corp_code": "01008762",
        "stock_code": "194480",
        "fs_div": "CFS",
        "fs_nm": "연결재무제표",
        "sj_div": "BS",
        "sj_nm": "재무상태표",
        "account_nm": "이익잉여금",
        "thstrm_nm": "제 17 기",
        "thstrm_dt": "2023.12.31 현재",
        "thstrm_amount": "-9,148,094,620",
        "frmtrm_nm": "제 16 기",
        "frmtrm_dt": "2022.12.31 현재",
        "frmtrm_amount": "39,854,674,337",
        "bfefrmtrm_nm": "제 15 기",
        "bfefrmtrm_dt": "2021.12.31 현재",
        "bfefrmtrm_amount": "51,740,070,408",
        "ord": "17",
        "currency": "KRW"
    },
    {
        "rcept_no": "20240319000774",
        "reprt_code": "11011",
        "bsns_year": "2023",
        "corp_code": "01008762",
        "stock_code": "194480",
        "fs_div": "CFS",
        "fs_nm": "연결재무제표",
        "sj_div": "BS",
        "sj_nm": "재무상태표",
        "account_nm": "자본총계",
        "thstrm_nm": "제 17 기",
        "thstrm_dt": "2023.12.31 현재",
        "thstrm_amount": "134,557,437,613",
        "frmtrm_nm": "제 16 기",
        "frmtrm_dt": "2022.12.31 현재",
        "frmtrm_amount": "181,238,754,149",
        "bfefrmtrm_nm": "제 15 기",
        "bfefrmtrm_dt": "2021.12.31 현재",
        "bfefrmtrm_amount": "165,976,156,628",
        "ord": "21",
        "currency": "KRW"
    },
    {
        "rcept_no": "20240319000774",
        "reprt_code": "11011",
        "bsns_year": "2023",
        "corp_code": "01008762",
        "stock_code": "194480",
        "fs_div": "OFS",
        "fs_nm": "재무제표",
        "sj_div": "BS",
        "sj_nm": "재무상태표",
        "account_nm": "유동자산",
        "thstrm_nm": "제 17 기",
        "thstrm_dt": "2023.12.31 현재",
        "thstrm_amount": "60,969,395,651",
        "frmtrm_nm": "제 16 기",
        "frmtrm_dt": "2022.12.31 현재",
        "frmtrm_amount": "74,048,193,482",
        "bfefrmtrm_nm": "제 15 기",
        "bfefrmtrm_dt": "2021.12.31 현재",
        "bfefrmtrm_amount": "125,468,723,744",
        "ord": "2",
        "currency": "KRW"
    },
    {
        "rcept_no": "20240319000774",
        "reprt_code": "11011",
        "bsns_year": "2023",
        "corp_code": "01008762",
        "stock_code": "194480",
        "fs_div": "OFS",
        "fs_nm": "재무제표",
        "sj_div": "BS",
        "sj_nm": "재무상태표",
        "account_nm": "비유동자산",
        "thstrm_nm": "제 17 기",
        "thstrm_dt": "2023.12.31 현재",
        "thstrm_amount": "115,878,388,499",
        "frmtrm_nm": "제 16 기",
        "frmtrm_dt": "2022.12.31 현재",
        "frmtrm_amount": "140,644,151,313",
        "bfefrmtrm_nm": "제 15 기",
        "bfefrmtrm_dt": "2021.12.31 현재",
        "bfefrmtrm_amount": "97,190,562,758",
        "ord": "4",
        "currency": "KRW"
    },
    {
        "rcept_no": "20240319000774",
        "reprt_code": "11011",
        "bsns_year": "2023",
        "corp_code": "01008762",
        "stock_code": "194480",
        "fs_div": "OFS",
        "fs_nm": "재무제표",
        "sj_div": "BS",
        "sj_nm": "재무상태표",
        "account_nm": "자산총계",
        "thstrm_nm": "제 17 기",
        "thstrm_dt": "2023.12.31 현재",
        "thstrm_amount": "176,847,784,150",
        "frmtrm_nm": "제 16 기",
        "frmtrm_dt": "2022.12.31 현재",
        "frmtrm_amount": "214,692,344,795",
        "bfefrmtrm_nm": "제 15 기",
        "bfefrmtrm_dt": "2021.12.31 현재",
        "bfefrmtrm_amount": "222,659,286,502",
        "ord": "6",
        "currency": "KRW"
    },
    {
        "rcept_no": "20240319000774",
        "reprt_code": "11011",
        "bsns_year": "2023",
        "corp_code": "01008762",
        "stock_code": "194480",
        "fs_div": "OFS",
        "fs_nm": "재무제표",
        "sj_div": "BS",
        "sj_nm": "재무상태표",
        "account_nm": "유동부채",
        "thstrm_nm": "제 17 기",
        "thstrm_dt": "2023.12.31 현재",
        "thstrm_amount": "19,998,150,001",
        "frmtrm_nm": "제 16 기",
        "frmtrm_dt": "2022.12.31 현재",
        "frmtrm_amount": "21,113,656,812",
        "bfefrmtrm_nm": "제 15 기",
        "bfefrmtrm_dt": "2021.12.31 현재",
        "bfefrmtrm_amount": "49,778,856,067",
        "ord": "8",
        "currency": "KRW"
    },
    {
        "rcept_no": "20240319000774",
        "reprt_code": "11011",
        "bsns_year": "2023",
        "corp_code": "01008762",
        "stock_code": "194480",
        "fs_div": "OFS",
        "fs_nm": "재무제표",
        "sj_div": "BS",
        "sj_nm": "재무상태표",
        "account_nm": "비유동부채",
        "thstrm_nm": "제 17 기",
        "thstrm_dt": "2023.12.31 현재",
        "thstrm_amount": "13,021,994,157",
        "frmtrm_nm": "제 16 기",
        "frmtrm_dt": "2022.12.31 현재",
        "frmtrm_amount": "11,548,769,923",
        "bfefrmtrm_nm": "제 15 기",
        "bfefrmtrm_dt": "2021.12.31 현재",
        "bfefrmtrm_amount": "7,245,699,904",
        "ord": "10",
        "currency": "KRW"
    },
    {
        "rcept_no": "20240319000774",
        "reprt_code": "11011",
        "bsns_year": "2023",
        "corp_code": "01008762",
        "stock_code": "194480",
        "fs_div": "OFS",
        "fs_nm": "재무제표",
        "sj_div": "BS",
        "sj_nm": "재무상태표",
        "account_nm": "부채총계",
        "thstrm_nm": "제 17 기",
        "thstrm_dt": "2023.12.31 현재",
        "thstrm_amount": "33,020,144,158",
        "frmtrm_nm": "제 16 기",
        "frmtrm_dt": "2022.12.31 현재",
        "frmtrm_amount": "32,662,426,735",
        "bfefrmtrm_nm": "제 15 기",
        "bfefrmtrm_dt": "2021.12.31 현재",
        "bfefrmtrm_amount": "57,024,555,971",
        "ord": "12",
        "currency": "KRW"
    },
    {
        "rcept_no": "20240319000774",
        "reprt_code": "11011",
        "bsns_year": "2023",
        "corp_code": "01008762",
        "stock_code": "194480",
        "fs_div": "OFS",
        "fs_nm": "재무제표",
        "sj_div": "BS",
        "sj_nm": "재무상태표",
        "account_nm": "자본금",
        "thstrm_nm": "제 17 기",
        "thstrm_dt": "2023.12.31 현재",
        "thstrm_amount": "5,993,080,000",
        "frmtrm_nm": "제 16 기",
        "frmtrm_dt": "2022.12.31 현재",
        "frmtrm_amount": "5,925,910,500",
        "bfefrmtrm_nm": "제 15 기",
        "bfefrmtrm_dt": "2021.12.31 현재",
        "bfefrmtrm_amount": "5,903,300,000",
        "ord": "15",
        "currency": "KRW"
    },
    {
        "rcept_no": "20240319000774",
        "reprt_code": "11011",
        "bsns_year": "2023",
        "corp_code": "01008762",
        "stock_code": "194480",
        "fs_div": "OFS",
        "fs_nm": "재무제표",
        "sj_div": "BS",
        "sj_nm": "재무상태표",
        "account_nm": "이익잉여금",
        "thstrm_nm": "제 17 기",
        "thstrm_dt": "2023.12.31 현재",
        "thstrm_amount": "-371,112,989",
        "frmtrm_nm": "제 16 기",
        "frmtrm_dt": "2022.12.31 현재",
        "frmtrm_amount": "42,509,970,155",
        "bfefrmtrm_nm": "제 15 기",
        "bfefrmtrm_dt": "2021.12.31 현재",
        "bfefrmtrm_amount": "50,395,170,390",
        "ord": "19",
        "currency": "KRW"
    },
    {
        "rcept_no": "20240319000774",
        "reprt_code": "11011",
        "bsns_year": "2023",
        "corp_code": "01008762",
        "stock_code": "194480",
        "fs_div": "OFS",
        "fs_nm": "재무제표",
        "sj_div": "BS",
        "sj_nm": "재무상태표",
        "account_nm": "자본총계",
        "thstrm_nm": "제 17 기",
        "thstrm_dt": "2023.12.31 현재",
        "thstrm_amount": "143,827,639,992",
        "frmtrm_nm": "제 16 기",
        "frmtrm_dt": "2022.12.31 현재",
        "frmtrm_amount": "182,029,918,060",
        "bfefrmtrm_nm": "제 15 기",
        "bfefrmtrm_dt": "2021.12.31 현재",
        "bfefrmtrm_amount": "165,634,730,531",
        "ord": "22",
        "currency": "KRW"
    }
]