[
    {
        "rcept_no": "20240319000774",
        "reprt_code": "11011",
        "bsns_year": "2023",
        "corp_code": "01008762",
        "stock_code": "194480",
        "fs_div": "CFS",
        "fs_nm": "연결재무제표",
        "sj_div": "IS",
        "sj_nm": "손익계산서",
        "account_nm": "영업이익",
        "thstrm_nm": "제 17 기",
        "thstrm_dt": "2023.01.01 ~ 2023.12.31",
        "thstrm_amount": "-47,992,774,337",
        "frmtrm_nm": "제 16 기",
        "frmtrm_dt": "2022.01.01 ~ 2022.12.31",
        "frmtrm_amount": "-19,910,863,432",
        "bfefrmtrm_nm": "제 15 기",
        "bfefrmtrm_dt": "2021.01.01 ~ 2021.12.31",
        "bfefrmtrm_amount": "56,654,442,538",
        "ord": "25",
        "currency": "KRW"
    },
    {
        "rcept_no": "20240319000774",
        "reprt_code": "11011",
        "bsns_year": "2023",
        "corp_code": "01008762",
        "stock_code": "194480",
        "fs_div": "CFS",
        "fs_nm": "연결재무제표",
        "sj_div": "IS",
        "sj_nm": "손익계산서",
        "account_nm": "법인세차감전 순이익",
        "thstrm_nm": "제 17 기",
        "thstrm_dt": "2023.01.01 ~ 2023.12.31",
        "thstrm_amount": "-49,544,629,245",
        "frmtrm_nm": "제 16 기",
        "frmtrm_dt": "2022.01.01 ~ 2022.12.31",
        "frmtrm_amount": "-9,808,658,896",
        "bfefrmtrm_nm": "제 15 기",
        "bfefrmtrm_dt": "2021.01.01 ~ 2021.12.31",
        "bfefrmtrm_amount": "68,364,611,892",
        "ord": "27",
        "currency": "KRW"
    },
    {
        "rcept_no": "20240319000774",
        "reprt_code": "11011",
        "bsns_year": "2023",
        "corp_code": "01008762",
        "stock_code": "194480",
        "fs_div": "CFS",
        "fs_nm": "연결재무제표",
        "sj_div": "IS",
        "sj_nm": "손익계산서",
        "account_nm": "당기순이익",
        "thstrm_nm": "제 17 기",
        "thstrm_dt": "2023.01.01 ~ 2023.12.31",
        "thstrm_amount": "-49,721,229,028",
        "frmtrm_nm": "제 16 기",
        "frmtrm_dt": "2022.01.01 ~ 2022.12.31",
        "frmtrm_amount": "-6,693,112,876",
        "bfefrmtrm_nm": "제 15 기",
        "bfefrmtrm_dt": "2021.01.01 ~ 2021.12.31",
        "bfefrmtrm_amount": "60,377,123,422",
        "ord": "29",
        "currency": "KRW"
    },
    {
        "rcept_no": "20240319000774",
        "reprt_code": "11011",
        "bsns_year": "2023",
        "corp_code": "01008762",
        "stock_code": "194480",
        "fs_div": "CFS",
        "fs_nm": "연결재무제표",
        "sj_div": "IS",
        "sj_nm": "손익계산서",
        "account_nm": "당기순이익(손실)",
        "thstrm_nm": "제 17 기",
        "thstrm_dt": "2023.01.01 ~ 2023.12.31",
        "thstrm_amount": "-49,721,229,028",
        "frmtrm_nm": "제 16 기",
        "frmtrm_dt": "2022.01.01 ~ 2022.12.31",
        "frmtrm_amount": "-6,693,112,876",
        "bfefrmtrm_nm": "제 15 기",
        "bfefrmtrm_dt": "2021.01.01 ~ 2021.12.31",
        "bfefrmtrm_amount": "60,377,123,422",
        "ord": "61",
        "currency": "KRW"
    },
    {
        "rcept_no": "20240319000774",
        "reprt_code": "11011",
        "bsns_year": "2023",
        "corp_code": "01008762",
        "stock_code": "194480",
        "fs_div": "CFS",
        "fs_nm": "연결재무제표",
        "sj_div": "IS",
        "sj_nm": "손익계산서",
        "account_nm": "총포괄손익",
        "thstrm_nm": "제 17 기",
        "thstrm_dt": "2023.01.01 ~ 2023.12.31",
        "thstrm_amount": "-53,004,834,231",
        "frmtrm_nm": "제 16 기",
        "frmtrm_dt": "2022.01.01 ~ 2022.12.31",
        "frmtrm_amount": "11,348,474,864",
        "bfefrmtrm_nm": "제 15 기",
        "bfefrmtrm_dt": "2021.01.01 ~ 2021.12.31",
        "bfefrmtrm_amount": "58,987,186,075",
        "ord": "63",
        "currency": "KRW"
    },
    {
        "rcept_no": "20240319000774",
        "reprt_code": "11011",
        "bsns_year": "2023",
        "corp_code": "01008762",
        "stock_code": "194480",
        "fs_div": "OFS",
        "fs_nm": "재무제표",
        "sj_div": "IS",
        "sj_nm": "손익계산서",
        "account_nm": "영업이익",
        "thstrm_nm": "제 17 기",
        "thstrm_dt": "2023.01.01 ~ 2023.12.31",
        "thstrm_amount": "-20,662,259,220",
        "frmtrm_nm": "제 16 기",
        "frmtrm_dt": "2022.01.01 ~ 2022.12.31",
        "frmtrm_amount": "-3,829,284,454",
        "bfefrmtrm_nm": "제 15 기",
        "bfefrmtrm_dt": "2021.01.01 ~ 2021.12.31",
        "bfefrmtrm_amount": "52,416,750,489",
        "ord": "26",
        "currency": "KRW"
    },
    {
        "rcept_no": "20240319000774",
        "reprt_code": "11011",
        "bsns_year": "2023",
        "corp_code": "01008762",
        "stock_code": "194480",
        "fs_div": "OFS",
        "fs_nm": "재무제표",
        "sj_div": "IS",
        "sj_nm": "손익계산서",
        "account_nm": "법인세차감전 순이익",
        "thstrm_nm": "제 17 기",
        "thstrm_dt": "2023.01.01 ~ 2023.12.31",
        "thstrm_amount": "-43,383,619,480",
        "frmtrm_nm": "제 16 기",
        "frmtrm_dt": "2022.01.01 ~ 2022.12.31",
        "frmtrm_amount": "-6,202,238,163",
        "bfefrmtrm_nm": "제 15 기",
        "bfefrmtrm_dt": "2021.01.01 ~ 2021.12.31",
        "bfefrmtrm_amount": "71,566,192,656",
        "ord": "28",
        "currency": "KRW"
    },
    {
        "rcept_no": "20240319000774",
        "reprt_code": "11011",
        "bsns_year": "2023",
        "corp_code": "01008762",
        "stock_code": "194480",
        "fs_div": "OFS",
        "fs_nm": "재무제표",
        "sj_div": "IS",
        "sj_nm": "손익계산서",
        "account_nm": "당기순이익",
        "thstrm_nm": "제 17 기",
        "thstrm_dt": "2023.01.01 ~ 2023.12.31",
        "thstrm_amount": "-43,383,619,480",
        "frmtrm_nm": "제 16 기",
        "frmtrm_dt": "2022.01.01 ~ 2022.12.31",
        "frmtrm_amount": "-2,761,134,510",
        "bfefrmtrm_nm": "제 15 기",
        "bfefrmtrm_dt": "2021.01.01 ~ 2021.12.31",
        "bfefrmtrm_amount": "63,760,058,931",
        "ord": "30",
        "currency": "KRW"
    },
    {
        "rcept_no": "20240319000774",
        "reprt_code": "11011",
        "bsns_year": "2023",
        "corp_code": "01008762",
        "stock_code": "194480",
        "fs_div": "OFS",
        "fs_nm": "재무제표",
        "sj_div": "IS",
        "sj_nm": "손익계산서",
        "account_nm": "당기순이익(손실)",
        "thstrm_nm": "제 17 기",
        "thstrm_dt": "2023.01.01 ~ 2023.12.31",
        "thstrm_amount": "-43,383,619,480",
        "frmtrm_nm": "제 16 기",
        "frmtrm_dt": "2022.01.01 ~ 2022.12.31",
        "frmtrm_amount": "-2,761,134,510",
        "bfefrmtrm_nm": "제 15 기",
        "bfefrmtrm_dt": "2021.01.01 ~ 2021.12.31",
        "bfefrmtrm_amount": "63,760,058,931",
        "ord": "62",
        "currency": "KRW"
    },
    {
        "rcept_no": "20240319000774",
        "reprt_code": "11011",
        "bsns_year": "2023",
        "corp_code": "01008762",
        "stock_code": "194480",
        "fs_div": "OFS",
        "fs_nm": "재무제표",
        "sj_div": "IS",
        "sj_nm": "손익계산서",
        "account_nm": "총포괄손익",
        "thstrm_nm": "제 17 기",
        "thstrm_dt": "2023.01.01 ~ 2023.12.31",
        "thstrm_amount": "-43,514,715,843",
        "frmtrm_nm": "제 16 기",
        "frmtrm_dt": "2022.01.01 ~ 2022.12.31",
        "frmtrm_amount": "13,194,801,106",
        "bfefrmtrm_nm": "제 15 기",
        "bfefrmtrm_dt": "2021.01.01 ~ 2021.12.31",
        "bfefrmtrm_amount": "62,340,523,442",
        "ord": "64",
        "currency": "KRW"
    }
]