{
    "2024": {
        "EPS": 3.65,
        "BPS": 63.56,
        "ROE(%)": 5.75,
        "ROA(%)": 5.27,
        "부채비율(%)": 9.04,
        "유동비율(%)": 816.69,
        "영업이익률(%)": 11.85,
        "순이익률(%)": 12.16
    },
    "2023": {
        "EPS": 4.79,
        "BPS": 59.61,
        "ROE(%)": 8.04,
        "ROA(%)": 7.27,
        "부채비율(%)": 10.62,
        "유동비율(%)": 663.02,
        "영업이익률(%)": 11.3,
        "순이익률(%)": 17.2
    },
    "2022": {
        "EPS": 2.55,
        "BPS": 32.8,
        "ROE(%)": 7.76,
        "ROA(%)": 5.71,
        "부채비율(%)": 35.98,
        "유동비율(%)": 223.99,
        "영업이익률(%)": 8.61,
        "순이익률(%)": 9.81
    }
}