[
    {
        "rcept_no": "20240319000641",
        "reprt_code": "11011",
        "bsns_year": "2023",
        "corp_code": "00874803",
        "stock_code": "211270",
        "fs_div": "OFS",
        "fs_nm": "재무제표",
        "sj_div": "IS",
        "sj_nm": "손익계산서",
        "account_nm": "매출액",
        "thstrm_nm": "제 13 기",
        "thstrm_dt": "2023.01.01 ~ 2023.12.31",
        "thstrm_amount": "49,434,135,093",
        "frmtrm_nm": "제 12 기",
        "frmtrm_dt": "2022.01.01 ~ 2022.12.31",
        "frmtrm_amount": "53,604,126,086",
        "bfefrmtrm_nm": "제 11 기",
        "bfefrmtrm_dt": "2021.01.01 ~ 2021.12.31",
        "bfefrmtrm_amount": "40,201,720,460",
        "ord": "24",
        "currency": "KRW"
    },
    {
        "rcept_no": "20240319000641",
        "reprt_code": "11011",
        "bsns_year": "2023",
        "corp_code": "00874803",
        "stock_code": "211270",
        "fs_div": "OFS",
        "fs_nm": "재무제표",
        "sj_div": "IS",
        "sj_nm": "손익계산서",
        "account_nm": "영업이익",
        "thstrm_nm": "제 13 기",
        "thstrm_dt": "2023.01.01 ~ 2023.12.31",
        "thstrm_amount": "10,071,432,183",
        "frmtrm_nm": "제 12 기",
        "frmtrm_dt": "2022.01.01 ~ 2022.12.31",
        "frmtrm_amount": "4,494,271,143",
        "bfefrmtrm_nm": "제 11 기",
        "bfefrmtrm_dt": "2021.01.01 ~ 2021.12.31",
        "bfefrmtrm_amount": "842,198,469",
        "ord": "26",
        "currency": "KRW"
    },
    {
        "rcept_no": "20240319000641",
        "reprt_code": "11011",
        "bsns_year": "2023",
        "corp_code": "00874803",
        "stock_code": "211270",
        "fs_div": "OFS",
        "fs_nm": "재무제표",
        "sj_div": "IS",
        "sj_nm": "손익계산서",
        "account_nm": "법인세차감전 순이익",
        "thstrm_nm": "제 13 기",
        "thstrm_dt": "2023.01.01 ~ 2023.12.31",
        "thstrm_amount": "13,366,342,819",
        "frmtrm_nm": "제 12 기",
        "frmtrm_dt": "2022.01.01 ~ 2022.12.31",
        "frmtrm_amount": "5,241,756,785",
        "bfefrmtrm_nm": "제 11 기",
        "bfefrmtrm_dt": "2021.01.01 ~ 2021.12.31",
        "bfefrmtrm_amount": "1,795,773,615",
        "ord": "28",
        "currency": "KRW"
    },
    {
        "rcept_no": "20240319000641",
        "reprt_code": "11011",
        "bsns_year": "2023",
        "corp_code": "00874803",
        "stock_code": "211270",
        "fs_div": "OFS",
        "fs_nm": "재무제표",
        "sj_div": "IS",
        "sj_nm": "손익계산서",
        "account_nm": "당기순이익",
        "thstrm_nm": "제 13 기",
        "thstrm_dt": "2023.01.01 ~ 2023.12.31",
        "thstrm_amount": "10,514,932,202",
        "frmtrm_nm": "제 12 기",
        "frmtrm_dt": "2022.01.01 ~ 2022.12.31",
        "frmtrm_amount": "4,077,471,425",
        "bfefrmtrm_nm": "제 11 기",
        "bfefrmtrm_dt": "2021.01.01 ~ 2021.12.31",
        "bfefrmtrm_amount": "1,401,740,834",
        "ord": "30",
        "currency": "KRW"
    },
    {
        "rcept_no": "20240319000641",
        "reprt_code": "11011",
        "bsns_year": "2023",
        "corp_code": "00874803",
        "stock_code": "211270",
        "fs_div": "OFS",
        "fs_nm": "재무제표",
        "sj_div": "IS",
        "sj_nm": "손익계산서",
        "account_nm": "당기순이익(손실)",
        "thstrm_nm": "제 13 기",
        "thstrm_dt": "2023.01.01 ~ 2023.12.31",
        "thstrm_amount": "10,514,932,202",
        "frmtrm_nm": "제 12 기",
        "frmtrm_dt": "2022.01.01 ~ 2022.12.31",
        "frmtrm_amount": "4,077,471,425",
        "bfefrmtrm_nm": "제 11 기",
        "bfefrmtrm_dt": "2021.01.01 ~ 2021.12.31",
        "bfefrmtrm_amount": "1,401,740,834",
        "ord": "62",
        "currency": "KRW"
    },
    {
        "rcept_no": "20240319000641",
        "reprt_code": "11011",
        "bsns_year": "2023",
        "corp_code": "00874803",
        "stock_code": "211270",
        "fs_div": "OFS",
        "fs_nm": "재무제표",
        "sj_div": "IS",
        "sj_nm": "손익계산서",
        "account_nm": "총포괄손익",
        "thstrm_nm": "제 13 기",
        "thstrm_dt": "2023.01.01 ~ 2023.12.31",
        "thstrm_amount": "10,382,571,401",
        "frmtrm_nm": "제 12 기",
        "frmtrm_dt": "2022.01.01 ~ 2022.12.31",
        "frmtrm_amount": "4,470,638,056",
        "bfefrmtrm_nm": "제 11 기",
        "bfefrmtrm_dt": "2021.01.01 ~ 2021.12.31",
        "bfefrmtrm_amount": "1,217,782,666",
        "ord": "64",
        "currency": "KRW"
    }
]