{
    "2024": {
        "EPS": 10.43,
        "BPS": 105.22,
        "ROE(%)": 9.91,
        "ROA(%)": 7.72,
        "부채비율(%)": 28.45,
        "유동비율(%)": 405.83,
        "영업이익률(%)": 12.45,
        "순이익률(%)": 17.79
    },
    "2023": {
        "EPS": 10.51,
        "BPS": 95.08,
        "ROE(%)": 11.06,
        "ROA(%)": 7.27,
        "부채비율(%)": 52.04,
        "유동비율(%)": 263.79,
        "영업이익률(%)": 20.37,
        "순이익률(%)": 21.27
    },
    "2022": {
        "EPS": 4.08,
        "BPS": 85.35,
        "ROE(%)": 4.78,
        "ROA(%)": 3.73,
        "부채비율(%)": 28.06,
        "유동비율(%)": 412.02,
        "영업이익률(%)": 8.38,
        "순이익률(%)": 7.61
    }
}