[
    {
        "rcept_no": "20230317000964",
        "reprt_code": "11011",
        "bsns_year": "2022",
        "corp_code": "00874803",
        "stock_code": "211270",
        "fs_div": "OFS",
        "fs_nm": "재무제표",
        "sj_div": "IS",
        "sj_nm": "손익계산서",
        "account_nm": "매출액",
        "thstrm_nm": "제 12 기",
        "thstrm_dt": "2022.01.01 ~ 2022.12.31",
        "thstrm_amount": "53,604,126,086",
        "frmtrm_nm": "제 11 기",
        "frmtrm_dt": "2021.01.01 ~ 2021.12.31",
        "frmtrm_amount": "40,201,720,460",
        "bfefrmtrm_nm": "제 10 기",
        "bfefrmtrm_dt": "2020.01.01 ~ 2020.12.31",
        "bfefrmtrm_amount": "45,379,281,619",
        "ord": "24",
        "currency": "KRW"
    },
    {
        "rcept_no": "20230317000964",
        "reprt_code": "11011",
        "bsns_year": "2022",
        "corp_code": "00874803",
        "stock_code": "211270",
        "fs_div": "OFS",
        "fs_nm": "재무제표",
        "sj_div": "IS",
        "sj_nm": "손익계산서",
        "account_nm": "영업이익",
        "thstrm_nm": "제 12 기",
        "thstrm_dt": "2022.01.01 ~ 2022.12.31",
        "thstrm_amount": "4,494,271,143",
        "frmtrm_nm": "제 11 기",
        "frmtrm_dt": "2021.01.01 ~ 2021.12.31",
        "frmtrm_amount": "842,198,469",
        "bfefrmtrm_nm": "제 10 기",
        "bfefrmtrm_dt": "2020.01.01 ~ 2020.12.31",
        "bfefrmtrm_amount": "4,376,442,736",
        "ord": "26",
        "currency": "KRW"
    },
    {
        "rcept_no": "20230317000964",
        "reprt_code": "11011",
        "bsns_year": "2022",
        "corp_code": "00874803",
        "stock_code": "211270",
        "fs_div": "OFS",
        "fs_nm": "재무제표",
        "sj_div": "IS",
        "sj_nm": "손익계산서",
        "account_nm": "법인세차감전 순이익",
        "thstrm_nm": "제 12 기",
        "thstrm_dt": "2022.01.01 ~ 2022.12.31",
        "thstrm_amount": "5,241,756,785",
        "frmtrm_nm": "제 11 기",
        "frmtrm_dt": "2021.01.01 ~ 2021.12.31",
        "frmtrm_amount": "1,795,773,615",
        "bfefrmtrm_nm": "제 10 기",
        "bfefrmtrm_dt": "2020.01.01 ~ 2020.12.31",
        "bfefrmtrm_amount": "809,168,506",
        "ord": "28",
        "currency": "KRW"
    },
    {
        "rcept_no": "20230317000964",
        "reprt_code": "11011",
        "bsns_year": "2022",
        "corp_code": "00874803",
        "stock_code": "211270",
        "fs_div": "OFS",
        "fs_nm": "재무제표",
        "sj_div": "IS",
        "sj_nm": "손익계산서",
        "account_nm": "당기순이익",
        "thstrm_nm": "제 12 기",
        "thstrm_dt": "2022.01.01 ~ 2022.12.31",
        "thstrm_amount": "4,077,471,425",
        "frmtrm_nm": "제 11 기",
        "frmtrm_dt": "2021.01.01 ~ 2021.12.31",
        "frmtrm_amount": "1,401,740,834",
        "bfefrmtrm_nm": "제 10 기",
        "bfefrmtrm_dt": "2020.01.01 ~ 2020.12.31",
        "bfefrmtrm_amount": "-1,361,421,642",
        "ord": "30",
        "currency": "KRW"
    },
    {
        "rcept_no": "20230317000964",
        "reprt_code": "11011",
        "bsns_year": "2022",
        "corp_code": "00874803",
        "stock_code": "211270",
        "fs_div": "OFS",
        "fs_nm": "재무제표",
        "sj_div": "IS",
        "sj_nm": "손익계산서",
        "account_nm": "당기순이익(손실)",
        "thstrm_nm": "제 12 기",
        "thstrm_dt": "2022.01.01 ~ 2022.12.31",
        "thstrm_amount": "4,077,471,425",
        "frmtrm_nm": "제 11 기",
        "frmtrm_dt": "2021.01.01 ~ 2021.12.31",
        "frmtrm_amount": "1,401,740,834",
        "bfefrmtrm_nm": "제 10 기",
        "bfefrmtrm_dt": "2020.01.01 ~ 2020.12.31",
        "bfefrmtrm_amount": "-1,361,421,642",
        "ord": "62",
        "currency": "KRW"
    }
]