[
    {
        "rcept_no": "20240319000641",
        "reprt_code": "11011",
        "bsns_year": "2023",
        "corp_code": "00874803",
        "stock_code": "211270",
        "fs_div": "OFS",
        "fs_nm": "재무제표",
        "sj_div": "BS",
        "sj_nm": "재무상태표",
        "account_nm": "유동자산",
        "thstrm_nm": "제 13 기",
        "thstrm_dt": "2023.12.31 현재",
        "thstrm_amount": "129,830,727,294",
        "frmtrm_nm": "제 12 기",
        "frmtrm_dt": "2022.12.31 현재",
        "frmtrm_amount": "98,071,393,389",
        "bfefrmtrm_nm": "제 11 기",
        "bfefrmtrm_dt": "2021.12.31 현재",
        "bfefrmtrm_amount": "100,773,902,803",
        "ord": "2",
        "currency": "KRW"
    },
    {
        "rcept_no": "20240319000641",
        "reprt_code": "11011",
        "bsns_year": "2023",
        "corp_code": "00874803",
        "stock_code": "211270",
        "fs_div": "OFS",
        "fs_nm": "재무제표",
        "sj_div": "BS",
        "sj_nm": "재무상태표",
        "account_nm": "비유동자산",
        "thstrm_nm": "제 13 기",
        "thstrm_dt": "2023.12.31 현재",
        "thstrm_amount": "14,725,880,376",
        "frmtrm_nm": "제 12 기",
        "frmtrm_dt": "2022.12.31 현재",
        "frmtrm_amount": "11,227,990,990",
        "bfefrmtrm_nm": "제 11 기",
        "bfefrmtrm_dt": "2021.12.31 현재",
        "bfefrmtrm_amount": "10,414,260,481",
        "ord": "4",
        "currency": "KRW"
    },
    {
        "rcept_no": "20240319000641",
        "reprt_code": "11011",
        "bsns_year": "2023",
        "corp_code": "00874803",
        "stock_code": "211270",
        "fs_div": "OFS",
        "fs_nm": "재무제표",
        "sj_div": "BS",
        "sj_nm": "재무상태표",
        "account_nm": "자산총계",
        "thstrm_nm": "제 13 기",
        "thstrm_dt": "2023.12.31 현재",
        "thstrm_amount": "144,556,607,670",
        "frmtrm_nm": "제 12 기",
        "frmtrm_dt": "2022.12.31 현재",
        "frmtrm_amount": "109,299,384,379",
        "bfefrmtrm_nm": "제 11 기",
        "bfefrmtrm_dt": "2021.12.31 현재",
        "bfefrmtrm_amount": "111,188,163,284",
        "ord": "6",
        "currency": "KRW"
    },
    {
        "rcept_no": "20240319000641",
        "reprt_code": "11011",
        "bsns_year": "2023",
        "corp_code": "00874803",
        "stock_code": "211270",
        "fs_div": "OFS",
        "fs_nm": "재무제표",
        "sj_div": "BS",
        "sj_nm": "재무상태표",
        "account_nm": "유동부채",
        "thstrm_nm": "제 13 기",
        "thstrm_dt": "2023.12.31 현재",
        "thstrm_amount": "49,217,428,584",
        "frmtrm_nm": "제 12 기",
        "frmtrm_dt": "2022.12.31 현재",
        "frmtrm_amount": "23,802,341,170",
        "bfefrmtrm_nm": "제 11 기",
        "bfefrmtrm_dt": "2021.12.31 현재",
        "bfefrmtrm_amount": "29,627,992,890",
        "ord": "8",
        "currency": "KRW"
    },
    {
        "rcept_no": "20240319000641",
        "reprt_code": "11011",
        "bsns_year": "2023",
        "corp_code": "00874803",
        "stock_code": "211270",
        "fs_div": "OFS",
        "fs_nm": "재무제표",
        "sj_div": "BS",
        "sj_nm": "재무상태표",
        "account_nm": "비유동부채",
        "thstrm_nm": "제 13 기",
        "thstrm_dt": "2023.12.31 현재",
        "thstrm_amount": "261,516,221",
        "frmtrm_nm": "제 12 기",
        "frmtrm_dt": "2022.12.31 현재",
        "frmtrm_amount": "146,004,807",
        "bfefrmtrm_nm": "제 11 기",
        "bfefrmtrm_dt": "2021.12.31 현재",
        "bfefrmtrm_amount": "455,396,042",
        "ord": "10",
        "currency": "KRW"
    },
    {
        "rcept_no": "20240319000641",
        "reprt_code": "11011",
        "bsns_year": "2023",
        "corp_code": "00874803",
        "stock_code": "211270",
        "fs_div": "OFS",
        "fs_nm": "재무제표",
        "sj_div": "BS",
        "sj_nm": "재무상태표",
        "account_nm": "부채총계",
        "thstrm_nm": "제 13 기",
        "thstrm_dt": "2023.12.31 현재",
        "thstrm_amount": "49,478,944,805",
        "frmtrm_nm": "제 12 기",
        "frmtrm_dt": "2022.12.31 현재",
        "frmtrm_amount": "23,948,345,977",
        "bfefrmtrm_nm": "제 11 기",
        "bfefrmtrm_dt": "2021.12.31 현재",
        "bfefrmtrm_amount": "30,083,388,932",
        "ord": "12",
        "currency": "KRW"
    },
    {
        "rcept_no": "20240319000641",
        "reprt_code": "11011",
        "bsns_year": "2023",
        "corp_code": "00874803",
        "stock_code": "211270",
        "fs_div": "OFS",
        "fs_nm": "재무제표",
        "sj_div": "BS",
        "sj_nm": "재무상태표",
        "account_nm": "자본금",
        "thstrm_nm": "제 13 기",
        "thstrm_dt": "2023.12.31 현재",
        "thstrm_amount": "7,541,152,000",
        "frmtrm_nm": "제 12 기",
        "frmtrm_dt": "2022.12.31 현재",
        "frmtrm_amount": "7,541,152,000",
        "bfefrmtrm_nm": "제 11 기",
        "bfefrmtrm_dt": "2021.12.31 현재",
        "bfefrmtrm_amount": "7,541,152,000",
        "ord": "15",
        "currency": "KRW"
    },
    {
        "rcept_no": "20240319000641",
        "reprt_code": "11011",
        "bsns_year": "2023",
        "corp_code": "00874803",
        "stock_code": "211270",
        "fs_div": "OFS",
        "fs_nm": "재무제표",
        "sj_div": "BS",
        "sj_nm": "재무상태표",
        "account_nm": "이익잉여금",
        "thstrm_nm": "제 13 기",
        "thstrm_dt": "2023.12.31 현재",
        "thstrm_amount": "33,408,946,957",
        "frmtrm_nm": "제 12 기",
        "frmtrm_dt": "2022.12.31 현재",
        "frmtrm_amount": "24,024,828,223",
        "bfefrmtrm_nm": "제 11 기",
        "bfefrmtrm_dt": "2021.12.31 현재",
        "bfefrmtrm_amount": "20,303,504,099",
        "ord": "19",
        "currency": "KRW"
    },
    {
        "rcept_no": "20240319000641",
        "reprt_code": "11011",
        "bsns_year": "2023",
        "corp_code": "00874803",
        "stock_code": "211270",
        "fs_div": "OFS",
        "fs_nm": "재무제표",
        "sj_div": "BS",
        "sj_nm": "재무상태표",
        "account_nm": "자본총계",
        "thstrm_nm": "제 13 기",
        "thstrm_dt": "2023.12.31 현재",
        "thstrm_amount": "95,077,662,865",
        "frmtrm_nm": "제 12 기",
        "frmtrm_dt": "2022.12.31 현재",
        "frmtrm_amount": "85,351,038,402",
        "bfefrmtrm_nm": "제 11 기",
        "bfefrmtrm_dt": "2021.12.31 현재",
        "bfefrmtrm_amount": "81,104,774,352",
        "ord": "22",
        "currency": "KRW"
    }
]