[
    {
        "rcept_no": "20250319000342",
        "reprt_code": "11011",
        "bsns_year": "2024",
        "corp_code": "00874803",
        "stock_code": "211270",
        "fs_div": "OFS",
        "fs_nm": "재무제표",
        "sj_div": "BS",
        "sj_nm": "재무상태표",
        "account_nm": "유동자산",
        "thstrm_nm": "제 14 기",
        "thstrm_dt": "2024.12.31 현재",
        "thstrm_amount": "116,066,466,172",
        "frmtrm_nm": "제 13 기",
        "frmtrm_dt": "2023.12.31 현재",
        "frmtrm_amount": "129,830,727,294",
        "bfefrmtrm_nm": "제 12 기",
        "bfefrmtrm_dt": "2022.12.31 현재",
        "bfefrmtrm_amount": "98,071,393,389",
        "ord": "2",
        "currency": "KRW"
    },
    {
        "rcept_no": "20250319000342",
        "reprt_code": "11011",
        "bsns_year": "2024",
        "corp_code": "00874803",
        "stock_code": "211270",
        "fs_div": "OFS",
        "fs_nm": "재무제표",
        "sj_div": "BS",
        "sj_nm": "재무상태표",
        "account_nm": "비유동자산",
        "thstrm_nm": "제 14 기",
        "thstrm_dt": "2024.12.31 현재",
        "thstrm_amount": "19,090,990,961",
        "frmtrm_nm": "제 13 기",
        "frmtrm_dt": "2023.12.31 현재",
        "frmtrm_amount": "14,725,880,376",
        "bfefrmtrm_nm": "제 12 기",
        "bfefrmtrm_dt": "2022.12.31 현재",
        "bfefrmtrm_amount": "11,227,990,990",
        "ord": "4",
        "currency": "KRW"
    },
    {
        "rcept_no": "20250319000342",
        "reprt_code": "11011",
        "bsns_year": "2024",
        "corp_code": "00874803",
        "stock_code": "211270",
        "fs_div": "OFS",
        "fs_nm": "재무제표",
        "sj_div": "BS",
        "sj_nm": "재무상태표",
        "account_nm": "자산총계",
        "thstrm_nm": "제 14 기",
        "thstrm_dt": "2024.12.31 현재",
        "thstrm_amount": "135,157,457,133",
        "frmtrm_nm": "제 13 기",
        "frmtrm_dt": "2023.12.31 현재",
        "frmtrm_amount": "144,556,607,670",
        "bfefrmtrm_nm": "제 12 기",
        "bfefrmtrm_dt": "2022.12.31 현재",
        "bfefrmtrm_amount": "109,299,384,379",
        "ord": "6",
        "currency": "KRW"
    },
    {
        "rcept_no": "20250319000342",
        "reprt_code": "11011",
        "bsns_year": "2024",
        "corp_code": "00874803",
        "stock_code": "211270",
        "fs_div": "OFS",
        "fs_nm": "재무제표",
        "sj_div": "BS",
        "sj_nm": "재무상태표",
        "account_nm": "유동부채",
        "thstrm_nm": "제 14 기",
        "thstrm_dt": "2024.12.31 현재",
        "thstrm_amount": "28,599,997,438",
        "frmtrm_nm": "제 13 기",
        "frmtrm_dt": "2023.12.31 현재",
        "frmtrm_amount": "49,217,428,584",
        "bfefrmtrm_nm": "제 12 기",
        "bfefrmtrm_dt": "2022.12.31 현재",
        "bfefrmtrm_amount": "23,802,341,170",
        "ord": "8",
        "currency": "KRW"
    },
    {
        "rcept_no": "20250319000342",
        "reprt_code": "11011",
        "bsns_year": "2024",
        "corp_code": "00874803",
        "stock_code": "211270",
        "fs_div": "OFS",
        "fs_nm": "재무제표",
        "sj_div": "BS",
        "sj_nm": "재무상태표",
        "account_nm": "비유동부채",
        "thstrm_nm": "제 14 기",
        "thstrm_dt": "2024.12.31 현재",
        "thstrm_amount": "1,336,748,459",
        "frmtrm_nm": "제 13 기",
        "frmtrm_dt": "2023.12.31 현재",
        "frmtrm_amount": "261,516,221",
        "bfefrmtrm_nm": "제 12 기",
        "bfefrmtrm_dt": "2022.12.31 현재",
        "bfefrmtrm_amount": "146,004,807",
        "ord": "10",
        "currency": "KRW"
    },
    {
        "rcept_no": "20250319000342",
        "reprt_code": "11011",
        "bsns_year": "2024",
        "corp_code": "00874803",
        "stock_code": "211270",
        "fs_div": "OFS",
        "fs_nm": "재무제표",
        "sj_div": "BS",
        "sj_nm": "재무상태표",
        "account_nm": "부채총계",
        "thstrm_nm": "제 14 기",
        "thstrm_dt": "2024.12.31 현재",
        "thstrm_amount": "29,936,745,897",
        "frmtrm_nm": "제 13 기",
        "frmtrm_dt": "2023.12.31 현재",
        "frmtrm_amount": "49,478,944,805",
        "bfefrmtrm_nm": "제 12 기",
        "bfefrmtrm_dt": "2022.12.31 현재",
        "bfefrmtrm_amount": "23,948,345,977",
        "ord": "12",
        "currency": "KRW"
    },
    {
        "rcept_no": "20250319000342",
        "reprt_code": "11011",
        "bsns_year": "2024",
        "corp_code": "00874803",
        "stock_code": "211270",
        "fs_div": "OFS",
        "fs_nm": "재무제표",
        "sj_div": "BS",
        "sj_nm": "재무상태표",
        "account_nm": "자본금",
        "thstrm_nm": "제 14 기",
        "thstrm_dt": "2024.12.31 현재",
        "thstrm_amount": "7,541,152,000",
        "frmtrm_nm": "제 13 기",
        "frmtrm_dt": "2023.12.31 현재",
        "frmtrm_amount": "7,541,152,000",
        "bfefrmtrm_nm": "제 12 기",
        "bfefrmtrm_dt": "2022.12.31 현재",
        "bfefrmtrm_amount": "7,541,152,000",
        "ord": "15",
        "currency": "KRW"
    },
    {
        "rcept_no": "20250319000342",
        "reprt_code": "11011",
        "bsns_year": "2024",
        "corp_code": "00874803",
        "stock_code": "211270",
        "fs_div": "OFS",
        "fs_nm": "재무제표",
        "sj_div": "BS",
        "sj_nm": "재무상태표",
        "account_nm": "이익잉여금",
        "thstrm_nm": "제 14 기",
        "thstrm_dt": "2024.12.31 현재",
        "thstrm_amount": "42,502,592,573",
        "frmtrm_nm": "제 13 기",
        "frmtrm_dt": "2023.12.31 현재",
        "frmtrm_amount": "33,408,946,957",
        "bfefrmtrm_nm": "제 12 기",
        "bfefrmtrm_dt": "2022.12.31 현재",
        "bfefrmtrm_amount": "24,024,828,223",
        "ord": "19",
        "currency": "KRW"
    },
    {
        "rcept_no": "20250319000342",
        "reprt_code": "11011",
        "bsns_year": "2024",
        "corp_code": "00874803",
        "stock_code": "211270",
        "fs_div": "OFS",
        "fs_nm": "재무제표",
        "sj_div": "BS",
        "sj_nm": "재무상태표",
        "account_nm": "자본총계",
        "thstrm_nm": "제 14 기",
        "thstrm_dt": "2024.12.31 현재",
        "thstrm_amount": "105,220,711,236",
        "frmtrm_nm": "제 13 기",
        "frmtrm_dt": "2023.12.31 현재",
        "frmtrm_amount": "95,077,662,865",
        "bfefrmtrm_nm": "제 12 기",
        "bfefrmtrm_dt": "2022.12.31 현재",
        "bfefrmtrm_amount": "85,351,038,402",
        "ord": "22",
        "currency": "KRW"
    }
]