[
    {
        "rcept_no": "20230317000964",
        "reprt_code": "11011",
        "bsns_year": "2022",
        "corp_code": "00874803",
        "stock_code": "211270",
        "fs_div": "OFS",
        "fs_nm": "재무제표",
        "sj_div": "BS",
        "sj_nm": "재무상태표",
        "account_nm": "유동자산",
        "thstrm_nm": "제 12 기",
        "thstrm_dt": "2022.12.31 현재",
        "thstrm_amount": "98,071,393,389",
        "frmtrm_nm": "제 11 기",
        "frmtrm_dt": "2021.12.31 현재",
        "frmtrm_amount": "100,773,902,803",
        "bfefrmtrm_nm": "제 10 기",
        "bfefrmtrm_dt": "2020.12.31 현재",
        "bfefrmtrm_amount": "101,359,775,070",
        "ord": "2",
        "currency": "KRW"
    },
    {
        "rcept_no": "20230317000964",
        "reprt_code": "11011",
        "bsns_year": "2022",
        "corp_code": "00874803",
        "stock_code": "211270",
        "fs_div": "OFS",
        "fs_nm": "재무제표",
        "sj_div": "BS",
        "sj_nm": "재무상태표",
        "account_nm": "비유동자산",
        "thstrm_nm": "제 12 기",
        "thstrm_dt": "2022.12.31 현재",
        "thstrm_amount": "11,227,990,990",
        "frmtrm_nm": "제 11 기",
        "frmtrm_dt": "2021.12.31 현재",
        "frmtrm_amount": "10,414,260,481",
        "bfefrmtrm_nm": "제 10 기",
        "bfefrmtrm_dt": "2020.12.31 현재",
        "bfefrmtrm_amount": "11,387,642,563",
        "ord": "4",
        "currency": "KRW"
    },
    {
        "rcept_no": "20230317000964",
        "reprt_code": "11011",
        "bsns_year": "2022",
        "corp_code": "00874803",
        "stock_code": "211270",
        "fs_div": "OFS",
        "fs_nm": "재무제표",
        "sj_div": "BS",
        "sj_nm": "재무상태표",
        "account_nm": "자산총계",
        "thstrm_nm": "제 12 기",
        "thstrm_dt": "2022.12.31 현재",
        "thstrm_amount": "109,299,384,379",
        "frmtrm_nm": "제 11 기",
        "frmtrm_dt": "2021.12.31 현재",
        "frmtrm_amount": "111,188,163,284",
        "bfefrmtrm_nm": "제 10 기",
        "bfefrmtrm_dt": "2020.12.31 현재",
        "bfefrmtrm_amount": "112,747,417,633",
        "ord": "6",
        "currency": "KRW"
    },
    {
        "rcept_no": "20230317000964",
        "reprt_code": "11011",
        "bsns_year": "2022",
        "corp_code": "00874803",
        "stock_code": "211270",
        "fs_div": "OFS",
        "fs_nm": "재무제표",
        "sj_div": "BS",
        "sj_nm": "재무상태표",
        "account_nm": "유동부채",
        "thstrm_nm": "제 12 기",
        "thstrm_dt": "2022.12.31 현재",
        "thstrm_amount": "23,802,341,170",
        "frmtrm_nm": "제 11 기",
        "frmtrm_dt": "2021.12.31 현재",
        "frmtrm_amount": "29,627,992,890",
        "bfefrmtrm_nm": "제 10 기",
        "bfefrmtrm_dt": "2020.12.31 현재",
        "bfefrmtrm_amount": "31,643,569,697",
        "ord": "8",
        "currency": "KRW"
    },
    {
        "rcept_no": "20230317000964",
        "reprt_code": "11011",
        "bsns_year": "2022",
        "corp_code": "00874803",
        "stock_code": "211270",
        "fs_div": "OFS",
        "fs_nm": "재무제표",
        "sj_div": "BS",
        "sj_nm": "재무상태표",
        "account_nm": "비유동부채",
        "thstrm_nm": "제 12 기",
        "thstrm_dt": "2022.12.31 현재",
        "thstrm_amount": "146,004,807",
        "frmtrm_nm": "제 11 기",
        "frmtrm_dt": "2021.12.31 현재",
        "frmtrm_amount": "455,396,042",
        "bfefrmtrm_nm": "제 10 기",
        "bfefrmtrm_dt": "2020.12.31 현재",
        "bfefrmtrm_amount": "1,202,943,080",
        "ord": "10",
        "currency": "KRW"
    },
    {
        "rcept_no": "20230317000964",
        "reprt_code": "11011",
        "bsns_year": "2022",
        "corp_code": "00874803",
        "stock_code": "211270",
        "fs_div": "OFS",
        "fs_nm": "재무제표",
        "sj_div": "BS",
        "sj_nm": "재무상태표",
        "account_nm": "부채총계",
        "thstrm_nm": "제 12 기",
        "thstrm_dt": "2022.12.31 현재",
        "thstrm_amount": "23,948,345,977",
        "frmtrm_nm": "제 11 기",
        "frmtrm_dt": "2021.12.31 현재",
        "frmtrm_amount": "30,083,388,932",
        "bfefrmtrm_nm": "제 10 기",
        "bfefrmtrm_dt": "2020.12.31 현재",
        "bfefrmtrm_amount": "32,846,512,777",
        "ord": "12",
        "currency": "KRW"
    },
    {
        "rcept_no": "20230317000964",
        "reprt_code": "11011",
        "bsns_year": "2022",
        "corp_code": "00874803",
        "stock_code": "211270",
        "fs_div": "OFS",
        "fs_nm": "재무제표",
        "sj_div": "BS",
        "sj_nm": "재무상태표",
        "account_nm": "자본금",
        "thstrm_nm": "제 12 기",
        "thstrm_dt": "2022.12.31 현재",
        "thstrm_amount": "7,541,152,000",
        "frmtrm_nm": "제 11 기",
        "frmtrm_dt": "2021.12.31 현재",
        "frmtrm_amount": "7,541,152,000",
        "bfefrmtrm_nm": "제 10 기",
        "bfefrmtrm_dt": "2020.12.31 현재",
        "bfefrmtrm_amount": "7,507,402,000",
        "ord": "15",
        "currency": "KRW"
    },
    {
        "rcept_no": "20230317000964",
        "reprt_code": "11011",
        "bsns_year": "2022",
        "corp_code": "00874803",
        "stock_code": "211270",
        "fs_div": "OFS",
        "fs_nm": "재무제표",
        "sj_div": "BS",
        "sj_nm": "재무상태표",
        "account_nm": "이익잉여금",
        "thstrm_nm": "제 12 기",
        "thstrm_dt": "2022.12.31 현재",
        "thstrm_amount": "24,024,828,223",
        "frmtrm_nm": "제 11 기",
        "frmtrm_dt": "2021.12.31 현재",
        "frmtrm_amount": "20,303,504,099",
        "bfefrmtrm_nm": "제 10 기",
        "bfefrmtrm_dt": "2020.12.31 현재",
        "bfefrmtrm_amount": "20,072,763,503",
        "ord": "19",
        "currency": "KRW"
    },
    {
        "rcept_no": "20230317000964",
        "reprt_code": "11011",
        "bsns_year": "2022",
        "corp_code": "00874803",
        "stock_code": "211270",
        "fs_div": "OFS",
        "fs_nm": "재무제표",
        "sj_div": "BS",
        "sj_nm": "재무상태표",
        "account_nm": "자본총계",
        "thstrm_nm": "제 12 기",
        "thstrm_dt": "2022.12.31 현재",
        "thstrm_amount": "85,351,038,402",
        "frmtrm_nm": "제 11 기",
        "frmtrm_dt": "2021.12.31 현재",
        "frmtrm_amount": "81,104,774,352",
        "bfefrmtrm_nm": "제 10 기",
        "bfefrmtrm_dt": "2020.12.31 현재",
        "bfefrmtrm_amount": "79,900,904,856",
        "ord": "22",
        "currency": "KRW"
    }
]