{
    "2024": {
        "EPS": 0.0,
        "BPS": 30.99,
        "ROE(%)": 0.0,
        "ROA(%)": 0.0,
        "부채비율(%)": 6.02,
        "유동비율(%)": 905.24,
        "영업이익률(%)": 0.0,
        "순이익률(%)": 0.0
    },
    "2023": {
        "EPS": 1.39,
        "BPS": 30.96,
        "ROE(%)": 4.48,
        "ROA(%)": 4.24,
        "부채비율(%)": 5.77,
        "유동비율(%)": 977.59,
        "영업이익률(%)": 3.64,
        "순이익률(%)": 13.36
    },
    "2022": {
        "EPS": 0.0,
        "BPS": 29.51,
        "ROE(%)": 0.0,
        "ROA(%)": 0.0,
        "부채비율(%)": 6.19,
        "유동비율(%)": 837.93,
        "영업이익률(%)": 0.99,
        "순이익률(%)": 0.0
    }
}