{
    "2024": {
        "EPS": 5.52,
        "BPS": 191.69,
        "ROE(%)": 2.88,
        "ROA(%)": 2.69,
        "부채비율(%)": 6.81,
        "유동비율(%)": 776.02,
        "영업이익률(%)": 14.67,
        "순이익률(%)": 8.78
    },
    "2023": {
        "EPS": 0.0,
        "BPS": 185.43,
        "ROE(%)": 0.0,
        "ROA(%)": 0.0,
        "부채비율(%)": 4.49,
        "유동비율(%)": 1438.2,
        "영업이익률(%)": 0.0,
        "순이익률(%)": 0.0
    },
    "2022": {
        "EPS": 43.68,
        "BPS": 191.74,
        "ROE(%)": 22.78,
        "ROA(%)": 20.15,
        "부채비율(%)": 13.05,
        "유동비율(%)": 657.83,
        "영업이익률(%)": 12.34,
        "순이익률(%)": 81.94
    }
}