{
    "2024": {
        "EPS": 4.16,
        "BPS": 58.95,
        "ROE(%)": 7.05,
        "ROA(%)": 5.26,
        "부채비율(%)": 34.0,
        "유동비율(%)": 351.1,
        "영업이익률(%)": 10.14,
        "순이익률(%)": 8.57
    },
    "2023": {
        "EPS": 4.54,
        "BPS": 54.92,
        "ROE(%)": 8.27,
        "ROA(%)": 6.29,
        "부채비율(%)": 31.36,
        "유동비율(%)": 452.53,
        "영업이익률(%)": 12.97,
        "순이익률(%)": 9.51
    },
    "2022": {
        "EPS": 0.0,
        "BPS": 0.0,
        "ROE(%)": "--",
        "ROA(%)": "--",
        "부채비율(%)": "--",
        "유동비율(%)": "--",
        "영업이익률(%)": "--",
        "순이익률(%)": "--"
    }
}